town,zip,sold_price,units,price_per_unit,sqft,price_per_sqft,gross_annual_income,grm,noi_reported,cap_rate_pct,sold_date,days_on_market,year_built,annual_taxes,sale_to_list_pct,unit_mix
Quincy,2170,1390000.0,2.0,695000.0,2652,524.13,23976.0,57.97,23976.0,1.72,2025-04-30,37,2024,999.0,92.05,2x 2BR
Boston,2134,1975000.0,2.0,987500.0,3959,498.86,145800.0,13.55,145800.0,7.38,2025-04-30,28,1885,18220.0,96.39,"1x 4BR, 1x 6BR"
Fall River,2721,480000.0,2.0,240000.0,2990,160.54,,,,,2025-04-30,21,1921,4040.0,111.63,"1x 2BR, 1x 3BR"
Boston,2122,955000.0,2.0,477500.0,2250,424.44,,,,,2025-04-30,22,1935,8272.0,109.14,"1x 2BR, 1x 3BR"
Worcester,1604,610000.0,2.0,305000.0,2340,260.68,,,,,2025-04-30,48,1909,5608.0,91.04,2x 2BR
Springfield,1109,345000.0,2.0,172500.0,3423,100.79,46800.0,7.37,46800.0,13.57,2025-04-30,69,1922,4975.0,98.6,"1x 3BR, 1x 5BR"
Somerville,2145,1170000.0,2.0,585000.0,2764,423.3,,,,,2025-04-30,14,1900,9200.0,101.74,"1x 2BR, 1x 4BR"
Fall River,2721,785000.0,3.0,261666.67,3410,230.21,38400.0,20.44,38400.0,4.89,2025-04-30,27,1900,6035.0,103.3,3x 2BR
Belmont,2478,1200000.0,2.0,600000.0,2477,484.46,,,,,2025-04-30,12,1925,13759.0,100.0,2x 2BR
Somerville,2143,1605000.0,3.0,535000.0,3200,501.56,108000.0,14.86,108000.0,6.73,2025-04-30,25,1910,12326.0,97.27,3x 2BR
Worcester,1604,530000.0,2.0,265000.0,1632,324.75,38400.0,13.8,38400.0,7.25,2025-04-30,36,1915,4472.0,96.54,2x 3BR
Chelsea,2150,750000.0,2.0,375000.0,2147,349.32,,,,,2025-04-30,20,1840,6167.0,107.16,"1x 1BR, 1x 4BR"
Haverhill,1830,420000.0,2.0,210000.0,2011,208.85,,,,,2025-04-30,20,1900,4755.0,105.03,"1x 2BR, 1x 3BR"
Lawrence,1841,720000.0,2.0,360000.0,2232,322.58,,,,,2025-04-30,22,1900,4460.0,102.87,"1x 2BR, 1x 4BR"
Northbridge,1588,1650000.0,6.0,275000.0,7581,217.65,149544.0,11.03,114699.0,6.95,2025-04-30,18,1910,10960.0,103.13,5x 4BR
Chicopee,1020,450000.0,3.0,150000.0,3368,133.61,36000.0,12.5,36000.0,8.0,2025-04-30,10,1892,4791.0,112.64,"1x 1BR, 2x 2BR"
Worcester,1604,440000.0,2.0,220000.0,1638,268.62,18000.0,24.44,18000.0,4.09,2025-04-30,41,1905,4162.0,97.8,2x 1BR
Watertown,2472,1000000.0,2.0,500000.0,2938,340.37,,,,,2025-04-30,19,1890,7680.0,100.01,"1x 1BR, 1x 4BR"
Boston,2127,1925000.0,2.0,962500.0,3285,586.0,,,,,2025-04-30,24,1875,19425.79,98.77,2x 3BR
Brockton,2301,945000.0,5.0,189000.0,4016,235.31,105600.0,8.95,91574.0,9.69,2025-04-30,28,1905,9318.0,100.0,"4x 1BR, 1x 2BR"
Haverhill,1832,865000.0,2.0,432500.0,3972,217.77,,,,,2025-04-30,20,1900,7911.0,111.04,"1x 3BR, 1x 4BR"
Somerville,2144,1515000.0,2.0,757500.0,2920,518.84,60000.0,25.25,60000.0,3.96,2025-04-30,14,1920,12509.0,95.28,"1x 2BR, 1x 3BR"
Methuen,1844,655000.0,2.0,327500.0,2508,261.16,16200.0,40.43,16200.0,2.47,2025-04-30,17,1930,8256.0,109.17,2x 2BR
Fall River,2720,500000.0,2.0,250000.0,3243,154.18,,,,,2025-04-30,52,1845,4004.0,100.2,"1x 2BR, 1x 3BR"
Westport,2790,629000.0,4.0,157250.0,3588,175.31,34800.0,18.07,23900.0,3.8,2025-04-30,15,1825,4156.0,104.83,"2x 1BR, 2x 2BR"
Millis,2054,650000.0,2.0,325000.0,2300,282.61,,,,,2025-04-30,24,1850,7801.0,98.63,"1x 1BR, 1x 3BR"
Methuen,1844,760000.0,2.0,380000.0,1940,391.75,48000.0,15.83,48000.0,6.32,2025-04-30,22,1900,6389.0,101.33,"1x 2BR, 1x 4BR"
Lynn,1905,890000.0,2.0,445000.0,1934,460.19,,,,,2025-04-30,26,1920,6808.0,101.14,"1x 1BR, 1x 3BR"
Boston,2135,1550000.0,3.0,516666.67,3492,443.87,106000.0,14.62,86234.0,5.56,2025-04-30,21,1916,13896.0,94.0,3x 3BR
New Bedford,2740,640000.0,2.0,320000.0,2336,273.97,,,,,2025-04-30,24,1921,3493.0,98.46,2x 3BR
Attleboro,2703,550000.0,2.0,275000.0,1892,290.7,,,,,2025-04-30,21,1940,6592.0,100.0,2x 2BR
Boston,2119,945000.0,2.0,472500.0,2756,342.89,79200.0,11.93,79200.0,8.38,2025-04-30,35,1905,9217.0,95.94,"1x 2BR, 1x 4BR"
New Bedford,2744,700000.0,3.0,233333.33,3915,178.8,,,,,2025-04-30,7,1897,5160.0,107.71,3x 4BR
Leominster,1453,882000.0,4.0,220500.0,3720,237.1,,,,,2025-04-30,7,1987,7094.0,100.23,4x 2BR
Watertown,2472,1000000.0,2.0,500000.0,2016,496.03,48000.0,20.83,48000.0,4.8,2025-04-30,46,1935,10257.0,100.1,2x 2BR
Clinton,1510,265000.0,2.0,132500.0,1106,239.6,,,,,2025-04-30,21,1882,3717.0,93.97,"1x 1BR, 1x 2BR"
New Bedford,2746,655000.0,3.0,218333.33,2851,229.74,32400.0,20.22,32400.0,4.95,2025-04-30,37,1892,6655.0,103.15,3x 3BR
Westport,2790,647000.0,2.0,323500.0,2112,306.34,,,,,2025-04-30,34,1959,4082.0,99.55,"1x 2BR, 1x 3BR"
Chelmsford,1824,850000.0,2.0,425000.0,2442,348.08,27000.0,31.48,27000.0,3.18,2025-04-30,86,1700,7014.0,103.67,"1x 2BR, 1x 5BR"
Oxford,1540,400000.0,3.0,133333.33,1569,254.94,24900.0,16.06,22500.0,5.62,2025-04-30,16,1948,4191.0,101.27,"2x 1BR, 1x 2BR"
Randolph,2368,950000.0,1.0,950000.0,2922,325.12,31200.0,30.45,31200.0,3.28,2025-04-30,34,1868,8071.0,95.1,2x 3BR
New Bedford,2744,715000.0,3.0,238333.33,4098,174.48,,,,,2025-04-30,7,1910,5347.0,103.64,3x 4BR
Boston,2135,1160000.0,2.0,580000.0,2919,397.4,28800.0,40.28,28800.0,2.48,2025-04-30,55,1930,11615.0,100.87,"1x 2BR, 1x 3BR"
Marlborough,1752,760000.0,2.0,380000.0,2624,289.63,53400.0,14.23,53400.0,7.03,2025-04-30,19,1890,5844.0,105.57,"1x 2BR, 1x 4BR"
North Adams,1247,140000.0,2.0,70000.0,3165,44.23,,,,,2025-04-30,95,1900,2403.0,82.84,2x 4BR
Springfield,1104,390000.0,2.0,195000.0,2744,142.13,12000.0,32.5,12000.0,3.08,2025-04-30,25,1923,4021.0,108.36,"1x 1BR, 2x 2BR"
Brockton,2302,785000.0,2.0,392500.0,2498,314.25,20400.0,38.48,20400.0,2.6,2025-04-30,25,1895,7380.0,102.08,"1x 2BR, 1x 4BR"
Revere,2151,940000.0,2.0,470000.0,3081,305.1,,,,,2025-04-30,19,1870,6628.0,110.59,"1x 2BR, 1x 3BR"
Lowell,1854,840000.0,2.0,420000.0,4183,200.81,62400.0,13.46,46527.0,5.54,2025-04-30,21,1870,9842.0,100.01,"1x 2BR, 1x 3BR"
New Bedford,2740,690000.0,4.0,172500.0,4855,142.12,66600.0,10.36,66600.0,9.65,2025-04-30,33,1900,5530.0,115.02,"1x 2BR, 3x 3BR"
Boston,2128,1325000.0,3.0,441666.67,4277,309.8,98400.0,13.47,98400.0,7.43,2025-04-30,4,1905,12143.0,101.92,3x 3BR
Essex,1929,4750000.0,4.0,1187500.0,8453,561.93,,,,,2025-04-30,162,1925,60352.0,89.62,2x 0BR
Somerville,2145,2100000.0,3.0,700000.0,4176,502.87,120000.0,17.5,98000.0,4.67,2025-04-30,19,1885,14905.0,100.0,"1x 3BR, 2x 4BR"
New Bedford,2745,540000.0,2.0,270000.0,4920,109.76,13200.0,40.91,13200.0,2.44,2025-04-30,21,1923,4842.9,108.02,2x 3BR
Marlborough,1752,715000.0,2.0,357500.0,2384,299.92,55200.0,12.95,55200.0,7.72,2025-04-30,6,1900,5484.0,102.16,2x 3BR
Fall River,2720,820000.0,3.0,273333.33,4850,169.07,,,,,2025-05-01,32,1900,6608.0,96.58,3x 3BR
Salem,1970,650000.0,2.0,325000.0,2594,250.58,,,,,2025-05-01,7,1915,7174.0,92.99,2x 3BR
Waltham,2452,1120000.0,2.0,560000.0,2800,400.0,63600.0,17.61,63600.0,5.68,2025-05-01,21,1927,5458.0,102.28,2x 3BR
Springfield,1104,444000.0,2.0,222000.0,2932,151.43,40800.0,10.88,40800.0,9.19,2025-05-01,20,1923,5557.0,111.28,"1x 3BR, 1x 5BR"
Lowell,1852,800000.0,3.0,266666.67,3373,237.18,19200.0,41.67,19200.0,2.4,2025-05-01,21,1920,8133.0,100.0,"1x 2BR, 2x 3BR"
Watertown,2472,1700000.0,2.0,850000.0,4400,386.36,45600.0,37.28,45600.0,2.68,2025-05-01,9,1885,11787.0,93.15,2x 5BR
Boston,2131,1125000.0,2.0,562500.0,2628,428.08,55800.0,20.16,55800.0,4.96,2025-05-01,12,1920,9873.0,102.74,"1x 2BR, 1x 4BR"
Lowell,1852,635000.0,2.0,317500.0,2961,214.45,37200.0,17.07,33700.0,5.31,2025-05-01,29,1930,6285.0,105.83,"1x 2BR, 1x 4BR"
Weymouth,2189,850000.0,2.0,425000.0,2160,393.52,69000.0,12.32,69000.0,8.12,2025-05-01,21,1910,5589.0,107.6,"1x 2BR, 1x 3BR"
Salem,1970,800000.0,2.0,400000.0,1960,408.16,30600.0,26.14,30600.0,3.82,2025-05-01,7,1870,6162.0,106.68,"1x 2BR, 1x 3BR"
Lynn,1902,815000.0,3.0,271666.67,2462,331.03,71700.0,11.37,71700.0,8.8,2025-05-01,33,1900,8182.0,95.89,3x 2BR
Boston,2119,812500.0,2.0,406250.0,2094,388.01,,,,,2025-05-01,27,1910,8352.0,96.74,"1x 2BR, 1x 3BR"
Fall River,2724,565000.0,2.0,282500.0,4650,121.51,48000.0,11.77,48000.0,8.5,2025-05-01,23,1925,5508.0,102.73,2x 3BR
Uxbridge,1569,400000.0,2.0,200000.0,2002,199.8,,,,,2025-05-01,140,1880,5089.0,100.0,"1x 2BR, 1x 3BR"
New Bedford,2740,560000.0,2.0,280000.0,2577,217.31,14400.0,38.89,14400.0,2.57,2025-05-01,19,1925,4180.0,105.66,2x 2BR
Springfield,1108,460000.0,2.0,230000.0,3376,136.26,53100.0,8.66,53100.0,11.54,2025-05-01,19,2013,4985.0,100.22,"1x 3BR, 1x 5BR"
Boston,2124,1220000.0,2.0,610000.0,4213,289.58,123600.0,9.87,123600.0,10.13,2025-05-01,7,1940,11254.0,93.85,"1x 2BR, 1x 4BR, 1x 5BR"
Watertown,2472,1150000.0,2.0,575000.0,2811,409.11,,,,,2025-05-01,26,1928,10815.0,116.28,"1x 2BR, 1x 3BR"
Boston,2122,1000000.0,2.0,500000.0,3046,328.3,,,,,2025-05-01,11,1910,8598.0,90.91,"1x 2BR, 1x 4BR"
New Bedford,2744,330000.0,2.0,165000.0,1603,205.86,8400.0,39.29,8400.0,2.55,2025-05-01,6,1892,3022.0,100.03,2x 2BR
Auburn,1501,485000.0,2.0,242500.0,1598,303.5,43200.0,11.23,43200.0,8.91,2025-05-01,6,1960,5031.51,97.02,2x 2BR
Framingham,1702,735000.0,2.0,367500.0,2650,277.36,48000.0,15.31,48000.0,6.53,2025-05-01,78,1932,5811.0,98.0,"1x 2BR, 1x 4BR"
Revere,2151,999000.0,2.0,499500.0,2304,433.59,,,,,2025-05-01,20,1960,5019.0,100.0,"1x 2BR, 1x 3BR"
Lynn,1905,850000.0,2.0,425000.0,2825,300.88,21600.0,39.35,21600.0,2.54,2025-05-01,28,1925,7390.0,110.4,"1x 2BR, 1x 3BR"
Chicopee,1013,485000.0,3.0,161666.67,2399,202.17,55200.0,8.79,55200.0,11.38,2025-05-01,9,1910,5803.0,101.06,"2x 2BR, 1x 3BR"
Boston,2128,920000.0,2.0,460000.0,2248,409.25,25200.0,36.51,25200.0,2.74,2025-05-02,13,1900,7895.0,105.76,2x 2BR
Boston,2124,1200000.0,2.0,600000.0,2480,483.87,,,,,2025-05-02,8,1935,9782.0,109.09,"1x 2BR, 1x 3BR"
Springfield,1109,385000.0,2.0,192500.0,3075,125.2,12000.0,32.08,12000.0,3.12,2025-05-02,61,1911,2685.0,102.67,"1x 3BR, 1x 6BR"
Gardner,1440,442000.0,2.0,221000.0,1632,270.83,39600.0,11.16,39600.0,8.96,2025-05-02,4,1922,3956.0,96.11,2x 2BR
Fall River,2724,525000.0,2.0,262500.0,1872,280.45,43200.0,12.15,43200.0,8.23,2025-05-02,19,1900,4170.0,109.4,2x 2BR
Holyoke,1040,425000.0,2.0,212500.0,3434,123.76,18000.0,23.61,18000.0,4.24,2025-05-02,21,1890,3614.0,113.33,2x 3BR
Fall River,2724,750000.0,3.0,250000.0,4617,162.44,23280.0,32.22,23280.0,3.1,2025-05-02,146,1900,6700.0,97.42,3x 3BR
Boston,2121,1105000.0,3.0,368333.33,3970,278.34,113952.0,9.7,95813.0,8.67,2025-05-02,36,1900,11139.0,92.16,"1x 2BR, 1x 3BR, 1x 4BR"
Newton,2468,1575000.0,2.0,787500.0,2854,551.86,32640.0,48.25,32640.0,2.07,2025-05-02,45,1925,15043.0,98.5,2x 2BR
North Adams,1247,245000.0,2.0,122500.0,2590,94.59,21600.0,11.34,21600.0,8.82,2025-05-02,14,1870,3603.0,100.0,2x 2BR
Southbridge,1550,470000.0,3.0,156666.67,3904,120.39,54960.0,8.55,54960.0,11.69,2025-05-02,6,1880,5075.0,104.47,"1x 2BR, 2x 3BR"
Quincy,2169,730000.0,2.0,365000.0,1681,434.27,45900.0,15.9,34808.0,4.77,2025-05-02,24,1925,6896.0,104.29,"1x 1BR, 1x 2BR"
Boston,2119,1100000.0,3.0,366666.67,4984,220.71,,,,,2025-05-02,135,1905,8380.0,105.97,2x 3BR
Boston,2131,1050000.0,2.0,525000.0,2300,456.52,72000.0,14.58,72000.0,6.86,2025-05-02,12,1915,9376.0,100.0,"1x 2BR, 1x 3BR"
Boston,2124,1375000.0,3.0,458333.33,3408,403.46,103080.0,13.34,103080.0,7.5,2025-05-02,21,1905,9335.0,105.77,3x 3BR
Brockton,2301,865000.0,2.0,432500.0,3360,257.44,,,,,2025-05-02,42,1895,7682.0,101.79,"1x 3BR, 1x 5BR"
New Bedford,2744,547000.0,2.0,273500.0,2458,222.54,,,,,2025-05-02,24,1913,5394.0,109.44,2x 2BR
Marlborough,1752,750000.0,2.0,375000.0,2274,329.82,22800.0,32.89,22800.0,3.04,2025-05-02,22,1875,5654.0,111.94,2x 2BR
Cambridge,2138,1850000.0,2.0,925000.0,2016,917.66,86400.0,21.41,86400.0,4.67,2025-05-02,9,1962,5173.69,97.37,2x 2BR
Taunton,2780,520000.0,4.0,130000.0,3729,139.45,,,,,2025-05-02,17,1900,6172.0,104.0,"1x 1BR, 3x 2BR"
Fall River,2720,705000.0,2.0,352500.0,2560,275.39,49000.0,14.39,49000.0,6.95,2025-05-02,4,1900,5270.0,119.69,2x 3BR
Framingham,1702,1130000.0,2.0,565000.0,2410,468.88,120000.0,9.42,,,2025-05-02,102,1914,7395.0,98.35,2x 3BR
Natick,1760,850000.0,2.0,425000.0,2459,345.67,48600.0,17.49,48600.0,5.72,2025-05-02,2,1860,8215.0,108.97,"1x 3BR, 1x 4BR"
Arlington,2474,4650000.0,12.0,387500.0,10437,445.53,302280.0,15.38,228835.0,4.92,2025-05-02,14,1964,28140.0,103.33,2x 2BR
New Bedford,2745,680000.0,3.0,226666.67,4269,159.29,14400.0,47.22,14400.0,2.12,2025-05-02,9,1910,6710.0,106.42,"1x 2BR, 2x 3BR"
New Bedford,2745,633000.0,2.0,316500.0,2698,234.62,22800.0,27.76,22800.0,3.6,2025-05-02,18,1924,4654.0,97.53,2x 3BR
Woburn,1801,1450000.0,4.0,362500.0,4126,351.43,91200.0,15.9,91200.0,6.29,2025-05-05,22,1920,6012.0,95.08,"1x 1BR, 1x 2BR, 2x 3BR"
Fall River,2721,595000.0,2.0,297500.0,2069,287.58,25200.0,23.61,25200.0,4.24,2025-05-05,5,1930,3859.0,119.24,2x 2BR
New Bedford,2740,640000.0,2.0,320000.0,2102,304.47,42000.0,15.24,42000.0,6.56,2025-05-05,26,1962,6696.0,91.56,2x 2BR
Agawam,1030,450000.0,2.0,225000.0,1824,246.71,20640.0,21.8,20640.0,4.59,2025-05-05,4,1976,4215.0,94.74,2x 2BR
Somerville,2144,2001000.0,3.0,667000.0,3488,573.68,,,,,2025-05-05,18,1905,12176.0,100.3,"1x 1BR, 2x 2BR"
Watertown,2472,875000.0,2.0,437500.0,2336,374.57,,,,,2025-05-05,23,1920,10746.0,87.59,"1x 2BR, 1x 3BR"
Fitchburg,1420,500000.0,2.0,250000.0,2378,210.26,38400.0,13.02,38400.0,7.68,2025-05-05,14,1900,5589.0,125.03,2x 2BR
Springfield,1109,430000.0,2.0,215000.0,4120,104.37,24000.0,17.92,24000.0,5.58,2025-05-05,96,1917,4922.0,100.02,2x 5BR
Boston,2121,595000.0,2.0,297500.0,4141,143.69,,,,,2025-05-05,20,1905,3479.0,108.18,2x 0BR
New Bedford,2740,670000.0,3.0,223333.33,3360,199.4,,,,,2025-05-05,13,1914,5208.0,103.09,3x 3BR
Malden,2148,1065000.0,2.0,532500.0,2376,448.23,,,,,2025-05-05,27,1920,8924.0,96.91,"1x 1BR, 1x 3BR"
North Reading,1864,820000.0,2.0,410000.0,2672,306.89,72000.0,11.39,72000.0,8.78,2025-05-05,17,1925,8571.0,102.51,"1x 2BR, 1x 4BR"
Medford,2155,1110000.0,2.0,555000.0,4277,259.53,,,,,2025-05-05,15,1900,7998.0,100.91,"1x 3BR, 1x 4BR"
Lynn,1902,2300000.0,12.0,191666.67,10386,221.45,273000.0,8.42,184398.0,8.02,2025-05-05,26,1890,14372.0,94.85,2x 1BR
Yarmouth,2673,640000.0,2.0,320000.0,1480,432.43,46500.0,13.76,46500.0,7.27,2025-05-06,23,1960,2756.0,91.56,2x 2BR
Brookline,2445,2130000.0,3.0,710000.0,4566,466.49,,,,,2025-05-06,19,1920,18914.0,92.61,3x 3BR
Boston,2135,1050000.0,2.0,525000.0,2288,458.92,67200.0,15.62,67200.0,6.4,2025-05-06,10,1920,10933.0,100.0,"1x 2BR, 1x 3BR"
Peabody,1960,700000.0,2.0,350000.0,1770,395.48,22200.0,31.53,22200.0,3.17,2025-05-06,14,1869,5581.0,107.69,2x 2BR
Holyoke,1040,345000.0,2.0,172500.0,2606,132.39,39000.0,8.85,39000.0,11.3,2025-05-06,8,1910,2266.0,115.04,"1x 2BR, 1x 4BR"
Milford,1757,710000.0,2.0,355000.0,3312,214.37,,,,,2025-05-06,14,1870,8288.0,98.61,"1x 3BR, 1x 6BR"
Boston,2130,2850000.0,4.0,712500.0,5312,536.52,216540.0,13.16,173868.0,6.1,2025-05-06,6,1900,19599.93,92.68,"1x 3BR, 3x 4BR"
Brockton,2302,679000.0,2.0,339500.0,2126,319.38,,,,,2025-05-06,25,1900,6762.0,99.87,2x 2BR
New Bedford,2740,445000.0,2.0,222500.0,1970,225.89,,,,,2025-05-06,20,1930,4489.0,103.51,2x 2BR
Southbridge,1550,1152000.0,6.0,192000.0,6390,180.28,122403.0,9.41,82036.0,7.12,2025-05-06,25,1890,8793.0,100.17,2x 3BR
Shirley,1464,310000.0,2.0,155000.0,1266,244.87,13200.0,23.48,13200.0,4.26,2025-05-06,72,1948,5108.0,77.52,"1x 2BR, 1x 3BR"
Salem,1970,3830000.0,12.0,319166.67,13472,284.29,360912.0,10.61,251198.0,6.56,2025-05-06,11,1915,28941.0,103.51,2x 3BR
Auburn,1501,545000.0,2.0,272500.0,2204,247.28,,,,,2025-05-06,47,1983,8119.0,91.6,"1x 1BR, 1x 3BR"
Adams,1220,220000.0,4.0,55000.0,3160,69.62,33600.0,6.55,33600.0,15.27,2025-05-07,16,1900,4055.0,78.85,4x 2BR
Westfield,1085,426000.0,2.0,213000.0,2050,207.8,,,,,2025-05-07,5,1810,3712.0,106.5,2x 3BR
Boston,2128,1175000.0,3.0,391666.67,3300,356.06,82800.0,14.19,82800.0,7.05,2025-05-07,27,1910,11773.0,94.0,"1x 2BR, 2x 3BR"
Lynn,1902,900000.0,2.0,450000.0,2400,375.0,28752.0,31.3,28752.0,3.19,2025-05-07,21,1880,6715.0,105.89,"1x 2BR, 1x 5BR"
Medford,2155,1205000.0,2.0,602500.0,2540,474.41,,,,,2025-05-07,12,1910,7216.0,109.55,"1x 2BR, 1x 3BR"
Brockton,2301,1200000.0,3.0,400000.0,3984,301.2,138000.0,8.7,138000.0,11.5,2025-05-07,7,1900,3933.0,106.68,"1x 3BR, 2x 4BR"
Fitchburg,1420,670000.0,2.0,335000.0,2904,230.72,,,,,2025-05-07,21,1900,4842.0,103.09,2x 4BR
Northampton,1062,450000.0,2.0,225000.0,1944,231.48,19800.0,22.73,19800.0,4.4,2025-05-07,8,1900,5045.0,112.53,2x 2BR
Lawrence,1841,735000.0,2.0,367500.0,2017,364.4,,,,,2025-05-07,7,1888,5288.0,106.54,"1x 2BR, 1x 3BR"
Milford,1757,657000.0,3.0,219000.0,3284,200.06,13200.0,49.77,13200.0,2.01,2025-05-07,5,1927,7002.0,101.08,3x 2BR
Danvers,1923,530000.0,2.0,265000.0,2004,264.47,46200.0,11.47,46200.0,8.72,2025-05-07,74,1900,6556.0,88.48,2x 2BR
Lowell,1854,902500.0,14.0,64464.29,3368,267.96,124800.0,7.23,97826.0,10.84,2025-05-07,15,1870,4987.0,106.18,5x 1BR
Randolph,2368,850000.0,2.0,425000.0,2208,384.96,67200.0,12.65,65000.0,7.65,2025-05-07,5,1966,6926.0,106.26,2x 2BR
Malden,2148,955000.0,2.0,477500.0,1980,482.32,30000.0,31.83,30000.0,3.14,2025-05-08,134,1880,8045.0,91.04,2x 3BR
Hadley,1035,770000.0,2.0,385000.0,3330,231.23,68400.0,11.26,68400.0,8.88,2025-05-08,17,1795,6945.0,96.25,2x 3BR
Fitchburg,1420,475000.0,3.0,158333.33,2508,189.39,18000.0,26.39,18000.0,3.79,2025-05-08,16,1905,5472.0,100.0,"1x 2BR, 2x 3BR"
Gloucester,1930,790000.0,3.0,263333.33,2388,330.82,70800.0,11.16,60213.0,7.62,2025-05-08,6,1900,5864.08,98.87,"1x 1BR, 1x 2BR, 1x 3BR"
Worcester,1605,430000.0,3.0,143333.33,3891,110.51,10800.0,39.81,10800.0,2.51,2025-05-08,28,1909,5988.0,97.75,3x 3BR
Spencer,1562,375000.0,2.0,187500.0,1664,225.36,9600.0,39.06,9600.0,2.56,2025-05-08,13,1900,3052.0,107.14,"1x 1BR, 1x 2BR"
Lawrence,1843,810000.0,2.0,405000.0,3043,266.18,39600.0,20.45,39600.0,4.89,2025-05-08,13,1920,5805.0,115.73,"1x 1BR, 2x 2BR"
Taunton,2780,772000.0,4.0,193000.0,3535,218.39,46800.0,16.5,46800.0,6.06,2025-05-08,23,1926,6655.0,105.03,"2x 1BR, 1x 2BR, 1x 3BR"
Worcester,1605,427500.0,2.0,213750.0,2002,213.54,18000.0,23.75,37800.0,8.84,2025-05-08,25,1880,5233.0,93.96,2x 2BR
Winchendon,1475,320000.0,2.0,160000.0,2472,129.45,,,,,2025-05-08,12,1900,1890.0,101.59,2x 3BR
Boston,2128,1200000.0,3.0,400000.0,2200,545.45,100800.0,11.9,100800.0,8.4,2025-05-08,85,1910,99.0,97.96,3x 2BR
Springfield,1108,450000.0,2.0,225000.0,3194,140.89,,,,,2025-05-08,32,1908,5928.0,102.3,2x 4BR
Worcester,1604,650000.0,2.0,325000.0,2514,258.55,46800.0,13.89,46800.0,7.2,2025-05-08,19,1910,7425.0,104.0,"1x 2BR, 1x 3BR"
Quincy,2169,1260000.0,2.0,630000.0,3056,412.3,73200.0,17.21,57642.0,4.57,2025-05-08,14,1900,10954.0,105.89,2x 3BR
Framingham,1702,810000.0,2.0,405000.0,2400,337.5,52200.0,15.52,52200.0,6.44,2025-05-08,5,1985,7552.0,108.01,2x 3BR
Newton,2460,1725000.0,2.0,862500.0,2970,580.81,33600.0,51.34,33600.0,1.95,2025-05-08,18,1952,11957.0,108.15,2x 3BR
Lowell,1852,1000000.0,4.0,250000.0,6849,146.01,72000.0,13.89,72000.0,7.2,2025-05-08,10,1920,10925.0,104.17,"3x 2BR, 1x 3BR"
Somerville,2145,1156000.0,2.0,578000.0,2897,399.03,,,,,2025-05-08,6,1900,10374.0,128.59,"1x 3BR, 1x 5BR"
Grafton,1519,769000.0,3.0,256333.33,3250,236.62,74400.0,10.34,74400.0,9.67,2025-05-08,7,1880,7908.0,102.55,"2x 2BR, 1x 3BR"
Taunton,2780,450000.0,2.0,225000.0,2378,189.23,,,,,2025-05-08,14,1860,4525.0,95.77,2x 3BR
Medford,2155,1270000.0,3.0,423333.33,2602,488.09,,,,,2025-05-08,20,1832,8657.0,106.28,"2x 1BR, 1x 3BR"
Worcester,1604,740000.0,3.0,246666.67,4155,178.1,51600.0,14.34,51600.0,6.97,2025-05-08,5,1924,7633.0,105.72,3x 3BR
Somerville,2143,2450000.0,3.0,816666.67,3027,809.38,25200.0,97.22,25200.0,1.03,2025-05-08,61,1900,16245.0,89.09,3x 2BR
Fitchburg,1420,361900.0,2.0,180950.0,2178,166.16,26700.0,13.55,24450.0,6.76,2025-05-09,29,1920,3477.0,92.82,2x 3BR
Lowell,1852,685000.0,2.0,342500.0,2862,239.34,57600.0,11.89,57600.0,8.41,2025-05-09,35,1900,5594.0,108.75,"1x 3BR, 1x 4BR"
Lexington,2420,949900.0,2.0,474950.0,2122,447.64,,,,,2025-05-09,23,1840,11625.0,100.0,"1x 1BR, 1x 3BR"
Springfield,1104,325000.0,2.0,162500.0,1994,162.99,15600.0,20.83,15600.0,4.8,2025-05-09,50,1904,2703.0,100.0,"1x 3BR, 1x 4BR"
Braintree,2184,900000.0,2.0,450000.0,3166,284.27,,,,,2025-05-09,19,1900,8265.0,102.86,"1x 2BR, 1x 3BR"
North Andover,1845,774000.0,2.0,387000.0,2220,348.65,24000.0,32.25,48000.0,6.2,2025-05-09,16,1920,7625.0,103.34,2x 2BR
Weymouth,2191,645000.0,2.0,322500.0,1903,338.94,,,,,2025-05-09,17,1920,5716.0,108.4,"1x 1BR, 1x 3BR"
Worcester,1610,800000.0,6.0,133333.33,3600,222.22,81360.0,9.83,52148.0,6.52,2025-05-09,16,1900,5088.0,100.0,5x 2BR
Brookline,2446,2650000.0,2.0,1325000.0,3277,808.67,,,,,2025-05-09,6,1900,19392.0,106.21,"1x 2BR, 1x 4BR"
Lowell,1852,750000.0,2.0,375000.0,2356,318.34,67200.0,11.16,67200.0,8.96,2025-05-09,9,1900,5887.0,107.91,"1x 3BR, 1x 4BR"
Worcester,1606,713000.0,2.0,356500.0,3252,219.25,36000.0,19.81,36000.0,5.05,2025-05-09,9,1965,6933.98,105.63,2x 3BR
Arlington,2474,1925000.0,2.0,962500.0,3879,496.26,,,,,2025-05-09,13,1926,13923.0,118.46,"1x 2BR, 1x 3BR"
Plymouth,2360,725000.0,3.0,241666.67,2736,264.99,43800.0,16.55,33335.0,4.6,2025-05-09,15,1900,8935.0,105.07,"1x 1BR, 2x 2BR"
Worcester,1603,1100000.0,3.0,366666.67,4572,240.59,67200.0,16.37,67200.0,6.11,2025-05-09,8,1900,10606.0,115.79,3x 4BR
Worcester,1603,830000.0,3.0,276666.67,3900,212.82,,,,,2025-05-09,9,1930,6138.0,97.65,3x 3BR
Sturbridge,1518,450000.0,2.0,225000.0,2392,188.13,13200.0,34.09,13200.0,2.93,2025-05-09,6,1900,5043.0,108.43,"1x 2BR, 1x 3BR"
Watertown,2472,1375000.0,2.0,687500.0,3105,442.83,,,,,2025-05-09,24,1920,12713.0,98.57,"1x 2BR, 1x 4BR"
Springfield,1108,365000.0,2.0,182500.0,2740,133.21,35100.0,10.4,35100.0,9.62,2025-05-09,3,1923,5097.0,98.92,2x 3BR
Fall River,2723,975000.0,6.0,162500.0,5996,162.61,,,,,2025-05-09,19,1900,7368.0,102.74,"1x 2BR, 1x 3BR"
Monson,1057,380000.0,2.0,190000.0,3018,125.91,,,,,2025-05-09,50,1855,0.0,97.46,"1x 2BR, 1x 3BR"
Sharon,2067,600000.0,2.0,300000.0,2598,230.95,,,,,2025-05-09,16,1952,10984.0,88.25,"1x 1BR, 1x 3BR"
Marlborough,1752,850000.0,3.0,283333.33,4077,208.49,20400.0,41.67,20400.0,2.4,2025-05-09,22,1920,7826.0,96.7,"2x 2BR, 1x 4BR"
Boston,2126,1132000.0,3.0,377333.33,3552,318.69,62100.0,18.23,62100.0,5.49,2025-05-09,14,1905,8446.0,98.44,3x 3BR
Everett,2149,1266000.0,3.0,422000.0,3663,345.62,56400.0,22.45,56400.0,4.45,2025-05-09,7,1900,11674.0,101.36,3x 2BR
Whitman,2382,800000.0,3.0,266666.67,2754,290.49,46800.0,17.09,31765.0,3.97,2025-05-09,6,1895,7788.0,100.63,3x 2BR
Acton,1720,730000.0,2.0,365000.0,1880,388.3,50400.0,14.48,50400.0,6.9,2025-05-09,12,1960,8060.0,104.58,2x 2BR
Northampton,1060,515000.0,2.0,257500.0,2077,247.95,19500.0,26.41,19500.0,3.79,2025-05-09,13,1900,4981.0,97.19,2x 3BR
Springfield,1108,520000.0,2.0,260000.0,3564,145.9,56496.0,9.2,56496.0,10.86,2025-05-09,67,1911,4779.0,104.02,2x 4BR
Fall River,2724,950000.0,4.0,237500.0,4695,202.34,118800.0,8.0,118800.0,12.51,2025-05-09,46,1900,5667.0,100.11,"2x 2BR, 2x 6BR"
Boston,2121,1025000.0,3.0,341666.67,4412,232.32,,,,,2025-05-09,23,1910,9594.0,115.82,"1x 2BR, 2x 3BR"
Winthrop,2152,900000.0,2.0,450000.0,2988,301.2,18000.0,50.0,18000.0,2.0,2025-05-09,14,1957,7871.06,100.01,"1x 3BR, 1x 5BR"
Lancaster,1523,420000.0,2.0,210000.0,2912,144.23,,,,,2025-05-09,30,1825,4334.0,84.0,"1x 1BR, 1x 3BR"
Taunton,2780,651000.0,2.0,325500.0,2112,308.24,55200.0,11.79,55200.0,8.48,2025-05-09,6,1860,4227.0,110.15,2x 3BR
Boston,2121,2564100.0,6.0,427350.0,8334,307.67,417600.0,6.14,372400.0,14.52,2025-05-10,30,1900,22517.0,99.0,"3x 4BR, 2x 5BR"
Northbridge,1588,680000.0,5.0,136000.0,3438,197.79,61380.0,11.08,43280.0,6.36,2025-05-12,10,1930,6827.0,93.79,"4x 1BR, 1x 3BR"
Haverhill,1832,961000.0,3.0,320333.33,4365,220.16,91200.0,10.54,91200.0,9.49,2025-05-12,7,1900,8120.0,111.87,3x 3BR
Worcester,1604,521000.0,2.0,260500.0,1780,292.7,36400.0,14.31,25368.0,4.87,2025-05-12,7,1920,4865.0,108.56,2x 2BR
Marlborough,1752,670000.0,2.0,335000.0,1961,341.66,56400.0,11.88,56400.0,8.42,2025-05-12,21,1900,5836.0,103.09,"1x 2BR, 1x 3BR"
Springfield,1118,396000.0,2.0,198000.0,1588,249.37,37800.0,10.48,37800.0,9.55,2025-05-12,26,1970,3610.0,99.02,2x 2BR
Worcester,1604,875000.0,3.0,291666.67,4587,190.76,89748.0,9.75,73860.0,8.44,2025-05-12,16,1890,7688.0,98.31,3x 4BR
Hopedale,1747,585000.0,2.0,292500.0,1820,321.43,52200.0,11.21,52200.0,8.92,2025-05-12,22,1880,6629.0,106.38,2x 2BR
Somerville,2143,1100000.0,2.0,550000.0,1961,560.94,,,,,2025-05-12,21,1900,7281.0,107.32,"1x 2BR, 1x 4BR"
Chelmsford,1863,573000.0,2.0,286500.0,2104,272.34,,,,,2025-05-12,5,1900,7426.0,104.18,2x 2BR
Springfield,1104,239900.0,2.0,119950.0,2573,93.24,13800.0,17.38,13800.0,5.75,2025-05-12,31,1911,3252.0,96.0,2x 2BR
Wakefield,1880,1000000.0,2.0,500000.0,3027,330.36,28800.0,34.72,28800.0,2.88,2025-05-12,71,1911,11377.0,90.91,"1x 2BR, 1x 3BR"
Springfield,1108,399000.0,2.0,199500.0,3569,111.8,30300.0,13.17,30300.0,7.59,2025-05-12,7,1909,4799.65,102.31,2x 2BR
Attleboro,2703,650000.0,3.0,216666.67,1774,366.4,16800.0,38.69,16800.0,2.58,2025-05-12,20,1917,6728.0,113.04,"1x 1BR, 2x 3BR"
Westborough,1581,650000.0,2.0,325000.0,1828,355.58,,,,,2025-05-12,20,1900,8198.0,104.0,2x 2BR
Boston,2131,1060000.0,2.0,530000.0,2558,414.39,56400.0,18.79,56400.0,5.32,2025-05-12,20,1925,9900.9,106.21,2x 2BR
Boston,2132,1350000.0,2.0,675000.0,2288,590.03,24000.0,56.25,24000.0,1.78,2025-05-12,27,1928,8631.0,90.06,"1x 2BR, 1x 3BR"
Pittsfield,1201,365000.0,3.0,121666.67,4403,82.9,56652.0,6.44,56652.0,15.52,2025-05-12,7,1900,3707.4,104.32,"2x 2BR, 1x 4BR"
Swampscott,1907,1135000.0,2.0,567500.0,3793,299.24,,,,,2025-05-12,18,1910,11925.0,94.58,"1x 2BR, 1x 3BR"
Springfield,1108,410000.0,2.0,205000.0,2624,156.25,39600.0,10.35,39600.0,9.66,2025-05-13,5,1926,4076.0,105.16,2x 3BR
Fall River,2723,750000.0,3.0,250000.0,4169,179.9,43200.0,17.36,43200.0,5.76,2025-05-13,8,1900,6189.0,115.4,"2x 3BR, 1x 5BR"
Springfield,1108,350000.0,2.0,175000.0,2682,130.5,,,,,2025-05-13,47,1920,6884.0,102.97,2x 2BR
Fitchburg,1420,610000.0,2.0,305000.0,2528,241.3,40800.0,14.95,40800.0,6.69,2025-05-13,83,1880,4646.0,100.0,2x 3BR
Grafton,1536,525000.0,2.0,262500.0,2432,215.87,12000.0,43.75,12000.0,2.29,2025-05-13,20,1920,6000.0,116.93,2x 3BR
Westport,2790,317000.0,2.0,158500.0,1666,190.28,8700.0,36.44,8700.0,2.74,2025-05-13,18,1975,2394.43,105.67,2x 2BR
Danvers,1923,780000.0,2.0,390000.0,2170,359.45,,,,,2025-05-13,19,1900,7394.0,111.43,2x 2BR
Chelsea,2150,1970000.0,6.0,328333.33,5175,380.68,154200.0,12.78,130200.0,6.61,2025-05-13,25,1920,14432.0,103.68,"2x 2BR, 3x 3BR"
Chelsea,2150,1020000.0,3.0,340000.0,2592,393.52,91500.0,11.15,75600.0,7.41,2025-05-13,22,1900,7139.0,107.37,"1x 2BR, 2x 3BR"
Gardner,1440,469900.0,2.0,234950.0,2781,168.97,,,,,2025-05-13,8,1920,6965.0,100.0,"1x 3BR, 1x 4BR"
Marlborough,1752,650000.0,2.0,325000.0,2068,314.31,14400.0,45.14,14400.0,2.22,2025-05-13,23,1910,4855.0,104.02,"1x 1BR, 1x 2BR"
Chelsea,2150,950000.0,3.0,316666.67,2583,367.79,91500.0,10.38,78600.0,8.27,2025-05-13,21,1920,7293.0,100.0,"1x 2BR, 2x 3BR"
Waltham,2453,1420000.0,4.0,355000.0,4048,350.79,85200.0,16.67,85200.0,6.0,2025-05-13,26,1870,11139.63,97.93,"2x 2BR, 2x 4BR"
Somerville,2143,1430000.0,2.0,715000.0,2797,511.26,78000.0,18.33,78000.0,5.45,2025-05-13,188,1900,10217.0,90.79,"1x 2BR, 1x 4BR"
New Bedford,2740,650000.0,4.0,162500.0,3454,188.19,,,,,2025-05-14,30,1880,5369.99,100.02,"1x 1BR, 3x 3BR"
Lowell,1854,720000.0,2.0,360000.0,3325,216.54,,,,,2025-05-14,17,1930,7409.0,101.42,2x 3BR
Boston,2122,1230000.0,2.0,615000.0,2944,417.8,,,,,2025-05-14,12,1920,9367.0,102.5,"1x 2BR, 1x 4BR"
Worcester,1602,710000.0,2.0,355000.0,3399,208.88,50700.0,14.0,50700.0,7.14,2025-05-14,21,1935,6226.0,101.57,"1x 3BR, 1x 5BR"
Watertown,2472,1141000.0,2.0,570500.0,2546,448.15,52200.0,21.86,52200.0,4.57,2025-05-14,22,1918,10853.0,99.3,"1x 2BR, 1x 4BR"
Fall River,2724,410000.0,2.0,205000.0,2895,141.62,,,,,2025-05-14,13,1921,4233.0,96.47,"1x 2BR, 1x 3BR"
Eastham,2642,1125000.0,2.0,562500.0,1997,563.35,,,,,2025-05-14,150,1947,6120.0,93.79,"1x 2BR, 1x 3BR"
Lowell,1850,875000.0,3.0,291666.67,3909,223.84,59904.0,14.61,59904.0,6.85,2025-05-14,8,1910,7790.0,100.57,"1x 2BR, 1x 3BR, 1x 4BR"
Ashland,1721,765000.0,3.0,255000.0,2400,318.75,42480.0,18.01,42480.0,5.55,2025-05-14,202,1900,7256.0,96.23,"1x 0BR, 1x 1BR, 1x 3BR"
Chelsea,2150,1500000.0,6.0,250000.0,5414,277.06,38400.0,39.06,38400.0,2.56,2025-05-14,71,1930,11156.0,88.24,"1x 1BR, 1x 2BR"
Peabody,1960,780000.0,2.0,390000.0,2071,376.63,24000.0,32.5,24000.0,3.08,2025-05-14,34,1900,5044.0,107.59,"1x 1BR, 1x 3BR"
Belmont,2478,1250000.0,2.0,625000.0,2190,570.78,62400.0,20.03,57600.0,4.61,2025-05-14,8,1914,13555.35,104.17,"1x 2BR, 1x 3BR"
Salem,1970,1050000.0,2.0,525000.0,3599,291.75,,,,,2025-05-14,13,1870,7089.0,107.7,"1x 2BR, 1x 3BR"
Fall River,2724,650000.0,4.0,162500.0,4026,161.45,27900.0,23.3,23540.0,3.62,2025-05-14,101,1900,6315.0,98.5,"2x 1BR, 2x 3BR"
Fall River,2721,585000.0,3.0,195000.0,3396,172.26,,,,,2025-05-14,89,1900,6253.0,86.67,"1x 1BR, 1x 2BR, 2x 3BR"
Dighton,2715,230000.0,2.0,115000.0,2602,88.39,,,,,2025-05-15,45,1700,5535.0,76.92,2x 2BR
New Bedford,2740,478000.0,3.0,159333.33,2021,236.52,48000.0,9.96,47000.0,9.83,2025-05-15,27,1910,3905.0,99.6,"1x 1BR, 2x 2BR"
Reading,1867,810000.0,2.0,405000.0,1581,512.33,62400.0,12.98,62400.0,7.7,2025-05-15,46,1860,8006.0,95.29,2x 2BR
Wakefield,1880,1135000.0,2.0,567500.0,2608,435.2,,,,,2025-05-15,6,1900,8034.0,116.42,"1x 2BR, 1x 4BR"
Danvers,1923,815000.0,2.0,407500.0,2685,303.54,,,,,2025-05-15,14,1900,8457.0,102.0,"1x 2BR, 1x 4BR"
Boston,2127,2000000.0,3.0,666666.67,2166,923.36,114000.0,17.54,85013.0,4.25,2025-05-15,43,1890,16373.0,90.91,"2x 1BR, 1x 2BR"
Boston,2124,1270000.0,3.0,423333.33,4308,294.8,115200.0,11.02,115200.0,9.07,2025-05-15,18,1905,15357.0,104.96,3x 3BR
Cambridge,2138,5300000.0,10.0,530000.0,9195,576.4,,,,,2025-05-15,40,1910,31923.25,88.33,2x 0BR
Lowell,1850,715000.0,2.0,357500.0,2114,338.22,54780.0,13.05,54780.0,7.66,2025-05-15,14,1920,5779.0,103.77,2x 3BR
Weymouth,2190,825000.0,2.0,412500.0,2006,411.27,70800.0,11.65,70800.0,8.58,2025-05-15,24,1903,7134.0,103.13,"1x 2BR, 1x 3BR"
Springfield,1107,484000.0,3.0,161333.33,3224,150.12,,,,,2025-05-15,4,1913,3565.0,107.56,"1x 2BR, 2x 3BR"
Norton,2766,921000.0,4.0,230250.0,3480,264.66,87600.0,10.51,54139.0,5.88,2025-05-15,19,1966,8010.0,115.13,4x 2BR
Haverhill,1830,875000.0,2.0,437500.0,2826,309.62,,,,,2025-05-15,6,1896,5875.0,112.9,"1x 2BR, 1x 5BR"
Chicopee,1013,510000.0,3.0,170000.0,3951,129.08,31800.0,16.04,31800.0,6.24,2025-05-15,21,1920,5785.0,100.0,3x 3BR
Boston,2113,4000000.0,8.0,500000.0,5112,782.47,302100.0,13.24,256816.0,6.42,2025-05-15,15,1899,30384.0,89.09,2x 2BR
Boston,2128,2100000.0,8.0,262500.0,6891,304.75,85000.0,24.71,32300.0,1.54,2025-05-15,13,1920,16053.0,100.0,"2x 1BR, 3x 2BR"
Southbridge,1550,415000.0,2.0,207500.0,2039,203.53,41400.0,10.02,41400.0,9.98,2025-05-15,27,1890,4074.0,101.22,"1x 2BR, 1x 3BR"
Hingham,2043,525000.0,2.0,262500.0,1866,281.35,22800.0,23.03,45600.0,8.69,2025-05-15,44,1783,7172.0,82.16,2x 1BR
Lowell,1851,800000.0,3.0,266666.67,3789,211.14,69600.0,11.49,50337.0,6.29,2025-05-15,41,1900,7032.0,100.01,3x 4BR
Pittsfield,1201,331000.0,2.0,165500.0,2472,133.9,38400.0,8.62,38400.0,11.6,2025-05-15,9,1915,2351.0,100.33,2x 3BR
Somerville,2144,1355000.0,2.0,677500.0,2727,496.88,,,,,2025-05-15,27,1930,10767.0,96.79,"1x 2BR, 1x 3BR"
Cohasset,2025,1125000.0,2.0,562500.0,2140,525.7,45600.0,24.67,45600.0,4.05,2025-05-15,16,1880,7441.0,113.07,"1x 2BR, 1x 3BR"
Boston,2128,1050000.0,3.0,350000.0,2728,384.9,93600.0,11.22,93600.0,8.91,2025-05-15,28,1900,10457.0,93.09,"1x 2BR, 2x 3BR"
Stoneham,2180,1270000.0,3.0,423333.33,3575,355.24,61800.0,20.55,32200.0,2.54,2025-05-15,13,1900,9374.0,105.92,3x 2BR
Fitchburg,1420,515000.0,2.0,257500.0,2184,235.81,23400.0,22.01,23400.0,4.54,2025-05-15,26,1930,5386.0,111.96,2x 3BR
Marlborough,1752,750000.0,2.0,375000.0,2134,351.45,31200.0,24.04,31200.0,4.16,2025-05-15,31,1930,6140.0,108.85,2x 2BR
Fitchburg,1420,620000.0,4.0,155000.0,3461,179.14,56400.0,10.99,49100.0,7.92,2025-05-15,20,1900,6382.0,103.33,"2x 1BR, 2x 3BR"
Somerville,2144,1530000.0,2.0,765000.0,2698,567.09,,,,,2025-05-15,20,1880,10923.69,113.33,2x 2BR
Lynn,1902,1000000.0,3.0,333333.33,4062,246.18,,,,,2025-05-15,13,1900,8373.0,100.5,3x 3BR
Natick,1760,975000.0,2.0,487500.0,2246,434.11,61200.0,15.93,61200.0,6.28,2025-05-15,11,1885,10436.0,92.86,"1x 2BR, 1x 3BR"
Worcester,1605,785000.0,3.0,261666.67,3150,249.21,,,,,2025-05-15,8,1900,5691.0,100.64,3x 2BR
Worcester,1604,707000.0,3.0,235666.67,3516,201.08,49932.0,14.16,31689.0,4.48,2025-05-15,11,1900,8491.0,98.88,"2x 2BR, 1x 3BR"
Fall River,2721,1065000.0,6.0,177500.0,6492,164.05,,,,,2025-05-15,25,1900,8249.0,112.11,5x 3BR
Bellingham,2019,632500.0,3.0,210833.33,2208,286.46,,,,,2025-05-15,12,1930,2025.0,102.03,"1x 1BR, 2x 2BR"
Spencer,1562,305000.0,2.0,152500.0,2700,112.96,18000.0,16.94,18000.0,5.9,2025-05-16,20,1920,4562.0,93.85,2x 3BR
Boston,2125,1225000.0,3.0,408333.33,3453,354.76,,,,,2025-05-16,19,1905,3987.69,123.12,3x 3BR
Fitchburg,1420,615000.0,2.0,307500.0,3016,203.91,60000.0,10.25,60000.0,9.76,2025-05-16,123,1900,4664.0,98.4,"1x 2BR, 1x 4BR"
Revere,2151,955000.0,2.0,477500.0,2408,396.59,21600.0,44.21,21600.0,2.26,2025-05-16,0,1920,7519.0,100.0,"1x 2BR, 1x 4BR"
Gill,1354,347000.0,2.0,173500.0,2396,144.82,7080.0,49.01,7080.0,2.04,2025-05-16,20,1890,4098.0,95.07,"1x 1BR, 1x 5BR"
Revere,2151,900000.0,2.0,450000.0,3714,242.33,28800.0,31.25,28800.0,3.2,2025-05-16,22,1930,7028.0,105.77,"1x 2BR, 1x 3BR"
Fall River,2723,625000.0,2.0,312500.0,2714,230.29,47400.0,13.19,47400.0,7.58,2025-05-16,10,1925,4857.0,104.34,"1x 2BR, 1x 3BR"
Boston,2135,1100000.0,2.0,550000.0,2376,462.96,57600.0,19.1,57600.0,5.24,2025-05-16,16,1905,11836.2,100.0,"1x 2BR, 1x 3BR"
New Bedford,2740,550000.0,2.0,275000.0,2770,198.56,,,,,2025-05-16,28,1880,3864.0,112.27,2x 2BR
Worcester,1602,665000.0,2.0,332500.0,2734,243.23,,,,,2025-05-16,20,1917,6005.0,99.27,2x 2BR
Lawrence,1841,830000.0,3.0,276666.67,2976,278.9,51720.0,16.05,51720.0,6.23,2025-05-16,78,1900,5768.3,98.81,"2x 2BR, 1x 3BR"
Peabody,1960,867000.0,2.0,433500.0,2319,373.87,,,,,2025-05-16,19,1920,6063.0,102.01,"1x 2BR, 1x 3BR"
Leominster,1453,600000.0,2.0,300000.0,2934,204.5,46500.0,12.9,46500.0,7.75,2025-05-16,48,1900,6149.0,100.0,2x 3BR
Belchertown,1007,631000.0,2.0,315500.0,2305,273.75,,,,,2025-05-16,17,2025,0.0,106.97,2x 3BR
Rockland,2370,600000.0,2.0,300000.0,2307,260.08,22200.0,27.03,22200.0,3.7,2025-05-16,11,1890,6742.0,106.19,"1x 2BR, 1x 3BR"
Lynn,1902,1035000.0,2.0,517500.0,4000,258.75,,,,,2025-05-16,20,1893,9186.0,105.61,"1x 3BR, 1x 5BR"
Springfield,1104,285000.0,2.0,142500.0,1612,176.8,17400.0,16.38,17400.0,6.11,2025-05-16,18,1941,3127.0,101.82,"1x 1BR, 1x 2BR"
Winthrop,2152,945000.0,2.0,472500.0,3620,261.05,,,,,2025-05-16,8,1923,7921.0,101.07,"1x 2BR, 1x 3BR"
Methuen,1844,750000.0,1.0,750000.0,2254,332.74,,,,,2025-05-16,17,1978,6130.0,100.0,"1x 2BR, 1x 3BR"
Fall River,2723,512500.0,2.0,256250.0,2284,224.39,,,,,2025-05-16,55,1925,3869.0,102.52,"1x 2BR, 1x 3BR"
Boston,2131,1100000.0,2.0,550000.0,2411,456.24,57000.0,19.3,57000.0,5.18,2025-05-16,4,1910,9336.0,104.76,"1x 2BR, 1x 3BR"
Springfield,1108,780000.0,6.0,130000.0,6384,122.18,102240.0,7.63,,,2025-05-16,7,1906,8049.0,107.59,"2x 2BR, 3x 3BR"
Medford,2155,1310000.0,2.0,655000.0,3372,388.49,,,,,2025-05-16,21,1910,9970.0,104.81,"1x 3BR, 1x 4BR"
Marlborough,1752,725000.0,2.0,362500.0,2128,340.7,68400.0,10.6,68400.0,9.43,2025-05-16,0,1880,5527.0,100.0,2x 2BR
Fitchburg,1420,367000.0,2.0,183500.0,1588,231.11,11520.0,31.86,11520.0,3.14,2025-05-16,19,1920,3272.0,109.55,2x 2BR
Holyoke,1040,280000.0,2.0,140000.0,1680,166.67,13200.0,21.21,13200.0,4.71,2025-05-16,188,1890,1995.0,103.7,2x 2BR
Whitman,2382,676000.0,2.0,338000.0,1608,420.4,,,,,2025-05-16,16,1895,6656.0,105.63,"1x 1BR, 1x 2BR"
Boston,2134,1300000.0,4.0,325000.0,2836,458.39,105600.0,12.31,105600.0,8.12,2025-05-16,182,1899,5506.68,86.67,4x 1BR
New Bedford,2740,675000.0,3.0,225000.0,3003,224.78,19200.0,35.16,19200.0,2.84,2025-05-16,7,1922,5430.0,100.0,"1x 2BR, 2x 3BR"
Lowell,1852,772000.0,2.0,386000.0,2632,293.31,50400.0,15.32,50400.0,6.53,2025-05-16,29,1978,7495.0,101.71,"1x 2BR, 1x 3BR"
Easthampton,1027,470000.0,2.0,235000.0,2650,177.36,10800.0,43.52,10800.0,2.3,2025-05-16,60,1920,5367.46,98.95,"1x 2BR, 1x 3BR"
Everett,2149,1010000.0,3.0,336666.67,2420,417.36,,,,,2025-05-16,52,1900,9194.0,95.28,3x 2BR
Peabody,1960,1420000.0,4.0,355000.0,8700,163.22,130320.0,10.9,59336.0,4.18,2025-05-16,24,1900,9726.0,94.67,"1x 2BR, 2x 3BR, 1x 4BR"
Boston,2130,2275000.0,5.0,455000.0,5100,446.08,181299.0,12.55,155498.0,6.84,2025-05-19,23,1920,8172.0,99.13,"2x 0BR, 1x 2BR, 2x 3BR"
Stoneham,2180,870000.0,2.0,435000.0,2580,337.21,,,,,2025-05-19,45,1974,8303.0,98.98,"1x 2BR, 1x 3BR"
Lynn,1902,800000.0,2.0,400000.0,1792,446.43,,,,,2025-05-19,3,1910,6594.0,125.02,2x 2BR
Lynn,1905,825000.0,2.0,412500.0,1899,434.44,,,,,2025-05-19,21,1920,7676.0,107.16,"1x 1BR, 1x 3BR"
Springfield,1109,400000.0,2.0,200000.0,2798,142.96,,,,,2025-05-19,83,1908,2544.0,100.03,"1x 2BR, 1x 5BR"
Lawrence,1843,690000.0,2.0,345000.0,2894,238.42,,,,,2025-05-19,5,1910,5716.0,115.19,"1x 2BR, 1x 3BR"
New Bedford,2746,540000.0,3.0,180000.0,2944,183.42,,,,,2025-05-19,92,1893,3614.0,96.45,"2x 2BR, 1x 3BR"
Marlborough,1752,505000.0,2.0,252500.0,2722,185.53,23400.0,21.58,23400.0,4.63,2025-05-19,55,1890,5513.0,97.12,2x 2BR
Springfield,1104,192000.0,2.0,96000.0,2608,73.62,,,,,2025-05-19,7,1928,3822.0,116.36,2x 3BR
Stoneham,2180,940000.0,2.0,470000.0,2692,349.18,,,,,2025-05-19,14,1945,7226.0,108.05,"1x 2BR, 1x 4BR"
Fitchburg,1420,630000.0,4.0,157500.0,3075,204.88,46200.0,13.64,46200.0,7.33,2025-05-19,23,1900,6498.0,100.8,"2x 1BR, 1x 2BR, 1x 3BR"
Boston,2135,1075000.0,2.0,537500.0,2683,400.67,28560.0,37.64,28560.0,2.66,2025-05-19,53,1920,8571.0,93.48,"1x 2BR, 1x 4BR"
New Bedford,2745,660000.0,2.0,330000.0,2542,259.64,,,,,2025-05-19,10,1921,5380.0,104.78,2x 3BR
Lynn,1905,829000.0,2.0,414500.0,2658,311.89,24000.0,34.54,24000.0,2.9,2025-05-19,16,1900,7490.0,110.55,"1x 2BR, 1x 3BR"
New Bedford,2740,585000.0,2.0,292500.0,3032,192.94,,,,,2025-05-19,12,1910,4273.0,102.63,"1x 3BR, 1x 6BR"
Boston,2125,875000.0,3.0,291666.67,2484,352.25,,,,,2025-05-19,21,1905,10232.0,100.0,3x 2BR
Taunton,2780,660000.0,2.0,330000.0,2170,304.15,54000.0,12.22,54000.0,8.18,2025-05-19,55,1875,5194.0,101.54,"1x 2BR, 1x 3BR"
Ware,1082,330000.0,2.0,165000.0,2790,118.28,19200.0,17.19,34800.0,10.55,2025-05-19,3,1870,2863.0,105.77,"1x 2BR, 1x 3BR"
Worcester,1609,710000.0,2.0,355000.0,3130,226.84,58440.0,12.15,56820.0,8.0,2025-05-19,4,1920,5862.0,109.23,"1x 3BR, 1x 5BR"
Hopedale,1747,510000.0,2.0,255000.0,1495,341.14,48000.0,10.62,48000.0,9.41,2025-05-19,4,1945,7700.0,92.74,"1x 1BR, 1x 2BR"
Boston,2124,725000.0,2.0,362500.0,2601,278.74,,,,,2025-05-19,32,1890,5793.0,96.67,"1x 1BR, 1x 4BR"
Taunton,2780,450000.0,3.0,150000.0,2448,183.82,,,,,2025-05-20,39,1920,5095.0,81.82,3x 2BR
Boston,2121,1002000.0,3.0,334000.0,3440,291.28,12000.0,83.5,12000.0,1.2,2025-05-20,12,1935,7652.0,102.77,"1x 2BR, 2x 3BR"
Shirley,1464,460000.0,2.0,230000.0,1582,290.77,37000.0,12.43,33611.0,7.31,2025-05-20,18,1910,4987.0,109.55,"1x 1BR, 1x 2BR"
Brockton,2302,690000.0,2.0,345000.0,1471,469.07,26400.0,26.14,26400.0,3.83,2025-05-20,23,1900,6749.0,106.17,2x 3BR
Attleboro,2703,795000.0,4.0,198750.0,3022,263.07,68220.0,11.65,58361.0,7.34,2025-05-20,23,1910,8126.0,99.38,"3x 1BR, 1x 2BR"
Worcester,1603,590000.0,2.0,295000.0,1986,297.08,45000.0,13.11,45000.0,7.63,2025-05-20,21,1875,4276.0,107.47,"1x 3BR, 1x 4BR"
Lowell,1854,577500.0,2.0,288750.0,2729,211.62,,,,,2025-05-20,26,1920,6400.0,94.69,"1x 2BR, 1x 3BR"
Natick,1760,1650000.0,13.0,126923.08,4074,405.01,172500.0,9.57,117721.0,7.13,2025-05-20,54,1920,16565.0,97.63,5x 1BR
Fall River,2723,1000000.0,6.0,166666.67,6096,164.04,113400.0,8.82,42600.0,4.26,2025-05-20,30,1900,8568.0,111.11,2x 3BR
Newton,2460,1788008.0,2.0,894004.0,4268,418.93,30000.0,59.6,1200.0,0.07,2025-05-20,27,1931,11386.0,96.65,2x 3BR
Leominster,1453,660000.0,2.0,330000.0,2496,264.42,,,,,2025-05-20,16,1880,5408.0,110.0,2x 3BR
Worcester,1602,570000.0,2.0,285000.0,2068,275.63,21600.0,26.39,21600.0,3.79,2025-05-20,5,1929,6992.0,103.66,2x 2BR
New Bedford,2740,580000.0,3.0,193333.33,2958,196.08,,,,,2025-05-21,38,1920,5320.22,100.02,"1x 1BR, 2x 2BR"
New Bedford,2740,595900.0,4.0,148975.0,2935,203.03,50400.0,11.82,50400.0,8.46,2025-05-21,47,1920,4924.0,102.76,"3x 1BR, 1x 3BR"
New Bedford,2740,325000.0,2.0,162500.0,3555,91.42,,,,,2025-05-21,224,1835,5554.0,85.53,2x 2BR
Newton,2460,3825000.0,2.0,1912500.0,6000,637.5,,,,,2025-05-21,18,2025,12252.94,95.74,2x 5BR
Framingham,1702,830000.0,2.0,415000.0,2644,313.92,57600.0,14.41,57600.0,6.94,2025-05-21,20,1973,7545.0,103.88,2x 3BR
Lawrence,1841,780000.0,2.0,390000.0,2611,298.74,,,,,2025-05-21,4,1900,4851.0,105.41,"1x 3BR, 1x 4BR"
Lowell,1851,860000.0,2.0,430000.0,4188,205.35,52200.0,16.48,52200.0,6.07,2025-05-21,20,1900,9557.0,107.63,2x 3BR
Somerville,2143,703500.0,2.0,351750.0,1410,498.94,,,,,2025-05-21,14,1920,6632.0,82.86,2x 2BR
Milford,1757,415000.0,2.0,207500.0,2595,159.92,,,,,2025-05-21,67,1890,5818.0,92.24,"1x 2BR, 1x 3BR"
Medford,2155,1298000.0,2.0,649000.0,2410,538.59,30000.0,43.27,30000.0,2.31,2025-05-21,7,1920,8069.0,104.85,2x 2BR
Watertown,2472,1300000.0,3.0,433333.33,3463,375.4,83832.0,15.51,83832.0,6.45,2025-05-21,5,1830,10782.0,104.0,"1x 1BR, 1x 2BR, 1x 3BR"
Boston,2124,870000.0,2.0,435000.0,3152,276.02,,,,,2025-05-21,16,1890,8075.0,102.35,2x 4BR
Attleboro,2703,715000.0,2.0,357500.0,2540,281.5,28800.0,24.83,28800.0,4.03,2025-05-22,16,2005,7789.0,102.16,2x 3BR
New Bedford,2740,875000.0,17.0,51470.59,4455,196.41,,,,,2025-05-22,23,1910,5198.0,92.11,2x 1BR
Haverhill,1835,710000.0,2.0,355000.0,2592,273.92,,,,,2025-05-22,6,1900,4842.0,109.25,"1x 2BR, 1x 3BR"
Everett,2149,905000.0,2.0,452500.0,3118,290.25,60000.0,15.08,60000.0,6.63,2025-05-22,10,1920,9924.0,106.47,"1x 3BR, 1x 4BR"
Salem,1970,1400000.0,2.0,700000.0,2678,522.78,30000.0,46.67,30000.0,2.14,2025-05-22,6,1870,11775.0,116.67,"1x 1BR, 1x 3BR"
Springfield,1151,460000.0,6.0,76666.67,4897,93.94,37080.0,12.41,37080.0,8.06,2025-05-22,11,1903,8039.98,102.22,"2x 0BR, 1x 1BR, 2x 2BR"
Boston,2125,1475000.0,3.0,491666.67,3695,399.19,43800.0,33.68,43800.0,2.97,2025-05-22,94,1900,14995.0,95.16,3x 2BR
Webster,1570,510000.0,2.0,255000.0,3177,160.53,12600.0,40.48,12600.0,2.47,2025-05-22,20,1900,4767.0,106.25,"1x 2BR, 1x 3BR"
Worcester,1607,1230000.0,6.0,205000.0,6276,195.98,122400.0,10.05,116040.0,9.43,2025-05-22,10,1920,10329.0,102.5,5x 2BR
Lunenburg,1462,575000.0,2.0,287500.0,2184,263.28,,,,,2025-05-22,40,1976,6125.0,98.29,2x 2BR
West Springfield,1089,407000.0,2.0,203500.0,2244,181.37,,,,,2025-05-22,9,1900,3917.0,111.51,2x 3BR
Springfield,1109,385000.0,2.0,192500.0,2214,173.89,,,,,2025-05-22,20,1900,1657.39,104.08,2x 3BR
Fall River,2724,650000.0,3.0,216666.67,2778,233.98,47400.0,13.71,47400.0,7.29,2025-05-22,8,1900,5271.65,103.34,3x 3BR
Springfield,1107,510000.0,2.0,255000.0,3488,146.22,74424.0,6.85,62203.0,12.2,2025-05-22,15,1922,2836.0,102.02,"1x 3BR, 1x 4BR, 1x 5BR"
Braintree,2184,720000.0,2.0,360000.0,1440,500.0,41700.0,17.27,41700.0,5.79,2025-05-22,22,1910,6091.0,96.0,2x 2BR
Marlborough,1752,765000.0,2.0,382500.0,2738,279.4,73200.0,10.45,73200.0,9.57,2025-05-22,19,1890,5177.0,102.0,"1x 2BR, 1x 4BR"
Waltham,2453,815000.0,2.0,407500.0,1624,501.85,,,,,2025-05-22,30,1920,6623.0,102.0,2x 2BR
Worcester,1609,685000.0,2.0,342500.0,2960,231.42,43200.0,15.86,43200.0,6.31,2025-05-23,9,1920,8264.0,106.2,2x 3BR
Marlborough,1752,740000.0,2.0,370000.0,2631,281.26,32400.0,22.84,32400.0,4.38,2025-05-23,21,1840,5672.0,105.73,"1x 2BR, 1x 3BR"
Everett,2149,860000.0,2.0,430000.0,2652,324.28,63600.0,13.52,63600.0,7.4,2025-05-23,31,1900,8800.0,98.85,"1x 1BR, 1x 3BR"
Peabody,1960,760000.0,2.0,380000.0,1792,424.11,,,,,2025-05-23,21,1926,5839.0,101.35,2x 2BR
Fall River,2721,560000.0,3.0,186666.67,2203,254.2,62400.0,8.97,62400.0,11.14,2025-05-23,41,1900,4215.0,98.26,3x 3BR
Brockton,2301,830000.0,2.0,415000.0,2448,339.05,,,,,2025-05-23,8,1925,6871.0,100.01,2x 3BR
Woburn,1801,1025000.0,2.0,512500.0,3551,288.65,68400.0,14.99,68400.0,6.67,2025-05-23,7,1880,6880.68,114.02,"1x 3BR, 1x 4BR"
Gardner,1440,500100.0,3.0,166700.0,3274,152.75,49200.0,10.16,44310.0,8.86,2025-05-23,12,1900,5747.0,99.03,"2x 2BR, 1x 3BR"
Fall River,2724,825000.0,5.0,165000.0,5839,141.29,63000.0,13.1,52400.0,6.35,2025-05-23,12,1900,8300.0,103.77,"2x 1BR, 3x 3BR"
Lawrence,1841,980000.0,3.0,326666.67,3660,267.76,,,,,2025-05-23,26,1900,6440.0,108.9,3x 3BR
Sunderland,1375,431500.0,2.0,215750.0,2288,188.59,19200.0,22.47,19200.0,4.45,2025-05-23,31,1983,4650.0,95.89,2x 3BR
Wrentham,2093,590000.0,2.0,295000.0,1647,358.23,21600.0,27.31,21600.0,3.66,2025-05-23,26,1940,5217.0,107.29,"1x 1BR, 1x 2BR"
Lowell,1852,355000.0,2.0,177500.0,2871,123.65,,,,,2025-05-23,28,1900,6678.0,104.11,2x 3BR
Revere,2151,530000.0,2.0,265000.0,3050,173.77,,,,,2025-05-23,3,1900,7175.0,89.98,"2x 1BR, 1x 2BR"
Chicopee,1013,390000.0,2.0,195000.0,2217,175.91,10800.0,36.11,10800.0,2.77,2025-05-23,25,1900,4245.0,98.73,2x 2BR
Fall River,2720,670000.0,3.0,223333.33,3300,203.03,25200.0,26.59,25200.0,3.76,2025-05-23,12,1900,6053.0,103.09,3x 3BR
Fitchburg,1420,752000.0,4.0,188000.0,3960,189.9,79968.0,9.4,79968.0,10.63,2025-05-23,32,1935,6754.0,103.72,"1x 2BR, 3x 3BR"
Swansea,2777,525000.0,2.0,262500.0,2457,213.68,34800.0,15.09,26382.0,5.03,2025-05-23,0,1920,6000.48,100.0,"1x 1BR, 1x 3BR"
Fitchburg,1420,520000.0,3.0,173333.33,3441,151.12,34800.0,14.94,29692.0,5.71,2025-05-23,23,1920,4437.0,104.02,"2x 2BR, 1x 3BR"
Worcester,1605,805000.0,4.0,201250.0,5768,139.56,84000.0,9.58,84000.0,10.43,2025-05-23,20,1885,8874.0,107.48,"2x 2BR, 2x 3BR"
Southbridge,1550,495000.0,4.0,123750.0,1820,271.98,56400.0,8.78,56400.0,11.39,2025-05-23,26,1900,5033.0,94.47,"1x 1BR, 3x 2BR"
Northbridge,1588,579900.0,2.0,289950.0,2212,262.16,14400.0,40.27,14400.0,2.48,2025-05-23,19,1875,5234.76,100.0,"1x 1BR, 1x 2BR"
Canton,2021,900000.0,2.0,450000.0,2240,401.79,48000.0,18.75,48000.0,5.33,2025-05-23,15,1976,7302.0,105.89,"1x 2BR, 1x 3BR"
Fall River,2721,650000.0,3.0,216666.67,3312,196.26,,,,,2025-05-23,22,1900,5606.0,100.0,"1x 2BR, 2x 3BR"
Springfield,1108,475000.0,2.0,237500.0,4082,116.36,18000.0,26.39,18000.0,3.79,2025-05-23,30,1905,3082.0,100.0,2x 5BR
Hardwick,1082,395000.0,3.0,131666.67,3656,108.04,30000.0,13.17,14700.0,3.72,2025-05-23,6,1890,3749.0,92.94,4x 1BR
Lawrence,1841,1549900.0,6.0,258316.67,3843,403.3,,,,,2025-05-23,15,1910,7877.76,100.0,"2x 2BR, 3x 4BR"
Swansea,2777,499000.0,3.0,166333.33,1794,278.15,41400.0,12.05,41400.0,8.3,2025-05-23,48,1920,4688.0,100.0,"2x 1BR, 1x 2BR"
Methuen,1844,960000.0,5.0,192000.0,4883,196.6,,,,,2025-05-23,41,1945,9991.0,87.28,"2x 1BR, 3x 3BR"
Fitchburg,1420,590000.0,3.0,196666.67,2789,211.55,12000.0,49.17,12000.0,2.03,2025-05-26,51,1900,4892.0,94.4,"1x 2BR, 2x 3BR"
Fall River,2724,710000.0,1.0,710000.0,3159,224.75,,,,,2025-05-26,53,1900,6053.0,102.76,3x 3BR
Lowell,1854,765000.0,3.0,255000.0,3118,245.35,75600.0,10.12,75600.0,9.88,2025-05-27,27,1900,6562.0,102.27,3x 3BR
Fitchburg,1420,620000.0,3.0,206666.67,3417,181.45,,,,,2025-05-27,26,1900,6733.0,99.2,"1x 2BR, 2x 3BR"
Clinton,1510,760000.0,3.0,253333.33,4452,170.71,70200.0,10.83,40778.0,5.37,2025-05-27,7,1900,7012.0,101.33,3x 3BR
Medford,2155,908000.0,2.0,454000.0,2282,397.9,,,,,2025-05-27,14,1925,7069.0,100.89,2x 2BR
Malden,2148,965000.0,3.0,321666.67,2453,393.4,,,,,2025-05-27,7,1880,8441.0,107.34,"2x 1BR, 1x 2BR"
Fitchburg,1420,550000.0,2.0,275000.0,2641,208.25,,,,,2025-05-27,28,1920,6078.0,93.38,"1x 1BR, 1x 3BR"
Boston,2119,1300000.0,3.0,433333.33,2856,455.18,53580.0,24.26,53580.0,4.12,2025-05-27,8,1880,10479.55,108.42,"2x 1BR, 1x 2BR"
Lynn,1902,770000.0,2.0,385000.0,1972,390.47,54600.0,14.1,54000.0,7.01,2025-05-27,4,1910,6557.0,107.71,"1x 1BR, 1x 3BR"
Worcester,1605,1000000.0,6.0,166666.67,5294,188.89,21000.0,47.62,21000.0,2.1,2025-05-27,25,1900,11715.9,97.56,5x 2BR
Stoughton,2072,805000.0,2.0,402500.0,1910,421.47,,,,,2025-05-27,16,1920,7005.0,101.93,2x 3BR
Brockton,2301,925000.0,3.0,308333.33,3057,302.58,,,,,2025-05-27,7,1905,8093.0,102.78,3x 3BR
Watertown,2472,1200000.0,2.0,600000.0,2396,500.83,72000.0,16.67,72000.0,6.0,2025-05-28,15,1959,10716.0,100.0,2x 3BR
Boston,2121,770500.0,2.0,385250.0,3865,199.35,,,,,2025-05-28,11,1900,9769.0,110.07,"1x 2BR, 1x 4BR"
Boston,2121,989000.0,3.0,329666.67,3765,262.68,,,,,2025-05-28,5,1890,9103.0,100.0,"1x 2BR, 2x 3BR"
Agawam,1001,465000.0,2.0,232500.0,3735,124.5,,,,,2025-05-28,21,1912,5111.0,116.25,"1x 2BR, 1x 4BR"
Melrose,2176,750000.0,2.0,375000.0,2172,345.3,30000.0,25.0,30000.0,4.0,2025-05-28,24,1920,7574.0,100.13,2x 2BR
Middleboro,2346,420000.0,2.0,210000.0,1685,249.26,40800.0,10.29,35500.0,8.45,2025-05-28,51,1950,4874.0,101.2,"1x 1BR, 1x 3BR"
Fall River,2724,425000.0,2.0,212500.0,1920,221.35,10500.0,40.48,10500.0,2.47,2025-05-28,20,1900,4033.0,88.54,2x 2BR
Fitchburg,1420,400000.0,5.0,80000.0,4608,86.81,52200.0,7.66,52200.0,13.05,2025-05-28,2,1900,5161.0,100.03,"1x 0BR, 1x 1BR, 1x 2BR, 1x 3BR, 1x 4BR"
Norton,2766,525000.0,4.0,131250.0,3004,174.77,32400.0,16.2,32400.0,6.17,2025-05-28,1,1927,10028.0,131.25,"2x 1BR, 2x 2BR"
Dedham,2026,1200000.0,6.0,200000.0,3522,340.72,121800.0,9.85,80536.0,6.71,2025-05-28,10,1890,12798.0,92.31,4x 1BR
Gloucester,1930,710000.0,2.0,355000.0,2464,288.15,,,,,2025-05-28,36,2005,6133.0,98.75,"1x 2BR, 1x 4BR"
Brockton,2301,650000.0,2.0,325000.0,2446,265.74,19200.0,33.85,19200.0,2.95,2025-05-28,28,1900,6985.0,100.0,"1x 2BR, 1x 4BR"
Waltham,2453,1200000.0,2.0,600000.0,2808,427.35,,,,,2025-05-28,6,1900,9439.0,109.1,"1x 2BR, 1x 3BR"
Lynn,1905,670000.0,2.0,335000.0,2016,332.34,,,,,2025-05-28,63,1915,6123.0,111.69,"1x 1BR, 1x 3BR"
Belmont,2478,1280000.0,2.0,640000.0,2616,489.3,27600.0,46.38,27600.0,2.16,2025-05-28,48,1920,12619.0,91.49,2x 2BR
Boston,2135,1130000.0,2.0,565000.0,2072,545.37,72000.0,15.69,72000.0,6.37,2025-05-28,14,1900,12382.0,105.12,"1x 2BR, 1x 3BR"
Plymouth,2360,796000.0,2.0,398000.0,2341,340.03,,,,,2025-05-28,22,1900,7822.0,100.77,2x 2BR
Pittsfield,1201,550000.0,6.0,91666.67,5874,93.63,78000.0,7.05,78000.0,14.18,2025-05-28,96,1880,4476.0,91.82,"2x 1BR, 3x 2BR"
Rowley,1969,770000.0,2.0,385000.0,1887,408.06,26400.0,29.17,26400.0,3.43,2025-05-28,7,1894,7236.0,96.86,"1x 2BR, 1x 3BR"
Webster,1570,550100.0,2.0,275050.0,3052,180.24,,,,,2025-05-28,22,1994,4775.0,110.04,2x 3BR
New Bedford,2740,379000.0,2.0,189500.0,2104,180.13,,,,,2025-05-28,19,1881,3830.0,94.77,2x 2BR
Clinton,1510,400000.0,3.0,133333.33,1895,211.08,,,,,2025-05-28,102,1900,3975.0,95.24,"1x 1BR, 2x 2BR"
Northborough,1532,575000.0,2.0,287500.0,1580,363.92,35400.0,16.24,35400.0,6.16,2025-05-28,4,1890,5316.0,116.16,"1x 1BR, 1x 2BR"
Spencer,1562,450000.0,2.0,225000.0,2398,187.66,21600.0,20.83,21600.0,4.8,2025-05-28,6,1860,3781.0,105.88,2x 3BR
Watertown,2472,990000.0,2.0,495000.0,1936,511.36,55200.0,17.93,55200.0,5.58,2025-05-28,25,1910,8452.0,104.21,2x 2BR
Northbridge,1534,600000.0,2.0,300000.0,2452,244.7,10800.0,55.56,10800.0,1.8,2025-05-28,21,1953,5168.0,109.09,"1x 2BR, 1x 3BR"
Worcester,1604,710000.0,3.0,236666.67,3275,216.79,73200.0,9.7,73200.0,10.31,2025-05-28,18,1900,8051.0,105.05,3x 3BR
Somerville,2145,1430000.0,3.0,476666.67,4982,287.03,93600.0,15.28,93600.0,6.55,2025-05-28,3,1900,15296.0,102.22,"2x 3BR, 1x 4BR"
Somerville,2145,1420000.0,4.0,355000.0,5318,267.02,128100.0,11.09,126600.0,8.92,2025-05-28,57,1900,0.0,94.67,"2x 0BR, 2x 4BR"
Springfield,1108,470000.0,2.0,235000.0,3045,154.35,,,,,2025-05-29,106,1910,3026.0,104.68,"1x 2BR, 1x 7BR"
Peabody,1960,4000000.0,21.0,190476.19,10152,394.01,406692.0,9.84,292980.0,7.32,2025-05-29,13,2000,26983.0,93.02,2x 3BR
Fitchburg,1420,760000.0,2.0,380000.0,3400,223.53,24600.0,30.89,15450.0,2.03,2025-05-29,43,1920,6713.0,102.72,2x 3BR
Somerville,2145,1050000.0,2.0,525000.0,2833,370.63,36000.0,29.17,36000.0,3.43,2025-05-29,20,1900,10357.0,106.06,"1x 3BR, 1x 5BR"
Gloucester,1930,790000.0,2.0,395000.0,2587,305.37,32400.0,24.38,32400.0,4.1,2025-05-29,25,1900,6171.0,100.15,2x 2BR
Fitchburg,1420,475000.0,2.0,237500.0,2278,208.52,24000.0,19.79,24000.0,5.05,2025-05-29,22,1910,5022.0,113.1,2x 3BR
Malden,2148,920000.0,5.0,184000.0,2588,355.49,96600.0,9.52,83960.0,9.13,2025-05-29,66,1938,8334.91,94.36,"1x 0BR, 2x 1BR, 2x 2BR"
Winthrop,2152,1400000.0,2.0,700000.0,3000,466.67,,,,,2025-05-29,6,1890,12635.0,100.07,2x 3BR
Salem,1970,980000.0,2.0,490000.0,3468,282.58,78000.0,12.56,78000.0,7.96,2025-05-29,139,1915,9004.0,85.22,"1x 3BR, 1x 4BR"
Chelsea,2150,1080000.0,3.0,360000.0,3339,323.45,62400.0,17.31,62400.0,5.78,2025-05-29,16,1900,9257.0,108.54,"1x 2BR, 2x 3BR"
Boston,2121,1125000.0,3.0,375000.0,3735,301.2,,,,,2025-05-29,19,1890,9939.0,102.27,"1x 2BR, 2x 3BR"
Holyoke,1040,470000.0,4.0,117500.0,4118,114.13,45600.0,10.31,45600.0,9.7,2025-05-29,36,1910,8167.0,100.02,"1x 0BR, 1x 1BR, 2x 2BR"
Southampton,1073,489900.0,2.0,244950.0,1976,247.93,28800.0,17.01,14400.0,2.94,2025-05-29,3,1986,4651.0,100.0,2x 2BR
Haverhill,1832,865000.0,2.0,432500.0,2905,297.76,,,,,2025-05-29,21,1900,6566.0,118.51,"1x 3BR, 1x 4BR"
Lowell,1854,1200000.0,10.0,120000.0,7862,152.63,142200.0,8.44,114772.0,9.56,2025-05-29,15,1900,8345.0,96.0,5x 1BR
New Bedford,2746,495000.0,2.0,247500.0,1680,294.64,,,,,2025-05-29,15,1909,3570.0,103.13,2x 2BR
Natick,1760,900000.0,2.0,450000.0,2904,309.92,63000.0,14.29,42583.0,4.73,2025-05-29,33,1850,10848.0,85.71,"1x 1BR, 1x 3BR"
Taunton,2780,645000.0,2.0,322500.0,2277,283.27,14400.0,44.79,14400.0,2.23,2025-05-29,18,1940,5653.0,109.34,"1x 1BR, 1x 2BR"
Fall River,2721,2400000.0,16.0,150000.0,17600,136.36,261600.0,9.17,212771.0,8.87,2025-05-29,57,1900,15528.0,103.45,"1x 1BR, 1x 2BR, 3x 3BR"
Spencer,1562,430000.0,2.0,215000.0,2108,203.98,32400.0,13.27,32400.0,7.53,2025-05-29,9,1886,4267.0,107.53,2x 2BR
Fall River,2721,556000.0,3.0,185333.33,2839,195.84,49380.0,11.26,49380.0,8.88,2025-05-29,16,1900,5136.0,111.42,"1x 2BR, 2x 3BR"
Leominster,1453,582000.0,2.0,291000.0,2522,230.77,20400.0,28.53,20400.0,3.51,2025-05-29,13,1900,5536.0,105.84,2x 2BR
Orange,1364,410000.0,2.0,205000.0,1614,254.03,,,,,2025-05-29,33,1988,3964.0,96.47,2x 2BR
Springfield,1108,389900.0,2.0,194950.0,2930,133.07,24000.0,16.25,24000.0,6.16,2025-05-29,1,1905,3268.0,100.0,2x 2BR
Fitchburg,1420,475000.0,2.0,237500.0,1833,259.14,10800.0,43.98,10800.0,2.27,2025-05-29,19,1890,5018.0,100.0,2x 3BR
Taunton,2780,599900.0,3.0,199966.67,2574,233.06,14400.0,41.66,14400.0,2.4,2025-05-29,2,1900,6167.0,100.0,"1x 2BR, 2x 3BR"
East Bridgewater,2333,585000.0,2.0,292500.0,2102,278.31,14400.0,40.62,14400.0,2.46,2025-05-29,143,1840,5342.0,90.07,"1x 1BR, 1x 3BR"
Beverly,1915,910000.0,2.0,455000.0,2378,382.67,69600.0,13.07,69600.0,7.65,2025-05-29,14,1910,7560.0,104.72,"1x 2BR, 1x 3BR"
Medway,2053,673000.0,2.0,336500.0,3032,221.97,,,,,2025-05-30,25,1881,6288.0,97.55,"1x 2BR, 1x 3BR"
Weymouth,2189,800000.0,2.0,400000.0,2004,399.2,,,,,2025-05-30,18,1923,5503.0,100.13,"1x 2BR, 1x 3BR"
Worcester,1605,1000000.0,4.0,250000.0,4320,231.48,145200.0,6.89,127045.0,12.7,2025-05-30,21,1890,8938.0,90.99,"1x 1BR, 1x 2BR, 2x 4BR"
Arlington,2476,1410000.0,5.0,282000.0,3859,365.38,102900.0,13.7,102900.0,7.3,2025-05-30,19,1907,13152.0,94.0,5x 1BR
Worcester,1605,675000.0,3.0,225000.0,3280,205.79,,,,,2025-05-30,26,1900,5951.0,102.29,"1x 1BR, 2x 3BR"
Fall River,2723,638000.0,3.0,212666.67,3474,183.65,,,,,2025-05-30,32,1900,5716.0,103.07,"1x 2BR, 2x 3BR"
Everett,2149,770000.0,2.0,385000.0,1646,467.8,21600.0,35.65,21600.0,2.81,2025-05-30,38,1900,6659.0,98.84,2x 2BR
Fall River,2721,651000.0,3.0,217000.0,2588,251.55,,,,,2025-05-30,20,1900,4376.0,114.23,3x 3BR
Pepperell,1463,650000.0,2.0,325000.0,2052,316.76,30000.0,21.67,30000.0,4.62,2025-05-30,21,1970,5229.0,97.01,2x 2BR
Holyoke,1040,960000.0,9.0,106666.67,8700,110.34,152628.0,6.29,96878.0,10.09,2025-05-30,70,1910,7341.0,96.0,"1x 2BR, 1x 3BR"
Springfield,1108,411500.0,2.0,205750.0,3000,137.17,15600.0,26.38,15600.0,3.79,2025-05-30,35,1922,4760.0,99.16,2x 3BR
Somerville,2145,1275000.0,2.0,637500.0,3749,340.09,,,,,2025-05-30,29,1900,11794.0,98.46,"1x 2BR, 1x 6BR"
Boston,2130,1145000.0,2.0,572500.0,2289,500.22,,,,,2025-05-30,31,1920,8971.0,99.65,"1x 2BR, 1x 4BR"
Fall River,2723,700000.0,3.0,233333.33,3356,208.58,64800.0,10.8,64800.0,9.26,2025-05-30,24,1900,5040.0,103.7,3x 3BR
Stoughton,2072,760000.0,2.0,380000.0,2628,289.19,61200.0,12.42,61200.0,8.05,2025-05-30,19,1900,7880.0,104.83,"1x 1BR, 1x 4BR"
Lowell,1852,850000.0,4.0,212500.0,4800,177.08,2376.0,357.74,2376.0,0.28,2025-05-30,30,1900,99.0,96.7,2x 2BR
Malden,2148,1280000.0,2.0,640000.0,3035,421.75,,,,,2025-05-30,25,2006,11542.0,98.46,"1x 2BR, 1x 4BR"
New Bedford,2740,609000.0,3.0,203000.0,2682,227.07,,,,,2025-05-30,13,1906,5213.91,101.67,3x 3BR
Brookline,2446,2950000.0,2.0,1475000.0,5402,546.09,,,,,2025-05-30,16,1870,22193.0,100.0,"1x 3BR, 1x 9BR"
Boston,2124,1130000.0,2.0,565000.0,3482,324.53,,,,,2025-05-30,23,1910,9424.0,100.44,"1x 3BR, 1x 5BR"
Pepperell,1463,1700000.0,11.0,154545.45,8925,190.48,189324.0,8.98,,,2025-05-30,13,1910,14648.0,89.95,"1x 1BR, 1x 2BR"
Southampton,1073,950000.0,2.0,475000.0,2840,334.51,,,,,2025-05-30,146,2001,7878.0,86.36,"1x 2BR, 1x 3BR"
Somerville,2143,1860000.0,3.0,620000.0,3506,530.52,92400.0,20.13,92400.0,4.97,2025-05-30,19,1890,15451.8,97.89,3x 2BR
Boston,2119,1240000.0,2.0,620000.0,2263,547.95,,,,,2025-05-30,63,1910,8117.0,91.85,"1x 2BR, 1x 3BR"
Springfield,1104,250000.0,2.0,125000.0,2576,97.05,,,,,2025-05-30,11,1926,3882.0,109.65,2x 3BR
Springfield,1109,440000.0,2.0,220000.0,4053,108.56,,,,,2025-05-30,120,1910,4630.0,102.35,"1x 2BR, 1x 5BR"
Webster,1570,450000.0,2.0,225000.0,1879,239.49,19200.0,23.44,19200.0,4.27,2025-05-30,33,1860,3254.0,102.27,"1x 2BR, 1x 3BR"
Boston,2130,1200000.0,2.0,600000.0,2616,458.72,44400.0,27.03,44400.0,3.7,2025-05-30,15,1926,6754.9,88.89,2x 3BR
Fitchburg,1420,515000.0,2.0,257500.0,1968,261.69,19800.0,26.01,19800.0,3.84,2025-05-30,13,1985,5590.0,117.85,2x 2BR
Oxford,1540,495000.0,2.0,247500.0,2101,235.6,52800.0,9.38,52800.0,10.67,2025-05-30,20,1963,4595.0,101.04,"1x 1BR, 1x 3BR"
Lynn,1904,600000.0,2.0,300000.0,2464,243.51,,,,,2025-05-30,21,1900,8306.0,100.02,2x 2BR
Boston,2122,1050000.0,2.0,525000.0,2586,406.03,69600.0,15.09,69600.0,6.63,2025-05-30,0,1920,8621.0,95.45,"1x 2BR, 1x 3BR"
Boston,2127,925000.0,2.0,462500.0,2198,420.84,,,,,2025-05-30,30,1890,10644.0,97.37,"1x 1BR, 1x 4BR"
Leominster,1453,635000.0,3.0,211666.67,4905,129.46,48000.0,13.23,38575.0,6.07,2025-05-30,9,1900,7092.0,105.83,"1x 2BR, 2x 3BR"
Worcester,1604,680000.0,2.0,340000.0,2900,234.48,46800.0,14.53,46800.0,6.88,2025-05-30,21,1984,7524.0,97.42,"1x 2BR, 1x 3BR"
Warren,1083,445000.0,3.0,148333.33,3344,133.07,36600.0,12.16,36600.0,8.22,2025-05-30,32,1800,3341.0,100.0,"1x 1BR, 1x 2BR, 1x 4BR"
Lynn,1902,765000.0,2.0,382500.0,2806,272.63,30000.0,25.5,30000.0,3.92,2025-05-30,34,1900,8348.0,98.09,"1x 2BR, 1x 3BR"
Agawam,1030,481000.0,2.0,240500.0,2124,226.46,37200.0,12.93,37200.0,7.73,2025-05-30,12,1974,4474.0,101.26,"1x 2BR, 1x 3BR"
Athol,1331,302900.0,2.0,151450.0,1694,178.81,,,,,2025-05-30,12,1880,3277.0,101.0,"1x 1BR, 1x 2BR"
Boston,2128,675000.0,3.0,225000.0,2280,296.05,6000.0,112.5,,,2025-05-30,46,1880,6566.0,96.43,"1x 1BR, 2x 2BR"
Boston,2135,1600000.0,2.0,800000.0,4200,380.95,,,,,2025-05-30,23,1925,13441.0,100.06,"1x 2BR, 2x 4BR"
Saugus,1906,830000.0,2.0,415000.0,1929,430.27,,,,,2025-05-30,69,1880,7029.0,97.09,2x 2BR
Springfield,1108,420000.0,2.0,210000.0,3834,109.55,,,,,2025-05-30,24,1915,4730.0,102.44,"1x 3BR, 1x 4BR"
New Bedford,2740,489900.0,2.0,244950.0,2259,216.87,31800.0,15.41,31800.0,6.49,2025-05-30,27,1850,4072.0,100.0,"1x 1BR, 1x 3BR"
Agawam,1001,485000.0,2.0,242500.0,3213,150.95,25800.0,18.8,25800.0,5.32,2025-05-30,75,1915,3944.0,99.0,"1x 2BR, 1x 5BR"
East Bridgewater,2333,662000.0,2.0,331000.0,2048,323.24,30000.0,22.07,30000.0,4.53,2025-05-30,32,1900,4771.0,102.0,"1x 2BR, 1x 3BR"
Springfield,1108,405000.0,2.0,202500.0,2423,167.15,18600.0,21.77,18600.0,4.59,2025-05-30,41,1914,2886.0,105.22,2x 4BR
Attleboro,2703,600000.0,2.0,300000.0,1953,307.22,48900.0,12.27,48900.0,8.15,2025-05-30,24,1910,5871.0,102.56,"1x 2BR, 1x 3BR"
Lowell,1852,680000.0,2.0,340000.0,1568,433.67,24000.0,28.33,24000.0,3.53,2025-05-30,9,1983,7321.0,100.74,"1x 0BR, 1x 2BR"
Westborough,1581,995000.0,4.0,248750.0,3936,252.79,,,,,2025-05-30,9,1896,13335.0,104.74,4x 1BR
New Bedford,2740,530000.0,2.0,265000.0,2121,249.88,49200.0,10.77,37558.0,7.09,2025-05-30,21,1889,5063.0,107.07,"1x 1BR, 2x 2BR"
Watertown,2472,1050000.0,2.0,525000.0,2875,365.22,19800.0,53.03,19800.0,1.89,2025-05-30,4,1928,9318.0,106.6,"1x 1BR, 2x 2BR"
Barre,1005,442000.0,2.0,221000.0,4081,108.31,43200.0,10.23,43200.0,9.77,2025-05-30,123,1950,3662.0,90.22,"1x 0BR, 1x 2BR"
Fitchburg,1420,467000.0,2.0,233500.0,2176,214.61,27120.0,17.22,27120.0,5.81,2025-05-30,9,1920,5111.0,104.97,2x 2BR
Springfield,1108,400000.0,2.0,200000.0,3262,122.62,39000.0,10.26,39000.0,9.75,2025-05-30,25,1928,5549.0,100.03,2x 4BR
New Bedford,2744,550000.0,2.0,275000.0,2160,254.63,,,,,2025-05-30,55,1922,4583.0,95.65,2x 3BR
Northampton,1062,695000.0,4.0,173750.0,2792,248.93,61800.0,11.25,46545.0,6.7,2025-05-30,20,1900,6783.91,95.86,4x 1BR
Holyoke,1040,430000.0,2.0,215000.0,2382,180.52,,,,,2025-05-30,2,1920,3618.0,107.5,2x 3BR
Boston,2127,1275000.0,3.0,425000.0,1965,648.85,,,,,2025-05-30,68,1890,14305.0,100.0,2x 1BR
Haverhill,1835,780000.0,2.0,390000.0,2608,299.08,55200.0,14.13,54000.0,6.92,2025-05-30,39,1900,5331.0,95.6,"1x 3BR, 1x 5BR"
Watertown,2472,1150000.0,2.0,575000.0,2242,512.93,28200.0,40.78,28200.0,2.45,2025-05-30,24,1920,12527.0,95.83,2x 2BR
Springfield,1104,400000.0,2.0,200000.0,1848,216.45,20700.0,19.32,20700.0,5.18,2025-05-30,7,1977,4384.0,108.14,2x 2BR
Boston,2128,900000.0,2.0,450000.0,2688,334.82,36000.0,25.0,36000.0,4.0,2025-05-30,23,1900,6830.0,100.01,"1x 3BR, 1x 4BR"
Springfield,1151,410000.0,2.0,205000.0,3366,121.81,,,,,2025-05-30,17,1906,4489.0,105.16,"1x 3BR, 1x 4BR"
Dedham,2026,1170000.0,3.0,390000.0,3648,320.72,88860.0,13.17,67233.0,5.75,2025-05-30,32,1900,11590.0,97.5,"1x 0BR, 3x 2BR"
Mansfield,2048,695000.0,2.0,347500.0,2168,320.57,60000.0,11.58,19200.0,2.76,2025-05-30,44,1906,7645.0,97.22,"1x 1BR, 1x 3BR"
Lowell,1851,683000.0,2.0,341500.0,2626,260.09,56400.0,12.11,56400.0,8.26,2025-05-30,22,1900,6553.0,105.24,"1x 3BR, 1x 4BR"
Fitchburg,1420,477000.0,2.0,238500.0,2336,204.2,53400.0,8.93,47342.0,9.92,2025-05-30,14,1900,5007.0,101.51,"1x 3BR, 1x 5BR"
Greenfield,1301,415000.0,2.0,207500.0,2288,181.38,15600.0,26.6,15600.0,3.76,2025-05-30,22,2013,5160.0,101.47,2x 3BR
Attleboro,2703,699000.0,4.0,174750.0,2785,250.99,64800.0,10.79,70800.0,10.13,2025-05-30,53,1900,7512.0,85.77,"3x 1BR, 1x 2BR"
Medford,2155,1600000.0,2.0,800000.0,2815,568.38,96000.0,16.67,96000.0,6.0,2025-05-30,9,1912,11770.0,100.06,"1x 2BR, 1x 4BR"
Holyoke,1040,122500.0,2.0,61250.0,2664,45.98,22200.0,5.52,22200.0,18.12,2025-05-30,6,1900,2892.0,102.09,2x 3BR
Worcester,1604,824000.0,3.0,274666.67,4098,201.07,72000.0,11.44,72000.0,8.74,2025-05-30,33,1920,5972.0,98.21,3x 3BR
Springfield,1108,465000.0,3.0,155000.0,3479,133.66,,,,,2025-05-30,41,1914,2868.0,97.89,"1x 2BR, 2x 3BR"
Webster,1570,321000.0,2.0,160500.0,2516,127.58,,,,,2025-06-02,19,1875,3091.0,114.68,"1x 3BR, 1x 4BR"
Northampton,1060,540000.0,3.0,180000.0,2923,184.74,,,,,2025-06-02,149,1900,6548.0,100.02,3x 2BR
Taunton,2780,635000.0,3.0,211666.67,2856,222.34,,,,,2025-06-02,30,1890,6101.0,90.73,"2x 2BR, 1x 3BR"
Waltham,2451,1240000.0,2.0,620000.0,3449,359.52,65400.0,18.96,65400.0,5.27,2025-06-02,35,1920,11645.0,98.02,"1x 2BR, 1x 4BR"
Arlington,2476,1270000.0,2.0,635000.0,2442,520.07,33540.0,37.87,33540.0,2.64,2025-06-02,20,1924,10684.0,101.6,2x 2BR
Haverhill,1832,675000.0,2.0,337500.0,2301,293.35,,,,,2025-06-02,49,1900,4934.0,100.01,2x 2BR
Somerville,2144,1280000.0,2.0,640000.0,2606,491.17,36300.0,35.26,36300.0,2.84,2025-06-02,36,1900,12186.0,98.46,2x 3BR
Chicopee,1013,575000.0,3.0,191666.67,4228,136.0,63000.0,9.13,63000.0,10.96,2025-06-02,5,1920,4149.0,106.5,3x 4BR
Haverhill,1830,730000.0,2.0,365000.0,2354,310.11,18600.0,39.25,18600.0,2.55,2025-06-02,20,1900,5168.0,105.95,"1x 2BR, 1x 3BR"
Quincy,2169,905000.0,2.0,452500.0,2210,409.5,62400.0,14.5,57480.0,6.35,2025-06-02,22,1930,7314.0,97.84,"1x 2BR, 1x 4BR"
Somerville,2143,1100000.0,3.0,366666.67,1905,577.43,79800.0,13.78,77280.0,7.03,2025-06-02,22,1870,8828.0,104.76,3x 1BR
Everett,2149,825000.0,2.0,412500.0,1962,420.49,14400.0,57.29,14400.0,1.75,2025-06-02,24,1910,7636.0,103.14,"1x 2BR, 1x 3BR"
Leominster,1453,635000.0,3.0,211666.67,2760,230.07,44400.0,14.3,44400.0,6.99,2025-06-02,16,1900,6010.0,100.0,"1x 2BR, 2x 3BR"
Boston,2122,1100000.0,2.0,550000.0,4910,224.03,70800.0,15.54,70800.0,6.44,2025-06-02,36,1920,8147.0,100.09,"1x 4BR, 1x 7BR"
Southbridge,1550,360000.0,2.0,180000.0,1960,183.67,33600.0,10.71,33600.0,9.33,2025-06-02,14,1900,3803.0,100.28,2x 3BR
Lawrence,1841,990000.0,4.0,247500.0,3978,248.87,,,,,2025-06-02,20,1910,5557.0,82.85,2x 3BR
Lynn,1902,810000.0,2.0,405000.0,2799,289.39,48000.0,16.88,48000.0,5.93,2025-06-02,27,1830,7428.0,103.98,"1x 2BR, 1x 3BR"
Boston,2131,1050000.0,2.0,525000.0,2392,438.96,18000.0,58.33,18000.0,1.71,2025-06-02,9,1930,4807.0,100.0,"1x 2BR, 1x 3BR"
Springfield,1151,415000.0,2.0,207500.0,2630,157.79,21600.0,19.21,21600.0,5.2,2025-06-02,52,1901,447467.0,101.22,"1x 3BR, 1x 5BR"
Watertown,2472,1395000.0,2.0,697500.0,2771,503.43,21600.0,64.58,21600.0,1.55,2025-06-02,13,1920,12042.0,109.41,"1x 2BR, 1x 3BR"
Watertown,2472,1325000.0,2.0,662500.0,3060,433.01,79488.0,16.67,79488.0,6.0,2025-06-02,6,1900,11900.0,98.15,2x 5BR
Westfield,1085,400000.0,3.0,133333.33,2338,171.09,48000.0,8.33,48000.0,12.0,2025-06-02,6,1900,3256.0,101.27,"1x 1BR, 2x 3BR"
Lawrence,1841,760000.0,2.0,380000.0,2196,346.08,,,,,2025-06-02,20,1910,5105.0,101.35,"1x 2BR, 1x 4BR"
Waltham,2453,1390000.0,3.0,463333.33,3600,386.11,28800.0,48.26,28800.0,2.07,2025-06-02,20,1910,10579.0,100.8,"2x 2BR, 1x 3BR"
Boston,2134,1400000.0,3.0,466666.67,3176,440.81,,,,,2025-06-03,10,1910,13444.0,83.88,3x 2BR
Haverhill,1835,732000.0,2.0,366000.0,2473,296.0,24000.0,30.5,24000.0,3.28,2025-06-03,8,1880,6659.0,106.1,"1x 2BR, 1x 3BR"
Hudson,1749,490000.0,2.0,245000.0,2242,218.55,,,,,2025-06-03,13,1900,6023.0,108.89,2x 2BR
North Brookfield,1535,540000.0,3.0,180000.0,3067,176.07,50400.0,10.71,50400.0,9.33,2025-06-03,19,1815,5613.0,108.22,"1x 1BR, 2x 3BR"
Boston,2125,1025000.0,2.0,512500.0,3229,317.44,72000.0,14.24,69500.0,6.78,2025-06-03,20,2007,9718.0,97.62,2x 3BR
Everett,2149,1000000.0,3.0,333333.33,2728,366.57,66000.0,15.15,66000.0,6.6,2025-06-03,10,1900,8055.0,95.33,"2x 1BR, 1x 2BR"
Springfield,1109,380000.0,2.0,190000.0,2452,154.98,20100.0,18.91,19200.0,5.05,2025-06-03,19,1922,4762.18,108.57,2x 3BR
Springfield,1151,450000.0,2.0,225000.0,2934,153.37,,,,,2025-06-03,55,1895,4900.0,98.04,2x 3BR
Boston,2128,890000.0,2.0,445000.0,2184,407.51,,,,,2025-06-03,85,1910,8647.0,95.7,"1x 2BR, 1x 3BR"
Amherst,1002,615000.0,3.0,205000.0,3281,187.44,66000.0,9.32,56112.0,9.12,2025-06-03,88,1876,8801.0,97.63,"1x 1BR, 1x 2BR, 1x 3BR"
Brockton,2301,885000.0,11.0,80454.55,2004,441.62,,,,,2025-06-03,32,1900,7852.0,99.66,"1x 3BR, 1x 4BR"
Worcester,1604,800000.0,3.0,266666.67,3636,220.02,79800.0,10.03,79800.0,9.98,2025-06-03,11,1900,6828.0,96.97,3x 3BR
Worcester,1604,710000.0,3.0,236666.67,3450,205.8,9600.0,73.96,9600.0,1.35,2025-06-03,16,1912,8236.0,94.68,3x 2BR
Medford,2155,1080000.0,2.0,540000.0,2150,502.33,,,,,2025-06-03,42,1910,7268.0,91.53,2x 2BR
Ashland,1721,495000.0,2.0,247500.0,1585,312.3,,,,,2025-06-03,29,1900,8267.0,100.0,2x 2BR
Peabody,1960,680000.0,2.0,340000.0,1664,408.65,18000.0,37.78,18000.0,2.65,2025-06-03,12,1960,4413.0,107.1,"1x 1BR, 1x 2BR"
Worcester,1604,625000.0,2.0,312500.0,2296,272.21,37200.0,16.8,37200.0,5.95,2025-06-03,50,1920,5336.67,100.0,2x 2BR
Holyoke,1040,710000.0,8.0,88750.0,6960,102.01,127800.0,5.56,73206.0,10.31,2025-06-03,23,1920,8649.0,101.57,5x 3BR
Pittsfield,1201,185000.0,2.0,92500.0,1701,108.76,14400.0,12.85,14400.0,7.78,2025-06-03,50,1910,2155.0,88.1,2x 2BR
Waltham,2453,1552200.0,4.0,388050.0,3608,430.21,120900.0,12.84,97077.0,6.25,2025-06-03,15,1910,10738.0,100.14,"2x 1BR, 2x 3BR"
Malden,2148,1050000.0,3.0,350000.0,2561,410.0,74400.0,14.11,74400.0,7.09,2025-06-03,5,1900,9126.0,95.46,"1x 1BR, 2x 2BR"
Everett,2149,901000.0,2.0,450500.0,2635,341.94,,,,,2025-06-03,6,1902,10529.0,106.01,"1x 2BR, 1x 4BR"
Revere,2151,910000.0,2.0,455000.0,2572,353.81,,,,,2025-06-04,6,1960,6598.0,102.39,"1x 1BR, 1x 3BR"
Medford,2155,1205000.0,2.0,602500.0,2752,437.86,,,,,2025-06-04,9,1924,8904.0,110.05,"1x 2BR, 1x 3BR"
Fall River,2724,635000.0,3.0,211666.67,3379,187.93,37200.0,17.07,37200.0,5.86,2025-06-04,56,1900,5096.0,96.95,3x 3BR
Somerville,2143,2320000.0,4.0,580000.0,3845,603.38,121800.0,19.05,121800.0,5.25,2025-06-04,51,1900,25833.0,98.72,"2x 1BR, 1x 2BR, 1x 3BR"
Holbrook,2343,10500000.0,36.0,291666.67,31191,336.64,1013987.0,10.36,742906.0,7.08,2025-06-04,29,1965,52607.0,100.0,2x 2BR
Fall River,2723,505000.0,3.0,168333.33,2481,203.55,,,,,2025-06-04,27,1900,4124.0,93.52,"1x 1BR, 2x 2BR"
Salisbury,1952,2300000.0,10.0,230000.0,4608,499.13,221412.0,10.39,149520.0,6.5,2025-06-04,16,1930,10803.0,104.55,"1x 1BR, 4x 2BR"
Spencer,1562,560000.0,3.0,186666.67,3454,162.13,58740.0,9.53,42905.0,7.66,2025-06-04,5,1880,3852.0,107.9,"2x 2BR, 1x 3BR"
Fall River,2720,740000.0,3.0,246666.67,3945,187.58,,,,,2025-06-04,18,1900,6897.77,98.68,3x 3BR
Salem,1970,1050000.0,3.0,350000.0,4486,234.06,71400.0,14.71,71400.0,6.8,2025-06-04,23,1915,10327.0,108.36,"1x 2BR, 2x 3BR"
Boston,2124,1200000.0,2.0,600000.0,3012,398.41,,,,,2025-06-04,29,1925,9625.0,97.57,2x 3BR
Beverly,1915,935000.0,4.0,233750.0,3004,311.25,39000.0,23.97,39000.0,4.17,2025-06-04,83,1900,9657.0,89.05,4x 1BR
Blackstone,1504,653000.0,2.0,326500.0,3128,208.76,38400.0,17.01,38400.0,5.88,2025-06-04,60,1900,7430.0,100.46,2x 2BR
Springfield,1109,340000.0,2.0,170000.0,3052,111.4,19800.0,17.17,19800.0,5.82,2025-06-04,28,1906,3695.0,100.29,2x 3BR
Brockton,2301,720000.0,2.0,360000.0,2357,305.47,,,,,2025-06-04,26,1890,7163.0,94.74,"1x 3BR, 1x 4BR"
Fairhaven,2719,493800.0,2.0,246900.0,1928,256.12,36000.0,13.72,36000.0,7.29,2025-06-04,153,1938,3849.0,100.0,"1x 1BR, 1x 2BR"
Mansfield,2048,761000.0,2.0,380500.0,1780,427.53,61500.0,12.37,61500.0,8.08,2025-06-04,19,1960,8053.0,104.26,"1x 2BR, 1x 3BR"
Ashland,1721,494900.0,2.0,247450.0,1854,266.94,,,,,2025-06-04,46,1900,4803.0,105.32,"1x 1BR, 1x 2BR"
Clinton,1510,490000.0,2.0,245000.0,2484,197.26,51600.0,9.5,51600.0,10.53,2025-06-04,94,1900,5253.0,96.08,2x 2BR
Boston,2119,990000.0,2.0,495000.0,2720,363.97,,,,,2025-06-04,16,1870,8858.0,113.14,"1x 2BR, 1x 3BR"
Brockton,2301,667000.0,2.0,333500.0,2500,266.8,55200.0,12.08,55200.0,8.28,2025-06-05,42,1905,7702.0,102.62,2x 3BR
Worcester,1603,639000.0,2.0,319500.0,2343,272.73,52800.0,12.1,52800.0,8.26,2025-06-05,29,1890,6704.53,100.0,"1x 1BR, 1x 3BR"
Wakefield,1880,1125000.0,2.0,562500.0,3211,350.36,25200.0,44.64,25200.0,2.24,2025-06-05,17,1900,9654.0,112.51,"1x 2BR, 1x 4BR"
Salem,1970,820000.0,3.0,273333.33,2056,398.83,11700.0,70.09,11700.0,1.43,2025-06-05,42,1915,7326.0,96.48,"1x 1BR, 2x 2BR"
Pittsfield,1201,330000.0,4.0,82500.0,3592,91.87,44400.0,7.43,44400.0,13.45,2025-06-05,58,1900,1958.55,103.16,"1x 1BR, 2x 2BR, 1x 4BR"
Franklin,2038,711000.0,2.0,355500.0,2368,300.25,19800.0,35.91,19800.0,2.78,2025-06-05,14,1900,7649.0,106.28,2x 2BR
Somerville,2143,1685000.0,2.0,842500.0,2996,562.42,,,,,2025-06-05,12,1900,11006.0,100.0,"1x 2BR, 1x 3BR"
Beverly,1915,910000.0,2.0,455000.0,2078,437.92,60000.0,15.17,60000.0,6.59,2025-06-05,7,1920,7886.0,101.12,"1x 2BR, 1x 3BR"
Springfield,1151,316326.0,2.0,158163.0,2310,136.94,21600.0,14.64,21600.0,6.83,2025-06-05,7,1897,3647.0,100.42,2x 3BR
Lynn,1905,720000.0,2.0,360000.0,2304,312.5,,,,,2025-06-05,11,1920,8709.0,105.9,2x 2BR
Whitman,2382,670000.0,2.0,335000.0,2677,250.28,54000.0,12.41,54000.0,8.06,2025-06-05,10,1900,6796.0,103.09,2x 3BR
Quincy,2169,1075000.0,3.0,358333.33,2183,492.44,67200.0,16.0,67200.0,6.25,2025-06-05,11,1935,11196.0,97.73,"1x 1BR, 1x 2BR, 1x 3BR"
Hingham,2043,860000.0,2.0,430000.0,2066,416.26,50400.0,17.06,50400.0,5.86,2025-06-05,18,1950,6986.0,105.01,"1x 2BR, 1x 4BR"
Attleboro,2703,640000.0,2.0,320000.0,2700,237.04,17400.0,36.78,17400.0,2.72,2025-06-05,20,1912,5921.0,94.81,"1x 1BR, 1x 2BR, 1x 3BR"
Fitchburg,1420,575000.0,2.0,287500.0,3237,177.63,,,,,2025-06-05,13,1875,4662.0,104.74,"1x 2BR, 1x 4BR"
Ludlow,1056,370000.0,2.0,185000.0,1619,228.54,,,,,2025-06-05,4,1900,4112.0,105.71,"1x 1BR, 1x 3BR"
Gardner,1440,560000.0,3.0,186666.67,2880,194.44,59400.0,9.43,59400.0,10.61,2025-06-06,8,1910,5427.0,93.49,3x 2BR
Everett,2149,1330000.0,3.0,443333.33,3988,333.5,108600.0,12.25,77500.0,5.83,2025-06-06,6,1930,13290.0,106.49,"1x 2BR, 2x 3BR"
Lawrence,1841,430000.0,2.0,215000.0,2025,212.35,,,,,2025-06-06,59,1920,4097.0,100.0,2x 3BR
Lowell,1850,440000.0,2.0,220000.0,2103,209.22,8400.0,52.38,8400.0,1.91,2025-06-06,18,1910,4814.0,97.78,2x 2BR
Boston,2116,2325000.0,4.0,581250.0,3432,677.45,46800.0,49.68,37874.0,1.63,2025-06-06,43,1910,22492.0,87.74,4x 1BR
Worcester,1603,885000.0,3.0,295000.0,4647,190.45,85140.0,10.39,85140.0,9.62,2025-06-06,7,1898,9428.0,105.48,"2x 3BR, 1x 4BR"
Lowell,1854,830000.0,2.0,415000.0,3276,253.36,40800.0,20.34,40800.0,4.92,2025-06-06,22,1900,7600.0,100.0,"1x 3BR, 1x 5BR"
Lawrence,1843,875000.0,3.0,291666.67,3774,231.85,39600.0,22.1,39600.0,4.53,2025-06-06,21,1910,6491.0,106.06,"1x 2BR, 2x 3BR"
Springfield,1108,389999.0,2.0,194999.5,2535,153.85,10800.0,36.11,10800.0,2.77,2025-06-06,60,1922,4646.0,100.0,"1x 1BR, 2x 3BR"
Weymouth,2189,1050000.0,3.0,350000.0,3706,283.32,84132.0,12.48,84132.0,8.01,2025-06-06,25,1888,8740.0,93.33,"2x 2BR, 1x 3BR"
Lynn,1904,775000.0,2.0,387500.0,2137,362.66,,,,,2025-06-06,13,1900,5879.0,100.0,"1x 2BR, 1x 3BR"
North Attleboro,2760,725000.0,3.0,241666.67,2337,310.23,39600.0,18.31,39600.0,5.46,2025-06-06,21,1920,5822.0,105.09,"1x 1BR, 1x 2BR, 1x 3BR"
Chelmsford,1824,890000.0,2.0,445000.0,2312,384.95,,,,,2025-06-06,58,1850,7531.59,111.25,"1x 1BR, 1x 2BR"
Boston,2134,1020000.0,2.0,510000.0,2657,383.89,,,,,2025-06-06,17,1902,10363.0,109.8,"1x 3BR, 1x 4BR"
Lowell,1850,1000000.0,3.0,333333.33,4593,217.72,27000.0,37.04,27000.0,2.7,2025-06-06,9,1900,6601.0,100.1,"2x 1BR, 2x 2BR"
Springfield,1151,375000.0,4.0,93750.0,5000,75.0,,,,,2025-06-06,20,1911,4249.0,93.77,4x 2BR
North Andover,1845,810000.0,2.0,405000.0,2217,365.36,,,,,2025-06-06,6,1962,7520.55,101.89,"1x 2BR, 1x 3BR"
Revere,2151,900000.0,2.0,450000.0,2016,446.43,,,,,2025-06-06,20,1963,4752.0,102.28,"1x 2BR, 1x 3BR"
Medford,2155,1240000.0,2.0,620000.0,3480,356.32,,,,,2025-06-06,28,1951,12234.0,91.92,"1x 2BR, 1x 3BR"
Southbridge,1550,250000.0,3.0,83333.33,2554,97.89,9600.0,26.04,9600.0,3.84,2025-06-06,48,1900,4068.15,71.43,"2x 2BR, 1x 3BR"
Warren,1083,260000.0,2.0,130000.0,3422,75.98,,,,,2025-06-06,39,1850,3905.0,95.45,2x 3BR
New Bedford,2744,702000.0,3.0,234000.0,3861,181.82,45600.0,15.39,45600.0,6.5,2025-06-06,12,1909,5096.0,108.02,3x 3BR
Holbrook,2343,695000.0,2.0,347500.0,1938,358.62,,,,,2025-06-06,19,1850,6401.0,100.0,"1x 1BR, 1x 4BR"
Revere,2151,1020000.0,2.0,510000.0,3588,284.28,,,,,2025-06-06,10,1905,7536.0,100.22,"1x 3BR, 1x 4BR"
Lawrence,1843,880000.0,2.0,440000.0,2332,377.36,,,,,2025-06-06,18,2016,6720.0,97.79,2x 3BR
Fall River,2720,779900.0,4.0,194975.0,3425,227.71,66600.0,11.71,66600.0,8.54,2025-06-06,73,1900,6077.0,99.86,"3x 2BR, 1x 3BR"
New Bedford,2740,670000.0,3.0,223333.33,3372,198.7,22800.0,29.39,22800.0,3.4,2025-06-06,12,1914,5552.0,104.7,"2x 3BR, 1x 4BR"
Fall River,2724,509000.0,3.0,169666.67,2199,231.47,29700.0,17.14,29700.0,5.83,2025-06-06,48,1927,4517.0,100.0,3x 2BR
Leominster,1453,540000.0,4.0,135000.0,3080,175.32,28800.0,18.75,28800.0,5.33,2025-06-06,22,1900,7071.0,108.22,"1x 1BR, 2x 3BR"
Fall River,2723,610000.0,2.0,305000.0,2689,226.85,,,,,2025-06-06,20,1925,4124.0,105.19,2x 3BR
Wakefield,1880,875000.0,2.0,437500.0,2161,404.91,,,,,2025-06-06,6,1900,8542.0,109.39,2x 2BR
Boston,2127,1250000.0,3.0,416666.67,2280,548.25,50400.0,24.8,50400.0,4.03,2025-06-06,5,1890,12985.0,104.25,"2x 1BR, 1x 2BR"
Salem,1970,1475000.0,6.0,245833.33,5320,277.26,136920.0,10.77,87373.0,5.92,2025-06-06,15,1915,15794.0,98.33,2x 2BR
Haverhill,1830,1025000.0,5.0,205000.0,4331,236.67,93744.0,10.93,93744.0,9.15,2025-06-06,22,1900,7913.0,100.0,"3x 1BR, 2x 2BR"
Waltham,2453,785000.0,2.0,392500.0,1346,583.21,60900.0,12.89,60900.0,7.76,2025-06-09,0,1910,7352.0,98.25,"1x 1BR, 1x 2BR"
Lowell,1854,750000.0,3.0,250000.0,3497,214.47,22800.0,32.89,22800.0,3.04,2025-06-09,21,1900,7110.0,101.49,"2x 2BR, 1x 3BR"
Quincy,2169,1150000.0,5.0,230000.0,2851,403.37,108000.0,10.65,99792.0,8.68,2025-06-09,20,1960,10505.2,92.0,"3x 1BR, 2x 2BR"
Worcester,1609,890000.0,5.0,178000.0,3475,256.12,93480.0,9.52,86604.0,9.73,2025-06-09,9,1890,6642.0,111.39,"1x 0BR, 1x 1BR, 3x 2BR"
Malden,2148,972000.0,2.0,486000.0,2429,400.16,,,,,2025-06-09,7,1900,8187.0,101.26,"1x 1BR, 1x 4BR"
Natick,1760,2170000.0,6.0,361666.67,4637,467.97,171900.0,12.62,140857.0,6.49,2025-06-09,18,1950,13648.0,100.93,"1x 1BR, 1x 2BR"
Dennis,2639,745000.0,2.0,372500.0,1704,437.21,124260.0,6.0,105784.0,14.2,2025-06-09,78,1973,3004.0,99.47,2x 2BR
Fall River,2724,585000.0,3.0,195000.0,2833,206.49,62400.0,9.38,62400.0,10.67,2025-06-09,60,1900,4995.0,97.52,"2x 2BR, 1x 3BR"
Mansfield,2048,705000.0,2.0,352500.0,2196,321.04,37200.0,18.95,37200.0,5.28,2025-06-09,14,1973,7355.0,103.69,"1x 2BR, 1x 3BR"
Worcester,1606,550000.0,2.0,275000.0,2196,250.46,42000.0,13.1,42000.0,7.64,2025-06-09,23,1923,5280.0,103.79,2x 2BR
Worcester,1604,515000.0,2.0,257500.0,1787,288.19,54000.0,9.54,,,2025-06-09,29,1935,4935.0,98.11,"1x 1BR, 1x 4BR"
New Bedford,2746,615000.0,2.0,307500.0,2256,272.61,,,,,2025-06-10,16,1914,4273.0,97.63,"1x 2BR, 1x 3BR"
Lowell,1851,670000.0,2.0,335000.0,2829,236.83,,,,,2025-06-10,8,1900,6686.0,112.61,2x 3BR
Rockland,2370,850000.0,3.0,283333.33,3611,235.39,70800.0,12.01,70800.0,8.33,2025-06-10,26,1900,9662.0,100.01,3x 3BR
Framingham,1702,740000.0,2.0,370000.0,1596,463.66,,,,,2025-06-10,36,1927,5866.0,99.34,"1x 2BR, 1x 3BR"
Brockton,2301,700000.0,2.0,350000.0,2255,310.42,33600.0,20.83,33600.0,4.8,2025-06-10,14,1888,7198.0,107.86,2x 2BR
Clinton,1510,718000.0,2.0,359000.0,3150,227.94,,,,,2025-06-10,24,1893,6327.0,103.18,"1x 1BR, 1x 4BR"
Watertown,2472,1275000.0,2.0,637500.0,3137,406.44,61200.0,20.83,61200.0,4.8,2025-06-10,20,1900,12941.0,106.25,"1x 3BR, 1x 4BR"
Boston,2127,1325000.0,2.0,662500.0,2001,662.17,86400.0,15.34,86400.0,6.52,2025-06-10,89,1930,11438.0,98.15,"1x 1BR, 1x 3BR"
Springfield,1109,420000.0,2.0,210000.0,3082,136.28,21600.0,19.44,21600.0,5.14,2025-06-10,13,1924,4116.0,105.26,2x 3BR
Haverhill,1835,855000.0,3.0,285000.0,3280,260.67,,,,,2025-06-10,21,1880,7584.0,104.28,"1x 1BR, 1x 2BR, 1x 3BR"
Fitchburg,1420,600000.0,3.0,200000.0,3494,171.72,60900.0,9.85,46384.0,7.73,2025-06-10,16,1935,6834.71,100.02,"1x 2BR, 2x 3BR"
Woburn,1801,865000.0,2.0,432500.0,2464,351.06,,,,,2025-06-10,10,1928,6168.0,108.26,"1x 2BR, 1x 3BR"
Lynn,1904,660000.0,2.0,330000.0,2343,281.69,,,,,2025-06-10,8,1900,7588.0,95.79,"1x 2BR, 1x 4BR"
Lancaster,1523,585000.0,2.0,292500.0,4338,134.85,,,,,2025-06-10,84,1820,10630.0,86.67,"1x 2BR, 1x 5BR"
Boston,2131,1050000.0,2.0,525000.0,2438,430.68,61200.0,17.16,61200.0,5.83,2025-06-10,19,1900,8526.0,95.54,"1x 2BR, 1x 3BR"
Spencer,1562,705000.0,5.0,141000.0,3486,202.24,,,,,2025-06-10,30,1870,4428.0,101.44,"4x 1BR, 1x 2BR"
Malden,2148,910000.0,2.0,455000.0,1945,467.87,48000.0,18.96,48000.0,5.27,2025-06-10,20,1900,7725.0,101.22,"1x 1BR, 1x 3BR"
Chelsea,2150,1170000.0,3.0,390000.0,4185,279.57,99000.0,11.82,99000.0,8.46,2025-06-11,43,1920,10440.0,97.51,"1x 3BR, 2x 4BR"
Webster,1570,925000.0,4.0,231250.0,5562,166.31,64800.0,14.27,64800.0,7.01,2025-06-11,7,1920,7585.0,105.71,"1x 2BR, 3x 3BR"
Worcester,1604,805000.0,3.0,268333.33,3221,249.92,70800.0,11.37,70800.0,8.8,2025-06-11,17,1898,5962.0,98.18,3x 4BR
Woburn,1801,812000.0,2.0,406000.0,2797,290.31,,,,,2025-06-11,75,1900,4782.0,95.64,2x 3BR
Somerville,2144,1520000.0,2.0,760000.0,3248,467.98,,,,,2025-06-11,7,1920,13830.0,101.33,"1x 1BR, 1x 3BR"
Greenfield,1301,430000.0,2.0,215000.0,1772,242.66,,,,,2025-06-11,22,1904,3971.0,100.0,"1x 2BR, 1x 3BR"
Barnstable,2601,735500.0,3.0,245166.67,1960,375.26,48000.0,15.32,48000.0,6.53,2025-06-11,17,1930,4947.0,122.6,"1x 1BR, 1x 2BR, 1x 3BR"
Lancaster,1523,579000.0,2.0,289500.0,2923,198.08,49200.0,11.77,36697.0,6.34,2025-06-11,18,1955,7489.0,102.5,"1x 1BR, 1x 3BR"
Medford,2155,1120000.0,2.0,560000.0,2336,479.45,28200.0,39.72,28200.0,2.52,2025-06-11,7,1910,8230.0,106.77,"1x 2BR, 1x 3BR"
Quincy,2171,925000.0,2.0,462500.0,2196,421.22,,,,,2025-06-11,9,1925,9315.0,115.77,"1x 2BR, 1x 4BR"
Norton,2766,150000.0,2.0,75000.0,2576,58.23,,,,,2025-06-11,1,1890,5883.0,100.0,2x 2BR
Springfield,1104,470000.0,3.0,156666.67,3878,121.2,10800.0,43.52,10800.0,2.3,2025-06-11,29,1921,4201.0,104.47,"1x 2BR, 2x 3BR"
Boston,2135,1700000.0,3.0,566666.67,3809,446.31,118800.0,14.31,116900.0,6.88,2025-06-11,111,1890,17049.0,97.14,"2x 2BR, 1x 4BR"
Springfield,1109,290000.0,2.0,145000.0,3379,85.82,,,,,2025-06-11,57,1917,5022.0,103.61,2x 3BR
Saugus,1906,950000.0,4.0,237500.0,4800,197.92,64800.0,14.66,64800.0,6.82,2025-06-11,2,1937,12334.0,110.59,4x 3BR
Fall River,2723,510000.0,2.0,255000.0,2567,198.68,,,,,2025-06-12,14,1900,4799.0,102.02,3x 2BR
Lynn,1905,820000.0,2.0,410000.0,2058,398.45,,,,,2025-06-12,32,1908,6719.19,99.51,2x 2BR
Springfield,1105,370000.0,2.0,185000.0,2922,126.63,,,,,2025-06-12,39,1900,3681.0,105.74,2x 3BR
Boston,2125,1200000.0,3.0,400000.0,3273,366.64,34800.0,34.48,34800.0,2.9,2025-06-12,16,1905,11773.0,96.0,3x 3BR
Quincy,2169,1150000.0,2.0,575000.0,2570,447.47,28800.0,39.93,28800.0,2.5,2025-06-12,3,1920,9059.0,104.55,2x 2BR
Worcester,1604,920000.0,3.0,306666.67,4098,224.5,90000.0,10.22,84756.0,9.21,2025-06-12,7,1890,8208.0,102.23,3x 3BR
New Bedford,2740,527000.0,3.0,175666.67,2421,217.68,55920.0,9.42,55920.0,10.61,2025-06-12,66,1881,4063.0,97.61,"1x 1BR, 1x 2BR, 1x 3BR"
Winthrop,2152,970000.0,2.0,485000.0,2916,332.65,81600.0,11.89,81600.0,8.41,2025-06-12,50,1930,9202.0,88.18,2x 3BR
New Bedford,2744,579900.0,3.0,193300.0,3013,192.47,,,,,2025-06-12,37,1891,4951.0,100.0,3x 3BR
Springfield,1108,320000.0,2.0,160000.0,2153,148.63,21600.0,14.81,21600.0,6.75,2025-06-12,23,1907,2616.0,114.33,"1x 2BR, 1x 3BR"
North Adams,1247,148000.0,3.0,49333.33,3032,48.81,22800.0,6.49,22800.0,15.41,2025-06-12,49,1880,2415.0,95.55,"2x 2BR, 1x 3BR"
Lowell,1850,602000.0,2.0,301000.0,2240,268.75,47760.0,12.6,47760.0,7.93,2025-06-12,44,1900,5363.0,106.55,"1x 2BR, 1x 4BR"
Spencer,1562,540000.0,3.0,180000.0,2819,191.56,56000.0,9.64,52436.0,9.71,2025-06-13,6,1860,4203.0,112.73,"1x 1BR, 1x 2BR, 1x 3BR"
Medford,2155,1460000.0,2.0,730000.0,2696,541.54,,,,,2025-06-13,9,1929,9156.03,132.73,2x 2BR
New Bedford,2744,615000.0,3.0,205000.0,3198,192.31,53160.0,11.57,53160.0,8.64,2025-06-13,49,1920,4843.0,102.5,3x 3BR
Fitchburg,1420,497000.0,2.0,248500.0,2513,197.77,,,,,2025-06-13,6,1920,5318.0,108.04,"1x 2BR, 1x 3BR"
Revere,2151,1175000.0,3.0,391666.67,3684,318.95,82800.0,14.19,82800.0,7.05,2025-06-13,16,1900,7824.0,106.82,"1x 2BR, 2x 3BR"
Fitchburg,1420,520000.0,2.0,260000.0,1780,292.13,45600.0,11.4,45600.0,8.77,2025-06-13,42,1900,4776.0,104.02,"1x 2BR, 1x 3BR"
Chicopee,1020,430000.0,2.0,215000.0,2340,183.76,,,,,2025-06-13,10,1923,4116.0,102.38,2x 2BR
Revere,2151,1320000.0,2.0,660000.0,5200,253.85,76800.0,17.19,76800.0,5.82,2025-06-13,22,1987,12244.0,101.54,2x 4BR
Springfield,1107,530000.0,3.0,176666.67,3978,133.23,58200.0,9.11,58200.0,10.98,2025-06-13,13,1914,5250.0,101.94,3x 4BR
Worcester,1602,770000.0,3.0,256666.67,3392,227.0,66900.0,11.51,66900.0,8.69,2025-06-13,78,1920,7390.36,96.37,"2x 2BR, 1x 3BR"
Revere,2151,1074000.0,2.0,537000.0,2400,447.5,96000.0,11.19,96000.0,8.94,2025-06-13,21,1958,5358.0,102.38,2x 3BR
Watertown,2472,1200000.0,2.0,600000.0,2512,477.71,,,,,2025-06-13,12,1923,12246.0,100.08,"1x 2BR, 1x 3BR"
Boston,2135,1150000.0,2.0,575000.0,2324,494.84,,,,,2025-06-13,21,1925,10651.0,100.0,"1x 2BR, 1x 3BR"
Boston,2124,1450000.0,3.0,483333.33,3972,365.06,,,,,2025-06-13,14,1905,13411.0,101.75,3x 3BR
Boston,2124,1200000.0,3.0,400000.0,3753,319.74,63600.0,18.87,63600.0,5.3,2025-06-13,5,1905,11575.0,100.0,3x 3BR
Springfield,1109,276000.0,2.0,138000.0,3318,83.18,,,,,2025-06-13,26,1910,3554.0,120.05,"2x 2BR, 1x 3BR"
Worcester,1605,915000.0,4.0,228750.0,5072,180.4,85200.0,10.74,75110.0,8.21,2025-06-13,27,1930,8392.0,101.67,"1x 3BR, 3x 4BR"
New Bedford,2745,575000.0,2.0,287500.0,2126,270.46,,,,,2025-06-13,15,1926,5845.0,100.0,"1x 2BR, 1x 3BR"
Norwood,2062,910000.0,3.0,303333.33,2408,377.91,74400.0,12.23,74400.0,8.18,2025-06-13,15,1914,8101.0,94.89,"2x 2BR, 1x 3BR"
Fitchburg,1420,405000.0,2.0,202500.0,1976,204.96,38400.0,10.55,38400.0,9.48,2025-06-13,42,1900,4719.0,101.28,2x 2BR
Lowell,1854,729000.0,2.0,364500.0,3475,209.78,31200.0,23.37,31200.0,4.28,2025-06-13,67,1862,6892.0,100.0,2x 4BR
Lawrence,1843,1250000.0,4.0,312500.0,5877,212.69,,,,,2025-06-13,37,1905,7627.0,89.29,"1x 2BR, 3x 3BR"
Haverhill,1830,780000.0,3.0,260000.0,2698,289.1,43200.0,18.06,43200.0,5.54,2025-06-13,8,1900,6206.0,103.31,"1x 1BR, 2x 2BR"
Salem,1970,1740000.0,5.0,348000.0,5998,290.1,106000.0,16.42,68756.0,3.95,2025-06-13,69,1895,22804.0,88.82,"3x 1BR, 1x 2BR, 1x 4BR"
Greenfield,1301,290000.0,2.0,145000.0,1680,172.62,13800.0,21.01,13800.0,4.76,2025-06-13,55,1900,3182.0,98.31,"1x 1BR, 1x 3BR"
Marblehead,1945,1000000.0,3.0,333333.33,2534,394.63,62400.0,16.03,57700.0,5.77,2025-06-13,27,1910,7851.0,85.11,3x 2BR
Springfield,1108,665000.0,6.0,110833.33,8312,80.0,81840.0,8.13,81840.0,12.31,2025-06-13,48,1924,7950.0,95.14,"1x 1BR, 4x 2BR"
Lynn,1904,658000.0,2.0,329000.0,1610,408.7,,,,,2025-06-13,55,1923,6566.0,98.22,2x 2BR
Brookline,2445,1800000.0,2.0,900000.0,2318,776.53,,,,,2025-06-13,7,1920,12769.0,100.06,"1x 2BR, 1x 3BR"
Attleboro,2703,900000.0,4.0,225000.0,3528,255.1,82200.0,10.95,82200.0,9.13,2025-06-13,4,1910,8924.0,102.86,"1x 1BR, 1x 2BR, 2x 3BR"
Springfield,1104,390000.0,2.0,195000.0,2728,142.96,,,,,2025-06-13,41,1899,3005.0,111.43,"1x 3BR, 1x 5BR"
Springfield,1108,325000.0,2.0,162500.0,3981,81.64,,,,,2025-06-13,19,1906,4286.0,92.86,"1x 3BR, 1x 5BR"
Uxbridge,1569,415000.0,2.0,207500.0,2116,196.12,31200.0,13.3,14470.0,3.49,2025-06-13,34,1900,4502.0,107.79,"1x 2BR, 1x 3BR"
Salem,1970,699900.0,3.0,233300.0,2812,248.9,,,,,2025-06-13,3,1910,7944.0,100.13,"2x 2BR, 1x 3BR"
Brockton,2301,840000.0,2.0,420000.0,2214,379.4,,,,,2025-06-13,20,1910,6065.0,102.58,2x 3BR
Boston,2130,2000000.0,6.0,333333.33,4992,400.64,183000.0,10.93,,,2025-06-14,43,1905,13843.0,86.96,5x 1BR
Quincy,2169,645000.0,2.0,322500.0,1470,438.78,,,,,2025-06-16,25,1880,5956.0,113.16,2x 2BR
Springfield,1108,475000.0,4.0,118750.0,3843,123.6,28800.0,16.49,28800.0,6.06,2025-06-16,17,1922,5648.0,95.0,4x 2BR
Brookline,2445,2452000.0,2.0,1226000.0,3544,691.87,,,,,2025-06-16,7,1910,20331.0,102.17,2x 4BR
Springfield,1108,475000.0,4.0,118750.0,0,,43500.0,10.92,43500.0,9.16,2025-06-16,9,1922,6288.0,95.0,"1x 2BR, 3x 3BR"
Brockton,2301,610000.0,4.0,152500.0,3347,182.25,12000.0,50.83,12000.0,1.97,2025-06-16,36,1900,4907.0,93.99,"1x 0BR, 3x 1BR"
Fitchburg,1420,360000.0,0.0,inf,9651,37.3,14400.0,25.0,2400.0,0.67,2025-06-16,52,1856,6888.0,91.16,2x 2BR
West Boylston,1583,590000.0,2.0,295000.0,2966,198.92,,,,,2025-06-16,49,1796,7247.0,100.0,"1x 1BR, 1x 4BR"
Westfield,1085,600700.0,5.0,120140.0,4786,125.51,33600.0,17.88,33600.0,5.59,2025-06-16,7,1880,7264.0,104.47,"4x 1BR, 1x 3BR"
Natick,1760,885000.0,2.0,442500.0,2846,310.96,75600.0,11.71,70718.0,7.99,2025-06-16,26,1955,8995.0,93.16,"1x 2BR, 1x 3BR"
Somerville,2145,1200000.0,2.0,600000.0,2912,412.09,,,,,2025-06-16,10,1900,9319.0,109.09,2x 2BR
Boston,2132,1150000.0,2.0,575000.0,2352,488.95,,,,,2025-06-16,25,1930,10793.0,104.55,"1x 2BR, 1x 3BR"
New Bedford,2740,530000.0,3.0,176666.67,3299,160.65,24000.0,22.08,24000.0,4.53,2025-06-16,72,1900,7753.0,91.54,"2x 1BR, 1x 3BR"
Newton,2461,1600000.0,2.0,800000.0,2626,609.29,81000.0,19.75,81000.0,5.06,2025-06-16,14,1912,14496.0,114.7,2x 3BR
Revere,2151,925000.0,2.0,462500.0,2310,400.43,,,,,2025-06-16,18,1973,7082.0,105.71,"1x 1BR, 1x 3BR"
Boston,2131,925000.0,3.0,308333.33,2895,319.52,30000.0,30.83,30000.0,3.24,2025-06-16,42,1904,9222.0,92.59,"1x 1BR, 2x 2BR"
Stoneham,2180,800000.0,2.0,400000.0,2476,323.1,,,,,2025-06-16,21,1934,7288.0,94.13,"1x 3BR, 1x 4BR"
New Bedford,2740,590000.0,2.0,295000.0,2268,260.14,18000.0,32.78,18000.0,3.05,2025-06-16,4,1905,4240.0,107.27,2x 3BR
Boston,2116,3000000.0,8.0,375000.0,4215,711.74,258300.0,11.61,215773.0,7.19,2025-06-16,69,1899,22694.0,75.47,5x 0BR
Easthampton,1027,400000.0,2.0,200000.0,2718,147.17,14400.0,27.78,14400.0,3.6,2025-06-16,8,1901,6204.0,88.99,2x 3BR
Lexington,2420,1195000.0,2.0,597500.0,2630,454.37,,,,,2025-06-16,41,1886,12177.0,99.67,2x 2BR
Boston,2115,3000000.0,7.0,428571.43,4244,706.88,238800.0,12.56,193958.0,6.47,2025-06-16,59,1920,23602.0,76.43,5x 1BR
Boston,2126,1180000.0,3.0,393333.33,3654,322.93,,,,,2025-06-16,12,1905,9039.0,98.33,"1x 3BR, 2x 4BR"
Waltham,2453,865000.0,2.0,432500.0,2561,337.76,48000.0,18.02,48000.0,5.55,2025-06-16,21,1900,6801.0,93.51,"1x 2BR, 1x 3BR"
Worcester,1602,640000.0,2.0,320000.0,3224,198.51,18300.0,34.97,18300.0,2.86,2025-06-16,7,1927,7253.0,101.6,2x 3BR
Fall River,2721,800000.0,6.0,133333.33,6282,127.35,,,,,2025-06-16,23,1900,8005.0,110.36,"1x 2BR, 3x 3BR, 1x 5BR"
Taunton,2780,710000.0,2.0,355000.0,2486,285.6,36000.0,19.72,36000.0,5.07,2025-06-16,22,1912,6198.0,104.43,"1x 2BR, 1x 3BR"
Boston,2132,1050000.0,3.0,350000.0,2839,369.85,27600.0,38.04,27600.0,2.63,2025-06-16,29,1920,7804.02,97.22,"1x 1BR, 2x 2BR"
Lynn,1902,815000.0,2.0,407500.0,2208,369.11,23976.0,33.99,23976.0,2.94,2025-06-17,29,1900,5687.0,108.81,2x 3BR
Fall River,2720,680000.0,2.0,340000.0,3751,181.28,12000.0,56.67,12000.0,1.76,2025-06-17,62,1900,6117.0,100.74,"1x 1BR, 1x 5BR"
Westborough,1581,685000.0,2.0,342500.0,2193,312.36,,,,,2025-06-17,28,1897,10041.0,97.86,2x 3BR
Brockton,2301,799000.0,12.0,66583.33,4372,182.75,9725.0,82.16,,,2025-06-17,240,1920,8733.0,100.0,"2x 0BR, 3x 1BR"
New Bedford,2744,680000.0,3.0,226666.67,3912,173.82,69600.0,9.77,69600.0,10.24,2025-06-17,17,1912,6170.0,100.0,3x 3BR
Fall River,2724,772000.0,3.0,257333.33,3734,206.75,64752.0,11.92,64752.0,8.39,2025-06-17,21,1900,6048.0,102.95,3x 3BR
Danvers,1923,940000.0,2.0,470000.0,2876,326.84,,,,,2025-06-17,8,1955,8770.0,104.46,"1x 2BR, 1x 3BR"
Worcester,1605,852500.0,4.0,213125.0,4374,194.9,97812.0,8.72,92082.0,10.8,2025-06-17,57,1910,7233.0,94.72,"1x 2BR, 3x 3BR"
Randolph,2368,985000.0,2.0,492500.0,2472,398.46,,,,,2025-06-17,8,1972,8848.0,101.04,2x 3BR
Lawrence,1841,735000.0,2.0,367500.0,2316,317.36,,,,,2025-06-17,19,1910,4595.0,108.1,"1x 2BR, 1x 3BR"
Salem,1970,1050000.0,3.0,350000.0,5418,193.8,,,,,2025-06-17,49,1915,11551.0,97.67,"1x 3BR, 1x 4BR"
New Bedford,2740,600000.0,3.0,200000.0,3194,187.85,52800.0,11.36,52800.0,8.8,2025-06-17,29,1915,5540.0,101.71,"1x 2BR, 2x 3BR"
Somerville,2143,1180000.0,3.0,393333.33,2364,499.15,,,,,2025-06-17,23,1900,11565.0,102.61,"2x 1BR, 1x 2BR"
Springfield,1108,415000.0,2.0,207500.0,1898,218.65,37200.0,11.16,37200.0,8.96,2025-06-17,32,1965,5061.0,96.53,2x 3BR
Waltham,2453,1635000.0,4.0,408750.0,3640,449.18,59700.0,27.39,49680.0,3.04,2025-06-17,15,1880,10697.0,116.87,"2x 1BR, 2x 3BR"
Agawam,1030,421000.0,2.0,210500.0,1728,243.63,37200.0,11.32,37200.0,8.84,2025-06-17,27,1974,4101.0,99.06,2x 2BR
Boston,2116,13500000.0,17.0,794117.65,12171,1109.19,,,,,2025-06-17,317,1880,48401.0,90.6,2x 1BR
New Bedford,2740,580000.0,2.0,290000.0,2284,253.94,18000.0,32.22,18000.0,3.1,2025-06-17,21,1915,4643.0,108.41,2x 3BR
Everett,2149,840000.0,2.0,420000.0,2010,417.91,27600.0,30.43,27600.0,3.29,2025-06-17,21,1925,7372.0,105.01,"1x 1BR, 1x 3BR"
Boston,2131,1100000.0,2.0,550000.0,2418,454.92,,,,,2025-06-17,29,1910,7634.43,95.74,"1x 2BR, 1x 3BR"
Somerville,2144,1502000.0,3.0,500666.67,2534,592.74,33600.0,44.7,33600.0,2.24,2025-06-18,26,1900,14555.0,105.4,"2x 1BR, 1x 2BR"
Fitchburg,1420,585000.0,3.0,195000.0,2925,200.0,,,,,2025-06-18,9,1910,6637.0,106.38,"1x 1BR, 2x 3BR"
Millbury,1527,665000.0,2.0,332500.0,2098,316.97,40800.0,16.3,40800.0,6.14,2025-06-18,25,1975,6364.0,97.79,2x 2BR
Chicopee,1013,411000.0,3.0,137000.0,2656,154.74,40500.0,10.15,40500.0,9.85,2025-06-18,25,1880,3467.0,104.05,"2x 1BR, 1x 3BR"
Somerville,2144,1100000.0,2.0,550000.0,2632,417.93,,,,,2025-06-18,7,1940,9507.0,95.65,2x 2BR
Revere,2151,930000.0,2.0,465000.0,2006,463.61,,,,,2025-06-18,13,1967,6086.0,108.15,"1x 1BR, 1x 3BR"
Acushnet,2743,800000.0,2.0,400000.0,3456,231.48,54000.0,14.81,54000.0,6.75,2025-06-18,23,1951,5814.0,100.0,"1x 2BR, 1x 3BR"
Southbridge,1550,520000.0,2.0,260000.0,3183,163.37,45600.0,11.4,44160.0,8.49,2025-06-18,22,1890,5563.0,106.14,2x 3BR
Boston,2131,850000.0,2.0,425000.0,1828,464.99,26400.0,32.2,26400.0,3.11,2025-06-18,22,1950,7445.0,102.53,2x 2BR
Boston,2134,1470000.0,2.0,735000.0,2793,526.32,96000.0,15.31,96000.0,6.53,2025-06-18,17,1920,17421.0,108.89,2x 4BR
Northampton,1053,680000.0,2.0,340000.0,3243,209.68,,,,,2025-06-18,15,1900,7369.0,114.29,"1x 3BR, 1x 4BR"
Wakefield,1880,660000.0,2.0,330000.0,1720,383.72,,,,,2025-06-18,5,1910,6959.0,110.0,"1x 1BR, 1x 5BR"
Somerville,2143,1750000.0,3.0,583333.33,3741,467.79,40800.0,42.89,40800.0,2.33,2025-06-18,21,1900,15783.0,103.0,3x 4BR
Boston,2135,1160000.0,2.0,580000.0,2980,389.26,,,,,2025-06-18,8,1920,12957.0,116.0,2x 2BR
Milton,2186,980000.0,2.0,490000.0,1861,526.6,,,,,2025-06-18,3,1890,9806.0,102.19,2x 2BR
Boston,2124,1480000.0,3.0,493333.33,4770,310.27,38400.0,38.54,38400.0,2.59,2025-06-18,7,1905,12883.0,114.82,"1x 3BR, 2x 4BR"
Quincy,2170,925000.0,2.0,462500.0,1912,483.79,68400.0,13.52,68400.0,7.39,2025-06-18,29,1923,7976.0,99.57,2x 2BR
Boston,2128,2000000.0,5.0,400000.0,2912,686.81,183000.0,10.93,183000.0,9.15,2025-06-19,95,1899,16953.0,87.15,"1x 0BR, 2x 2BR, 1x 3BR, 1x 4BR"
Boston,2113,2015000.0,4.0,503750.0,4835,416.75,,,,,2025-06-19,18,1899,14891.0,98.34,2x 3BR
Springfield,1104,350000.0,3.0,116666.67,3534,99.04,24000.0,14.58,24000.0,6.86,2025-06-20,1,1911,2846.0,111.11,3x 3BR
Somerville,2144,1759200.0,2.0,879600.0,3981,441.9,42000.0,41.89,42000.0,2.39,2025-06-20,31,1896,15101.0,99.11,"1x 2BR, 1x 5BR"
Springfield,1109,345000.0,2.0,172500.0,2256,152.93,,,,,2025-06-20,27,1900,3516.0,109.56,2x 3BR
Webster,1570,310000.0,2.0,155000.0,2604,119.05,16800.0,18.45,16800.0,5.42,2025-06-20,28,1880,3697.0,82.68,2x 3BR
Fairhaven,2719,615000.0,2.0,307500.0,2040,301.47,,,,,2025-06-20,25,1920,3430.0,97.63,"1x 2BR, 1x 3BR"
Uxbridge,1569,550000.0,3.0,183333.33,3903,140.92,74400.0,7.39,62357.0,11.34,2025-06-20,23,1900,5844.0,91.68,"1x 1BR, 2x 3BR"
Medford,2155,1100000.0,2.0,550000.0,2664,412.91,,,,,2025-06-20,9,1900,9522.0,100.0,2x 2BR
Boston,2132,1200000.0,3.0,400000.0,3654,328.41,61800.0,19.42,61800.0,5.15,2025-06-20,15,1920,12054.0,126.32,"1x 1BR, 1x 2BR, 1x 3BR"
Lowell,1854,845000.0,3.0,281666.67,3648,231.63,74400.0,11.36,60131.0,7.12,2025-06-20,20,1930,8068.0,100.0,"2x 2BR, 1x 4BR"
Avon,2322,756000.0,2.0,378000.0,1993,379.33,,,,,2025-06-20,20,1900,5328.0,100.81,2x 2BR
Springfield,1104,376000.0,2.0,188000.0,1976,190.28,18600.0,20.22,18600.0,4.95,2025-06-20,18,1925,3417.0,107.74,2x 2BR
Dracut,1826,1050000.0,3.0,350000.0,4230,248.23,94800.0,11.08,80180.0,7.64,2025-06-20,28,1732,7960.0,100.01,"2x 0BR, 3x 3BR"
Ludlow,1056,460000.0,2.0,230000.0,2160,212.96,13800.0,33.33,13800.0,3.0,2025-06-20,57,1900,3477.0,106.98,2x 3BR
North Adams,1247,399000.0,2.0,199500.0,2918,136.74,12720.0,31.37,12720.0,3.19,2025-06-20,19,1880,3686.1,100.0,"1x 3BR, 1x 4BR"
Springfield,1109,330000.0,2.0,165000.0,1960,168.37,17400.0,18.97,17400.0,5.27,2025-06-20,8,1914,2826.0,103.45,2x 2BR
Boston,2124,1160000.0,3.0,386666.67,3159,367.2,106800.0,10.86,106800.0,9.21,2025-06-20,20,1900,11077.0,103.11,"1x 2BR, 2x 3BR"
Sandwich,2563,900000.0,2.0,450000.0,2364,380.71,,,,,2025-06-20,33,1827,8671.0,92.31,2x 2BR
Springfield,1151,242000.0,2.0,121000.0,1728,140.05,20580.0,11.76,20580.0,8.5,2025-06-20,103,1972,4087.0,80.67,2x 2BR
Fairhaven,2719,610000.0,2.0,305000.0,2664,228.98,,,,,2025-06-20,12,1900,3340.0,101.68,"1x 2BR, 1x 4BR"
Boston,2130,1350000.0,2.0,675000.0,2972,454.24,74400.0,18.15,74400.0,5.51,2025-06-20,12,1930,15107.0,90.06,2x 3BR
Boston,2128,775000.0,2.0,387500.0,2280,339.91,,,,,2025-06-20,16,1910,6814.0,103.33,"1x 2BR, 1x 3BR"
New Bedford,2740,545000.0,2.0,272500.0,1980,275.25,25800.0,21.12,25800.0,4.73,2025-06-20,24,1890,3268.0,101.89,"1x 2BR, 1x 4BR"
Newton,2464,1000000.0,2.0,500000.0,2310,432.9,,,,,2025-06-20,36,1910,7841.0,90.92,"1x 1BR, 1x 3BR"
Lowell,1854,675000.0,2.0,337500.0,2229,302.83,,,,,2025-06-20,7,1960,6741.0,103.85,"1x 1BR, 1x 3BR"
Somerville,2143,1880000.0,2.0,940000.0,3006,625.42,104316.0,18.02,104316.0,5.55,2025-06-20,59,1900,15156.0,96.41,"1x 2BR, 1x 4BR"
Saugus,1906,500000.0,2.0,250000.0,2186,228.73,,,,,2025-06-20,13,1900,6488.0,83.47,2x 2BR
Springfield,1105,441000.0,4.0,110250.0,5408,81.55,54900.0,8.03,54900.0,12.45,2025-06-20,205,1897,5661.0,91.89,"2x 1BR, 2x 3BR"
Somerville,2144,1275000.0,2.0,637500.0,2434,523.83,,,,,2025-06-20,10,1930,10579.0,116.44,"1x 2BR, 1x 3BR"
Fitchburg,1420,520000.0,3.0,173333.33,2904,179.06,41400.0,12.56,41400.0,7.96,2025-06-20,19,1900,5835.0,100.02,"1x 1BR, 1x 2BR, 1x 3BR"
New Bedford,2740,410000.0,3.0,136666.67,3386,121.09,,,,,2025-06-20,7,1876,5816.0,96.47,3x 2BR
Springfield,1107,410000.0,2.0,205000.0,2342,175.06,,,,,2025-06-20,16,1922,4627.0,107.92,"1x 2BR, 1x 3BR"
Worcester,1607,220000.0,2.0,110000.0,1584,138.89,,,,,2025-06-20,16,1890,3354.0,81.51,2x 2BR
Springfield,1105,315000.0,2.0,157500.0,2328,135.31,30000.0,10.5,30000.0,9.52,2025-06-20,21,1911,3508.0,96.92,2x 3BR
Fall River,2723,450000.0,3.0,150000.0,3305,136.16,,,,,2025-06-20,23,1900,4613.0,90.02,"2x 2BR, 1x 3BR"
Malden,2148,780000.0,2.0,390000.0,1712,455.61,20400.0,38.24,20400.0,2.62,2025-06-20,21,1900,7824.0,100.0,2x 2BR
Brockton,2301,846000.0,2.0,423000.0,2050,412.68,,,,,2025-06-20,6,1900,6801.0,105.75,2x 3BR
New Bedford,2740,671000.0,3.0,223666.67,3265,205.51,,,,,2025-06-20,26,1910,4633.0,103.25,"1x 2BR, 2x 3BR"
North Brookfield,1535,400000.0,2.0,200000.0,2630,152.09,14400.0,27.78,14400.0,3.6,2025-06-23,32,1905,4614.0,100.0,"1x 2BR, 1x 4BR"
Attleboro,2703,575000.0,3.0,191666.67,1996,288.08,45000.0,12.78,45000.0,7.83,2025-06-23,17,1910,5094.0,95.83,3x 2BR
Palmer,1080,410000.0,2.0,205000.0,3804,107.78,21600.0,18.98,21600.0,5.27,2025-06-23,29,1910,5650.0,109.33,2x 3BR
Somerville,2143,1275000.0,2.0,637500.0,2372,537.52,51156.0,24.92,51156.0,4.01,2025-06-23,13,1890,10274.0,112.93,"1x 1BR, 1x 3BR"
Fitchburg,1420,855000.0,6.0,142500.0,6624,129.08,100200.0,8.53,54350.0,6.36,2025-06-23,23,1900,7203.0,95.01,5x 2BR
New Bedford,2745,610000.0,2.0,305000.0,2312,263.84,51600.0,11.82,51600.0,8.46,2025-06-23,10,1922,4824.0,105.19,2x 3BR
Boston,2136,920000.0,2.0,460000.0,2980,308.72,27600.0,33.33,27600.0,3.0,2025-06-23,17,1910,7148.0,105.14,"1x 2BR, 1x 5BR"
Quincy,2171,1130000.0,2.0,565000.0,2343,482.29,58500.0,19.32,52800.0,4.67,2025-06-23,4,1930,9807.0,115.9,"1x 2BR, 1x 3BR"
Chicopee,1020,515000.0,2.0,257500.0,2640,195.08,13200.0,39.02,13200.0,2.56,2025-06-23,20,1988,6246.0,118.16,2x 3BR
Watertown,2472,1100000.0,2.0,550000.0,2320,474.14,61200.0,17.97,61200.0,5.56,2025-06-23,19,1925,10023.0,91.74,"1x 2BR, 1x 3BR"
New Bedford,2746,890000.0,5.0,178000.0,5541,160.62,83400.0,10.67,83400.0,9.37,2025-06-23,96,1922,8882.0,93.69,"1x 1BR, 2x 2BR, 2x 3BR"
Boston,2124,1340000.0,3.0,446666.67,4290,312.35,112800.0,11.88,78000.0,5.82,2025-06-23,11,1905,10452.0,103.16,"1x 3BR, 2x 4BR"
Springfield,1104,380000.0,2.0,190000.0,1960,193.88,,,,,2025-06-23,13,1969,4243.0,101.33,2x 2BR
Fall River,2720,790000.0,3.0,263333.33,2916,270.92,78000.0,10.13,78000.0,9.87,2025-06-23,30,1925,4367.0,97.54,3x 3BR
Deerfield,1373,480000.0,2.0,240000.0,2964,161.94,12000.0,40.0,12000.0,2.5,2025-06-23,20,1885,5191.0,106.69,2x 2BR
Marion,2738,710000.0,2.0,355000.0,3355,211.62,,,,,2025-06-24,18,1854,5751.0,97.93,2x 3BR
Worcester,1605,530000.0,2.0,265000.0,1800,294.44,,,,,2025-06-24,21,1890,5078.0,106.0,2x 3BR
Greenfield,1301,390000.0,5.0,78000.0,3253,119.89,46500.0,8.39,46500.0,11.92,2025-06-24,9,1900,7593.0,93.98,"4x 1BR, 1x 2BR"
Lynn,1902,2350000.0,12.0,195833.33,7704,305.04,237600.0,9.89,37200.0,1.58,2025-06-24,6,1910,29072.0,100.0,"1x 0BR, 1x 1BR"
Malden,2148,600000.0,2.0,300000.0,1368,438.6,,,,,2025-06-24,17,1925,6349.0,96.0,"1x 1BR, 1x 2BR"
Cambridge,2140,2000000.0,3.0,666666.67,4067,491.76,,,,,2025-06-24,9,1899,10553.0,119.4,3x 2BR
Ware,1082,388000.0,2.0,194000.0,1725,224.93,,,,,2025-06-24,25,1890,2596.0,103.47,"1x 2BR, 1x 3BR"
Malden,2148,901000.0,2.0,450500.0,2548,353.61,,,,,2025-06-24,6,1950,7674.0,107.39,2x 2BR
Worcester,1610,565000.0,2.0,282500.0,2647,213.45,21600.0,26.16,21600.0,3.82,2025-06-24,33,1890,4774.0,100.0,2x 3BR
Reading,1867,883000.0,2.0,441500.0,2584,341.72,,,,,2025-06-24,7,1920,9056.19,107.03,"1x 2BR, 1x 4BR"
Greenfield,1301,220000.0,2.0,110000.0,1797,122.43,7500.0,29.33,7500.0,3.41,2025-06-24,6,1900,3949.0,92.05,"1x 1BR, 1x 2BR"
Dighton,2715,730000.0,3.0,243333.33,2611,279.59,67500.0,10.81,67500.0,9.25,2025-06-24,27,1900,6189.0,97.33,3x 3BR
Worcester,1605,685000.0,3.0,228333.33,3111,220.19,18000.0,38.06,18000.0,2.63,2025-06-24,27,1893,6683.0,105.38,3x 3BR
East Bridgewater,2333,550000.0,2.0,275000.0,1250,440.0,,,,,2025-06-24,24,1900,5362.0,99.1,2x 1BR
Warren,1083,356500.0,2.0,178250.0,1876,190.03,34500.0,10.33,30069.0,8.43,2025-06-24,75,1882,2685.0,101.89,"1x 2BR, 1x 4BR"
Pittsfield,1201,100000.0,4.0,25000.0,4284,23.34,,,,,2025-06-24,2,1920,3900.0,133.33,4x 3BR
Revere,2151,925000.0,2.0,462500.0,2762,334.9,,,,,2025-06-24,3,1960,7137.0,101.09,"1x 1BR, 1x 3BR"
Fitchburg,1420,490000.0,2.0,245000.0,2624,186.74,,,,,2025-06-24,17,1930,5409.0,102.51,2x 3BR
Haverhill,1830,710000.0,2.0,355000.0,2523,281.41,36000.0,19.72,36000.0,5.07,2025-06-24,20,1915,5756.0,100.0,"1x 3BR, 1x 4BR"
Springfield,1108,460000.0,3.0,153333.33,3868,118.92,35400.0,12.99,35400.0,7.7,2025-06-24,90,1914,5823.0,96.84,3x 3BR
Springfield,1108,496000.0,2.0,248000.0,2340,211.97,23600.0,21.02,23600.0,4.76,2025-06-24,10,2023,5493.0,110.25,2x 3BR
Fitchburg,1420,683000.0,3.0,227666.67,3480,196.26,,,,,2025-06-24,15,1920,6198.0,105.24,"2x 3BR, 1x 4BR"
Revere,2151,910000.0,2.0,455000.0,2063,441.11,,,,,2025-06-24,8,1967,6666.0,101.12,2x 3BR
Revere,2151,1052000.0,2.0,526000.0,2848,369.38,,,,,2025-06-24,22,1911,6786.0,106.37,"1x 3BR, 1x 4BR"
Haverhill,1830,1425000.0,10.0,142500.0,6313,225.72,168240.0,8.47,107346.0,7.53,2025-06-24,15,1900,10518.0,95.0,"1x 0BR, 2x 1BR, 1x 2BR, 1x 3BR"
Springfield,1108,375000.0,2.0,187500.0,1933,194.0,,,,,2025-06-24,5,1910,3058.0,115.38,"1x 2BR, 1x 3BR"
Boston,2124,1250000.0,3.0,416666.67,4080,306.37,75000.0,16.67,75000.0,6.0,2025-06-24,12,1905,9.0,96.23,3x 3BR
Quincy,2170,1085000.0,2.0,542500.0,2300,471.74,,,,,2025-06-24,12,1942,7632.0,103.33,2x 2BR
Springfield,1109,534000.0,2.0,267000.0,2460,217.07,,,,,2025-06-24,309,2024,0.0,100.77,2x 3BR
Springfield,1109,245000.0,2.0,122500.0,3060,80.07,19200.0,12.76,19200.0,7.84,2025-06-25,6,1921,3180.0,113.95,"1x 2BR, 1x 3BR"
Westfield,1085,367340.0,2.0,183670.0,3063,119.93,32100.0,11.44,22500.0,6.13,2025-06-25,35,1910,4804.0,94.43,2x 2BR
Medford,2155,1015000.0,2.0,507500.0,2197,461.99,32400.0,31.33,21592.0,2.13,2025-06-25,14,1910,7820.0,109.14,"1x 2BR, 1x 3BR"
Chelsea,2150,635000.0,2.0,317500.0,1901,334.03,14400.0,44.1,14400.0,2.27,2025-06-25,65,1900,6019.0,96.36,"1x 1BR, 1x 2BR"
Boston,2124,1300000.0,2.0,650000.0,3415,380.67,66600.0,19.52,66600.0,5.12,2025-06-25,18,1935,11941.0,101.97,"1x 2BR, 1x 3BR"
New Bedford,2740,700000.0,3.0,233333.33,3582,195.42,43200.0,16.2,43200.0,6.17,2025-06-25,21,1905,5743.0,103.7,3x 3BR
Milford,1757,540000.0,2.0,270000.0,2410,224.07,30600.0,17.65,26157.0,4.84,2025-06-25,11,1880,5770.0,100.02,2x 2BR
New Bedford,2746,625000.0,2.0,312500.0,2200,284.09,,,,,2025-06-25,22,2025,899.0,100.0,2x 3BR
Boston,2119,1700000.0,2.0,850000.0,2950,576.27,,,,,2025-06-25,15,1999,9697.09,113.41,"1x 1BR, 1x 4BR"
Waltham,2453,1170000.0,2.0,585000.0,3060,382.35,,,,,2025-06-25,5,1910,8794.0,106.36,2x 2BR
Taunton,2780,635000.0,2.0,317500.0,2100,302.38,,,,,2025-06-25,11,1900,5780.0,113.41,2x 3BR
Fall River,2720,505000.0,2.0,252500.0,1768,285.63,21600.0,23.38,21600.0,4.28,2025-06-25,20,1921,3907.0,101.2,"1x 2BR, 1x 4BR"
Greenfield,1301,214000.0,2.0,107000.0,1817,117.78,10776.0,19.86,10776.0,5.04,2025-06-25,17,1900,3172.63,97.27,2x 2BR
Boston,2129,1405000.0,3.0,468333.33,3238,433.91,,,,,2025-06-25,43,1885,9585.0,96.96,"1x 1BR, 1x 2BR, 1x 3BR"
Medford,2155,935000.0,2.0,467500.0,2346,398.55,,,,,2025-06-25,7,1910,6741.0,100.65,2x 2BR
Belmont,2478,1265000.0,2.0,632500.0,2941,430.13,17700.0,71.47,17700.0,1.4,2025-06-25,21,1918,14511.0,126.5,"1x 2BR, 1x 4BR"
Brookline,2445,2400000.0,3.0,800000.0,5874,408.58,162000.0,14.81,157200.0,6.55,2025-06-25,14,1910,18393.0,97.96,"2x 3BR, 1x 5BR"
Fitchburg,1420,350000.0,2.0,175000.0,2064,169.57,,,,,2025-06-25,6,1890,4100.0,94.85,2x 3BR
Worcester,1605,276000.0,2.0,138000.0,3085,89.47,,,,,2025-06-25,15,1890,7111.0,102.22,2x 2BR
Everett,2149,1030000.0,3.0,343333.33,3895,264.44,31200.0,33.01,31200.0,3.03,2025-06-26,43,1910,8054.08,93.72,"1x 0BR, 2x 3BR"
Grafton,1560,650000.0,2.0,325000.0,2784,233.48,,,,,2025-06-26,7,1920,6630.0,100.02,"1x 3BR, 1x 4BR"
South Hadley,1075,427500.0,2.0,213750.0,2323,184.03,,,,,2025-06-26,26,1920,3743.0,106.9,2x 3BR
New Bedford,2740,366690.0,2.0,183345.0,1896,193.4,,,,,2025-06-26,49,1874,3820.0,101.89,2x 2BR
Waltham,2453,2342000.0,6.0,390333.33,7087,330.46,199450.0,11.74,159619.0,6.82,2025-06-26,58,1910,13981.0,91.84,"1x 1BR, 1x 4BR"
Winthrop,2152,1300000.0,3.0,433333.33,4102,316.92,98000.0,13.27,90600.0,6.97,2025-06-26,56,1906,10685.0,92.86,3x 2BR
Palmer,1079,410000.0,2.0,205000.0,2576,159.16,,,,,2025-06-26,22,1988,6179.0,102.53,2x 3BR
Leominster,1453,740000.0,3.0,246666.67,2236,330.95,76800.0,9.64,76800.0,10.38,2025-06-26,21,1900,6776.0,100.0,"1x 1BR, 2x 3BR"
Winthrop,2152,885000.0,2.0,442500.0,2454,360.64,51600.0,17.15,51600.0,5.83,2025-06-26,6,1910,6550.0,98.44,2x 3BR
Gloucester,1930,660000.0,2.0,330000.0,1770,372.88,10800.0,61.11,10800.0,1.64,2025-06-26,10,1891,4308.0,101.69,"1x 1BR, 1x 3BR"
Boston,2132,1242000.0,2.0,621000.0,2538,489.36,72000.0,17.25,72000.0,5.8,2025-06-26,32,1935,10211.0,90.33,2x 2BR
Springfield,1109,337000.0,2.0,168500.0,1800,187.22,,,,,2025-06-26,7,1989,3827.0,99.12,"2x 0BR, 2x 2BR"
Blackstone,1504,625000.0,2.0,312500.0,3837,162.89,45000.0,13.89,44400.0,7.1,2025-06-26,8,1850,5880.0,104.25,2x 3BR
Boston,2131,1000000.0,2.0,500000.0,2438,410.17,,,,,2025-06-26,7,1910,2438.0,102.25,2x 2BR
Salem,1970,1025000.0,2.0,512500.0,4310,237.82,42000.0,24.4,42000.0,4.1,2025-06-26,24,1875,9892.0,95.35,"1x 3BR, 1x 4BR"
Chicopee,1020,425000.0,2.0,212500.0,2680,158.58,24540.0,17.32,24540.0,5.77,2025-06-26,25,1920,5066.0,106.28,2x 2BR
Framingham,1702,820000.0,2.0,410000.0,2184,375.46,60000.0,13.67,60000.0,7.32,2025-06-26,27,1927,7061.0,102.5,2x 2BR
Leominster,1453,600000.0,2.0,300000.0,2520,238.1,,,,,2025-06-26,6,1957,5683.0,109.11,2x 3BR
Westfield,1085,300000.0,2.0,150000.0,1768,169.68,,,,,2025-06-26,41,1940,3742.0,92.34,2x 2BR
Melrose,2176,875000.0,2.0,437500.0,2130,410.8,,,,,2025-06-27,21,1920,7818.0,102.94,"1x 2BR, 1x 3BR"
Marshfield,2050,1000000.0,2.0,500000.0,2004,499.0,14400.0,69.44,14400.0,1.44,2025-06-27,8,1920,8336.0,100.0,"1x 2BR, 1x 4BR"
Boston,2135,2300000.0,3.0,766666.67,6066,379.16,125400.0,18.34,125400.0,5.45,2025-06-27,8,1920,22854.0,104.55,"2x 3BR, 1x 4BR"
Winthrop,2152,1120000.0,3.0,373333.33,5178,216.3,33600.0,33.33,33600.0,3.0,2025-06-27,19,1890,9830.0,112.11,3x 3BR
Weymouth,2191,650000.0,2.0,325000.0,2080,312.5,16200.0,40.12,,,2025-06-27,7,1950,6215.0,100.02,"1x 1BR, 1x 3BR"
Shrewsbury,1545,610000.0,2.0,305000.0,1636,372.86,40800.0,14.95,40800.0,6.69,2025-06-27,19,1925,5112.0,107.21,"1x 1BR, 1x 2BR"
Swampscott,1907,930000.0,2.0,465000.0,3600,258.33,29400.0,31.63,29400.0,3.16,2025-06-27,21,1890,10653.0,100.01,"1x 2BR, 1x 4BR"
Worcester,1603,660000.0,3.0,220000.0,2682,246.09,66000.0,10.0,66000.0,10.0,2025-06-27,14,1900,6763.0,101.69,"1x 0BR, 1x 3BR, 1x 4BR"
Lowell,1852,554000.0,2.0,277000.0,2120,261.32,,,,,2025-06-27,18,1900,5087.0,100.73,"1x 2BR, 1x 4BR"
Quincy,2169,700000.0,2.0,350000.0,1806,387.6,,,,,2025-06-27,21,1925,7168.0,103.72,2x 2BR
Boston,2121,1100000.0,3.0,366666.67,3042,361.6,76800.0,14.32,76800.0,6.98,2025-06-27,97,1900,9857.0,94.83,3x 3BR
Northbridge,1588,650000.0,2.0,325000.0,3252,199.88,55200.0,11.78,55200.0,8.49,2025-06-27,43,1900,4552.0,93.66,"1x 2BR, 1x 3BR"
Rockland,2370,686000.0,2.0,343000.0,1776,386.26,,,,,2025-06-27,19,1900,5825.0,110.66,2x 2BR
Lowell,1852,700000.0,2.0,350000.0,3231,216.65,,,,,2025-06-27,6,1920,5427.0,104.63,"1x 2BR, 1x 3BR"
Boston,2124,1065000.0,2.0,532500.0,2720,391.54,49200.0,21.65,49200.0,4.62,2025-06-27,39,1935,9286.0,101.43,2x 2BR
Lowell,1852,655000.0,3.0,218333.33,3164,207.02,24600.0,26.63,24600.0,3.76,2025-06-27,90,1880,6554.0,100.78,"1x 1BR, 1x 2BR, 1x 3BR"
Gardner,1440,510000.0,4.0,127500.0,2670,191.01,,,,,2025-06-27,27,1800,5241.0,92.74,"2x 1BR, 2x 2BR"
New Bedford,2746,668250.0,3.0,222750.0,3486,191.7,57600.0,11.6,57600.0,8.62,2025-06-27,4,1910,5180.0,102.81,3x 3BR
Oxford,1540,465000.0,2.0,232500.0,1882,247.08,42000.0,11.07,42000.0,9.03,2025-06-27,22,1877,4005.0,109.41,"1x 1BR, 1x 3BR"
Everett,2149,900000.0,3.0,300000.0,3244,277.44,,,,,2025-06-27,36,1900,10626.0,90.0,3x 2BR
New Bedford,2746,760000.0,9.0,84444.44,5225,145.45,112200.0,6.77,112200.0,14.76,2025-06-27,69,1919,6700.0,91.68,"4x 2BR, 1x 5BR"
Marlborough,1752,700000.0,3.0,233333.33,2300,304.35,,,,,2025-06-27,65,1880,5545.0,100.0,3x 1BR
Lawrence,1841,745000.0,2.0,372500.0,2154,345.87,,,,,2025-06-27,17,1920,5314.0,109.56,"1x 2BR, 1x 3BR"
Boston,2135,2300000.0,3.0,766666.67,5829,394.58,126900.0,18.12,126900.0,5.52,2025-06-27,8,1920,22135.0,104.55,"2x 3BR, 1x 4BR"
Yarmouth,2673,699000.0,2.0,349500.0,864,809.03,20400.0,34.26,20400.0,2.92,2025-06-27,2,1970,2855.0,117.48,2x 2BR
Amherst,1002,750000.0,2.0,375000.0,3283,228.45,48000.0,15.62,48000.0,6.4,2025-06-27,105,1850,11569.0,93.76,"1x 2BR, 1x 5BR"
Stoughton,2072,1600000.0,5.0,320000.0,3412,468.93,145800.0,10.97,117809.0,7.36,2025-06-27,33,1930,13000.0,96.97,"3x 1BR, 2x 2BR"
Southbridge,1550,475000.0,2.0,237500.0,2716,174.89,,,,,2025-06-27,7,1900,5200.0,110.47,"1x 2BR, 1x 3BR"
Worcester,1605,630000.0,3.0,210000.0,4791,131.5,55800.0,11.29,55800.0,8.86,2025-06-27,7,1890,9150.0,105.02,"1x 1BR, 2x 3BR"
Lynn,1904,655000.0,2.0,327500.0,1807,362.48,24000.0,27.29,24000.0,3.66,2025-06-27,8,1880,6449.0,109.17,"1x 1BR, 1x 2BR"
Holden,1520,515000.0,2.0,257500.0,3742,137.63,,,,,2025-06-27,5,1920,6995.0,85.85,"1x 2BR, 1x 4BR"
Springfield,1105,435000.0,3.0,145000.0,3231,134.63,48000.0,9.06,39100.0,8.99,2025-06-27,32,1899,4428.0,101.4,"1x 2BR, 2x 3BR"
Brockton,2302,1000000.0,3.0,333333.33,4353,229.73,,,,,2025-06-27,5,1900,10394.0,100.0,3x 4BR
Worcester,1610,720000.0,3.0,240000.0,3849,187.06,52800.0,13.64,52800.0,7.33,2025-06-27,21,1915,9319.0,105.11,3x 3BR
Fall River,2721,575000.0,2.0,287500.0,2258,254.65,,,,,2025-06-27,21,1919,5021.0,115.05,2x 2BR
Boston,2122,1500000.0,3.0,500000.0,4540,330.4,,,,,2025-06-27,0,1890,14452.0,100.0,3x 3BR
Somerville,2144,1830000.0,4.0,457500.0,3752,487.74,105720.0,17.31,93237.0,5.09,2025-06-27,27,1900,19157.0,106.09,"1x 1BR, 3x 2BR"
Salem,1970,910000.0,2.0,455000.0,2559,355.61,,,,,2025-06-27,20,1850,7277.0,102.36,"1x 2BR, 1x 3BR"
Lowell,1851,685000.0,2.0,342500.0,2793,245.26,,,,,2025-06-27,19,1925,5074.0,108.9,"1x 3BR, 1x 4BR"
Brockton,2301,770000.0,2.0,385000.0,2646,291.01,,,,,2025-06-27,19,1915,6937.0,104.05,2x 3BR
Cambridge,2140,1785000.0,2.0,892500.0,2092,853.25,,,,,2025-06-27,13,1910,8868.43,100.0,2x 2BR
Southbridge,1550,330000.0,2.0,165000.0,1612,204.71,18000.0,18.33,18000.0,5.45,2025-06-27,96,1937,4302.0,97.09,2x 2BR
Hopedale,1747,700000.0,2.0,350000.0,2758,253.81,16800.0,41.67,16800.0,2.4,2025-06-27,2,1949,8503.0,106.06,"1x 1BR, 1x 3BR"
Leominster,1453,695000.0,3.0,231666.67,3001,231.59,60000.0,11.58,54972.0,7.91,2025-06-27,20,1900,6203.0,99.43,"2x 2BR, 1x 3BR"
Fall River,2724,719900.0,3.0,239966.67,3210,224.27,13200.0,54.54,13200.0,1.83,2025-06-27,5,1900,5992.0,102.84,3x 3BR
Hudson,1749,1950000.0,7.0,278571.43,8744,223.01,171600.0,11.36,97820.0,5.02,2025-06-27,80,1973,18816.0,92.86,"1x 2BR, 4x 3BR"
Taunton,2780,677000.0,2.0,338500.0,1840,367.93,,,,,2025-06-27,27,1870,5980.0,104.19,"1x 2BR, 1x 3BR"
Hudson,1749,640000.0,2.0,320000.0,2992,213.9,,,,,2025-06-27,13,1910,9068.0,106.84,"1x 1BR, 1x 5BR"
Watertown,2472,1149000.0,2.0,574500.0,2642,434.9,65400.0,17.57,65400.0,5.69,2025-06-27,21,1918,11966.0,100.0,2x 3BR
Leicester,1524,650000.0,2.0,325000.0,6128,106.07,,,,,2025-06-27,15,1935,6840.0,100.02,"1x 2BR, 1x 4BR"
Everett,2149,850000.0,2.0,425000.0,2348,362.01,,,,,2025-06-30,23,1860,9465.0,106.26,"1x 2BR, 1x 3BR"
Northampton,1060,734000.0,31.0,23677.42,2604,281.87,32700.0,22.45,32700.0,4.46,2025-06-30,21,1900,7278.0,100.69,"1x 1BR, 2x 2BR"
Haverhill,1835,750000.0,2.0,375000.0,2819,266.05,,,,,2025-06-30,6,1901,5975.0,115.4,"1x 2BR, 1x 4BR"
Quincy,2169,1108000.0,2.0,554000.0,2600,426.15,61200.0,18.1,61200.0,5.52,2025-06-30,14,1918,7917.0,110.91,2x 3BR
Quincy,2170,1100000.0,2.0,550000.0,3957,277.99,,,,,2025-06-30,24,1892,14765.0,91.67,"1x 1BR, 1x 5BR"
Boston,2120,2825000.0,3.0,941666.67,4614,612.27,206400.0,13.69,206400.0,7.31,2025-06-30,89,1905,26729.0,99.12,"1x 4BR, 2x 5BR"
Lawrence,1841,770000.0,2.0,385000.0,2178,353.54,,,,,2025-06-30,21,1920,4814.0,102.68,2x 3BR
Springfield,1108,420000.0,2.0,210000.0,3348,125.45,44940.0,9.35,44940.0,10.7,2025-06-30,34,1915,5282.0,97.67,2x 4BR
Quincy,2170,938000.0,2.0,469000.0,1830,512.57,55800.0,16.81,55800.0,5.95,2025-06-30,25,1940,8380.0,103.3,2x 2BR
Amesbury,1913,990000.0,2.0,495000.0,3962,249.87,,,,,2025-06-30,19,1970,12540.0,102.17,"1x 2BR, 1x 3BR"
Amherst,1002,490750.0,2.0,245375.0,1841,266.57,,,,,2025-06-30,31,1800,9262.0,98.35,"1x 2BR, 1x 3BR"
Everett,2149,925000.0,2.0,462500.0,2551,362.6,42000.0,22.02,42000.0,4.54,2025-06-30,14,1900,9787.0,106.94,"1x 2BR, 1x 3BR"
Medford,2155,1105000.0,2.0,552500.0,2224,496.85,,,,,2025-06-30,20,1910,6930.0,116.32,2x 2BR
Grafton,1560,600000.0,2.0,300000.0,2596,231.12,,,,,2025-06-30,70,1920,6513.0,100.02,"1x 2BR, 1x 3BR"
Taunton,2780,1050000.0,3.0,350000.0,5157,203.61,,,,,2025-06-30,34,1900,9374.0,87.5,"1x 2BR, 2x 3BR"
Beverly,1915,870000.0,2.0,435000.0,2688,323.66,,,,,2025-06-30,22,1900,7795.0,96.77,2x 4BR
Gloucester,1930,675000.0,2.0,337500.0,2222,303.78,11400.0,59.21,5235.0,0.78,2025-06-30,5,1900,5203.0,103.86,"1x 2BR, 1x 3BR"
Bridgewater,2324,750000.0,3.0,250000.0,2626,285.61,,,,,2025-06-30,19,1910,6707.0,100.01,"2x 1BR, 1x 2BR"
Waltham,2453,2200000.0,7.0,314285.71,5562,395.54,138000.0,15.94,82800.0,3.76,2025-06-30,35,1878,14897.0,91.67,"3x 1BR, 1x 2BR, 1x 3BR"
Boston,2124,1425000.0,3.0,475000.0,3673,387.97,,,,,2025-06-30,23,1922,13304.0,89.12,3x 2BR
Salisbury,1952,1550000.0,2.0,775000.0,3968,390.63,,,,,2025-06-30,90,2025,0.0,97.0,2x 3BR
New Bedford,2746,622500.0,3.0,207500.0,3330,186.94,,,,,2025-06-30,31,1910,4889.0,95.78,"2x 2BR, 1x 3BR"
Milton,2186,1325000.0,2.0,662500.0,2523,525.17,42000.0,31.55,42000.0,3.17,2025-06-30,6,1925,9831.0,106.08,"1x 2BR, 1x 3BR"
Boston,2130,1210000.0,2.0,605000.0,2738,441.93,91200.0,13.27,91200.0,7.54,2025-06-30,24,1905,11655.0,96.8,"1x 3BR, 1x 4BR"
Methuen,1844,922000.0,3.0,307333.33,2998,307.54,74820.0,12.32,74820.0,8.11,2025-06-30,16,1930,6611.0,102.44,"1x 2BR, 2x 4BR"
Milford,1757,750000.0,2.0,375000.0,3772,198.83,4300.0,174.42,51600.0,6.88,2025-06-30,4,1820,7574.0,110.29,"1x 2BR, 1x 4BR"
Falmouth,2540,1175000.0,1.0,1175000.0,2900,405.17,,,,,2025-06-30,45,1984,5668.0,97.92,"1x 1BR, 1x 3BR"
Somerville,2145,1940000.0,4.0,485000.0,4409,440.01,73800.0,26.29,73800.0,3.8,2025-06-30,111,1900,13093.0,88.19,"3x 1BR, 1x 3BR"
New Bedford,2740,673350.0,3.0,224450.0,2891,232.91,27600.0,24.4,27600.0,4.1,2025-06-30,52,1902,5736.0,96.21,3x 2BR
Peabody,1960,821000.0,2.0,410500.0,1948,421.46,21000.0,39.1,21000.0,2.56,2025-06-30,39,1922,6277.0,102.75,"1x 1BR, 1x 2BR"
Quincy,2169,859000.0,2.0,429500.0,1904,451.16,,,,,2025-06-30,34,1920,8570.0,100.0,"1x 2BR, 1x 3BR"
Abington,2351,700000.0,2.0,350000.0,2876,243.39,,,,,2025-06-30,8,1890,7425.0,93.33,2x 3BR
New Bedford,2744,562000.0,2.0,281000.0,2356,238.54,54000.0,10.41,54000.0,9.61,2025-06-30,7,1922,4786.0,102.2,2x 3BR
Worcester,1605,750000.0,3.0,250000.0,4005,187.27,27600.0,27.17,27600.0,3.68,2025-06-30,21,1911,7241.0,100.0,3x 3BR
Boston,2125,851500.0,3.0,283833.33,3515,242.25,,,,,2025-06-30,62,1905,5727.0,96.76,3x 3BR
Northbridge,1534,716000.0,3.0,238666.67,2465,290.47,44100.0,16.24,11356.0,1.59,2025-06-30,20,1912,5249.0,110.15,"1x 1BR, 2x 2BR"
Shrewsbury,1545,665000.0,2.0,332500.0,1881,353.54,37200.0,17.88,37200.0,5.59,2025-06-30,23,1925,7113.0,98.53,"1x 1BR, 1x 3BR"
Spencer,1562,300000.0,99.0,3030.3,6912,43.4,131976.0,2.27,131976.0,43.99,2025-06-30,27,1860,2079.0,75.95,2x 9BR
Boston,2132,1425000.0,2.0,712500.0,2700,527.78,30000.0,47.5,30000.0,2.11,2025-06-30,23,1915,5881.23,95.06,"1x 2BR, 1x 3BR"
Dudley,1571,360000.0,3.0,120000.0,1956,184.05,13200.0,27.27,13200.0,3.67,2025-06-30,21,1920,3319.0,98.63,"1x 1BR, 2x 2BR"
Boston,2125,950000.0,2.0,475000.0,3960,239.9,18000.0,52.78,18000.0,1.89,2025-06-30,30,1910,7545.54,73.13,"1x 2BR, 1x 5BR"
Pittsfield,1201,320000.0,5.0,64000.0,4260,75.12,73200.0,4.37,73200.0,22.88,2025-06-30,18,1900,4092.0,107.02,"1x 1BR, 2x 2BR, 2x 3BR"
Springfield,1108,475000.0,2.0,237500.0,3181,149.32,,,,,2025-06-30,17,1912,4853.0,100.02,"1x 2BR, 1x 5BR"
Fitchburg,1420,550000.0,2.0,275000.0,2688,204.61,,,,,2025-06-30,31,1910,5216.0,110.0,2x 3BR
Lawrence,1841,710000.0,2.0,355000.0,2020,351.49,15600.0,45.51,15600.0,2.2,2025-06-30,27,1900,5342.0,100.01,2x 2BR
Springfield,1108,353900.0,2.0,176950.0,2844,124.44,,,,,2025-06-30,47,1890,2479.0,92.16,"1x 2BR, 1x 6BR"
Worcester,1604,352000.0,2.0,176000.0,1580,222.78,50400.0,6.98,50400.0,14.32,2025-06-30,7,1924,6052.0,117.73,2x 2BR
Medford,2155,1185000.0,2.0,592500.0,2502,473.62,61800.0,19.17,61800.0,5.22,2025-06-30,14,1925,8835.0,103.05,"1x 2BR, 1x 3BR"
Lawrence,1843,905000.0,3.0,301666.67,3708,244.07,,,,,2025-06-30,22,1900,5687.0,113.27,3x 3BR
Brockton,2302,890000.0,3.0,296666.67,4286,207.65,63000.0,14.13,63000.0,7.08,2025-06-30,27,1900,9147.0,99.0,"1x 2BR, 2x 3BR"
New Bedford,2744,680000.0,2.0,340000.0,3190,213.17,45600.0,14.91,45600.0,6.71,2025-06-30,22,1922,5270.0,104.78,"1x 3BR, 1x 4BR"
Fairhaven,2719,450000.0,2.0,225000.0,1065,422.54,,,,,2025-06-30,54,1950,3968.0,97.83,"1x 1BR, 1x 2BR"
Lowell,1852,720000.0,2.0,360000.0,2836,253.88,28200.0,25.53,28200.0,3.92,2025-06-30,18,1900,6666.0,110.79,2x 3BR
Gardner,1440,425000.0,2.0,212500.0,3635,116.92,36000.0,11.81,36000.0,8.47,2025-06-30,29,1840,6007.0,96.61,"1x 2BR, 1x 5BR"
Boston,2124,1400000.0,3.0,466666.67,3981,351.67,,,,,2025-06-30,14,1905,13531.0,96.35,"2x 2BR, 1x 3BR"
Fitchburg,1420,540000.0,2.0,270000.0,2340,230.77,30000.0,18.0,30000.0,5.56,2025-06-30,24,1910,5666.0,93.91,"1x 2BR, 1x 4BR"
Webster,1570,495000.0,3.0,165000.0,2547,194.35,27600.0,17.93,27600.0,5.58,2025-06-30,42,1900,4030.0,101.04,"1x 1BR, 2x 2BR"
Worcester,1602,680000.0,2.0,340000.0,2648,256.8,22200.0,30.63,22200.0,3.26,2025-06-30,17,1930,7819.0,100.01,2x 3BR
Boston,2126,865000.0,2.0,432500.0,2820,306.74,69600.0,12.43,69600.0,8.05,2025-06-30,20,1920,7999.0,108.26,2x 3BR
Watertown,2472,1485000.0,2.0,742500.0,3178,467.28,,,,,2025-07-01,7,1920,14350.0,94.29,2x 2BR
West Newbury,1985,830000.0,3.0,276666.67,3288,252.43,36600.0,22.68,18600.0,2.24,2025-07-01,18,1795,7705.0,97.76,"2x 1BR, 1x 3BR"
Worcester,1604,885000.0,3.0,295000.0,4176,211.93,78480.0,11.28,78480.0,8.87,2025-07-01,16,1920,9013.0,98.33,3x 3BR
Springfield,1151,475000.0,4.0,118750.0,4704,100.98,10920.0,43.5,10920.0,2.3,2025-07-01,60,1906,3473.0,100.0,4x 3BR
Easthampton,1027,540000.0,2.0,270000.0,2216,243.68,31350.0,17.22,16253.0,3.01,2025-07-01,8,1908,4971.0,108.22,"1x 1BR, 1x 2BR"
South Hadley,1075,505000.0,1.0,505000.0,3920,128.83,,,,,2025-07-01,30,1880,8295.0,99.02,"1x 2BR, 1x 4BR"
Chicopee,1020,333000.0,2.0,166500.0,1524,218.5,,,,,2025-07-01,2,1880,4195.0,95.14,"1x 1BR, 1x 2BR"
Fitchburg,1420,680000.0,4.0,170000.0,3436,197.9,57300.0,11.87,51046.0,7.51,2025-07-01,23,1910,8329.0,97.28,"1x 1BR, 3x 2BR"
Northampton,1060,600000.0,2.0,300000.0,2290,262.01,57540.0,10.43,49690.0,8.28,2025-07-01,70,1918,6006.0,96.0,"1x 3BR, 1x 4BR"
Brockton,2301,690000.0,2.0,345000.0,1536,449.22,37200.0,18.55,37200.0,5.39,2025-07-01,35,1925,6745.0,97.87,"1x 2BR, 1x 3BR"
Cambridge,2139,2550000.0,4.0,637500.0,3831,665.62,28800.0,88.54,28800.0,1.13,2025-07-01,9,1900,11568.0,94.44,4x 3BR
Malden,2148,795000.0,2.0,397500.0,1566,507.66,,,,,2025-07-01,23,1900,7423.0,101.92,"1x 1BR, 1x 2BR"
Leominster,1453,775000.0,4.0,193750.0,2873,269.75,22500.0,34.44,22500.0,2.9,2025-07-01,8,1900,6849.0,98.1,"1x 1BR, 3x 2BR"
Leominster,1453,770000.0,3.0,256666.67,2616,294.34,72600.0,10.61,72600.0,9.43,2025-07-01,6,1920,6149.0,105.49,3x 2BR
Plymouth,2360,657500.0,2.0,328750.0,2726,241.2,70800.0,9.29,70800.0,10.77,2025-07-01,30,1900,6897.0,93.94,2x 3BR
Somerville,2143,1900000.0,4.0,475000.0,3974,478.11,99600.0,19.08,99600.0,5.24,2025-07-01,34,1900,16695.0,90.48,"2x 1BR, 2x 3BR"
Springfield,1109,325000.0,2.0,162500.0,2863,113.52,,,,,2025-07-01,101,1897,4055.0,104.84,"1x 2BR, 1x 3BR"
Newton,2458,1600000.0,3.0,533333.33,4298,372.27,,,,,2025-07-01,12,1895,13085.0,95.24,"1x 1BR, 1x 2BR, 1x 4BR"
Everett,2149,1310000.0,3.0,436666.67,3423,382.71,99600.0,13.15,99600.0,7.6,2025-07-01,16,1900,12018.0,109.17,"1x 1BR, 1x 2BR, 1x 5BR"
Lawrence,1841,1162520.0,4.0,290630.0,11000,105.68,96000.0,12.11,96000.0,8.26,2025-07-01,29,1900,8441.0,92.26,4x 3BR
New Bedford,2740,650000.0,4.0,162500.0,3520,184.66,39000.0,16.67,39000.0,6.0,2025-07-01,22,1857,6225.02,100.0,"1x 0BR, 3x 2BR"
Fall River,2721,703500.0,6.0,117250.0,4325,162.66,89400.0,7.87,70065.0,9.96,2025-07-01,35,1900,5634.0,88.05,"3x 1BR, 2x 2BR"
New Bedford,2740,660000.0,3.0,220000.0,4069,162.2,,,,,2025-07-01,21,1884,5312.0,101.69,3x 3BR
Amesbury,1913,745000.0,2.0,372500.0,2065,360.77,,,,,2025-07-01,17,1890,7907.0,108.76,"1x 1BR, 1x 2BR"
Newton,2459,1750000.0,2.0,875000.0,2864,611.03,,,,,2025-07-01,6,1900,11305.0,109.38,2x 2BR
Ware,1082,280000.0,2.0,140000.0,2080,134.62,25800.0,10.85,25800.0,9.21,2025-07-01,37,1850,2925.0,100.0,2x 4BR
Arlington,2474,1475000.0,2.0,737500.0,3654,403.67,28800.0,51.22,28800.0,1.95,2025-07-01,8,1924,12884.0,107.27,"1x 2BR, 1x 3BR"
Fall River,2720,1110000.0,6.0,185000.0,4499,246.72,6000.0,185.0,6000.0,0.54,2025-07-01,22,1900,11039.0,101.0,3x 2BR
Shirley,1464,1050000.0,8.0,131250.0,4964,211.52,114600.0,9.16,90118.0,8.58,2025-07-01,35,1900,7667.0,87.5,5x 1BR
Millbury,1527,700000.0,2.0,350000.0,2228,314.18,,,,,2025-07-01,7,1920,7611.0,100.0,"1x 3BR, 1x 4BR"
Boston,2127,2550000.0,3.0,850000.0,3841,663.89,219000.0,11.64,219000.0,8.59,2025-07-01,145,1905,16801.0,91.4,"1x 3BR, 2x 5BR"
Mansfield,2048,745000.0,2.0,372500.0,2623,284.03,,,,,2025-07-01,27,1922,9100.0,98.16,"1x 2BR, 1x 3BR"
Acushnet,2743,275000.0,2.0,137500.0,2884,95.35,,,,,2025-07-01,12,1833,4867.0,73.33,2x 1BR
Springfield,1108,400000.0,2.0,200000.0,3277,122.06,29400.0,13.61,29400.0,7.35,2025-07-01,4,1911,4759.0,103.9,2x 4BR
New Bedford,2746,525000.0,2.0,262500.0,1911,274.73,,,,,2025-07-01,39,1904,3298.0,100.0,"1x 1BR, 1x 3BR"
Fall River,2723,620000.0,2.0,310000.0,2030,305.42,42000.0,14.76,42000.0,6.77,2025-07-01,14,1925,6194.0,107.08,2x 3BR
Boston,2131,900000.0,2.0,450000.0,2168,415.13,,,,,2025-07-01,8,1900,9016.0,105.88,2x 2BR
Quincy,2169,1100000.0,3.0,366666.67,3392,324.29,33600.0,32.74,33600.0,3.05,2025-07-01,21,1900,11179.0,110.11,"1x 2BR, 2x 3BR"
Grafton,1560,500000.0,3.0,166666.67,2254,221.83,27000.0,18.52,21485.0,4.3,2025-07-01,1,1922,6942.0,105.26,"2x 1BR, 1x 2BR"
Fall River,2721,1407000.0,12.0,117250.0,4325,325.32,171000.0,8.23,135095.0,9.6,2025-07-01,35,1900,10493.0,93.8,"3x 1BR, 2x 2BR"
Brockton,2301,960000.0,6.0,160000.0,3816,251.57,121800.0,7.88,89761.0,9.35,2025-07-02,74,1900,8986.0,97.46,5x 1BR
Belmont,2478,1120000.0,2.0,560000.0,2300,486.96,,,,,2025-07-02,9,1919,12746.0,112.56,2x 2BR
Quincy,2170,1165000.0,2.0,582500.0,2300,506.52,,,,,2025-07-02,7,1973,11816.0,108.37,2x 2BR
Westfield,1085,365000.0,2.0,182500.0,1536,237.63,34200.0,10.67,31750.0,8.7,2025-07-02,6,1972,3903.0,105.19,2x 2BR
Middleboro,2346,500000.0,4.0,125000.0,4668,107.11,,,,,2025-07-02,117,1826,8986.0,76.92,"3x 2BR, 1x 5BR"
Beverly,1915,810000.0,3.0,270000.0,3513,230.57,,,,,2025-07-02,6,1890,8380.0,95.41,3x 2BR
Melrose,2176,1112527.0,2.0,556263.5,2264,491.4,34200.0,32.53,34200.0,3.07,2025-07-02,20,1890,8863.0,111.26,2x 2BR
Somerville,2144,1105000.0,2.0,552500.0,2561,431.47,56400.0,19.59,56400.0,5.1,2025-07-02,68,1900,11152.52,92.16,"1x 1BR, 1x 3BR"
Peabody,1960,955000.0,2.0,477500.0,3296,289.75,33600.0,28.42,33600.0,3.52,2025-07-02,8,1920,6926.0,109.14,"1x 2BR, 1x 3BR"
Fall River,2724,923000.0,4.0,230750.0,4750,194.32,110400.0,8.36,110400.0,11.96,2025-07-02,11,1930,6925.0,106.09,"3x 3BR, 1x 4BR"
Somerville,2144,1695000.0,2.0,847500.0,3080,550.32,84000.0,20.18,84000.0,4.96,2025-07-02,33,1920,14708.9,106.27,"1x 2BR, 1x 3BR"
Attleboro,2703,600000.0,2.0,300000.0,2417,248.24,,,,,2025-07-02,77,1910,5998.0,100.17,2x 3BR
Arlington,2474,1280000.0,2.0,640000.0,2564,499.22,26400.0,48.48,26400.0,2.06,2025-07-02,21,1923,11697.0,98.47,2x 2BR
Everett,2149,855000.0,3.0,285000.0,2204,387.93,33600.0,25.45,33600.0,3.93,2025-07-02,12,1950,6442.0,114.02,"2x 1BR, 1x 3BR"
Fitchburg,1420,150000.0,3.0,50000.0,2922,51.33,,,,,2025-07-02,20,1900,5270.0,53.59,3x 2BR
Worcester,1610,620000.0,2.0,310000.0,2400,258.33,,,,,2025-07-02,21,2005,6373.0,108.79,"1x 1BR, 1x 3BR"
Boston,2130,1525000.0,2.0,762500.0,2216,688.18,,,,,2025-07-02,8,1820,7442.62,117.4,"1x 1BR, 1x 3BR"
Weymouth,2189,875000.0,2.0,437500.0,2282,383.44,22200.0,39.41,22200.0,2.54,2025-07-02,20,1908,6701.0,106.06,2x 3BR
Fall River,2723,703500.0,2.0,351750.0,3271,215.07,,,,,2025-07-02,20,1973,6326.0,100.64,"1x 3BR, 1x 4BR"
Fall River,2723,560000.0,2.0,280000.0,3309,169.24,,,,,2025-07-02,42,1925,5298.0,103.72,2x 3BR
Merrimac,1860,870000.0,4.0,217500.0,4290,202.8,36000.0,24.17,36000.0,4.14,2025-07-02,13,1881,9129.0,110.14,"1x 1BR, 2x 2BR, 1x 3BR"
Cambridge,2138,2000000.0,2.0,1000000.0,2958,676.13,107400.0,18.62,107400.0,5.37,2025-07-02,37,1903,11718.0,91.12,2x 4BR
Lynn,1902,765000.0,2.0,382500.0,2166,353.19,49200.0,15.55,49200.0,6.43,2025-07-02,6,1900,6371.4,102.0,2x 2BR
Boston,2135,1459000.0,2.0,729500.0,4076,357.95,63600.0,22.94,63600.0,4.36,2025-07-02,15,1901,14510.0,104.29,"1x 2BR, 1x 7BR"
Springfield,1108,400000.0,2.0,200000.0,3221,124.19,21000.0,19.05,21000.0,5.25,2025-07-03,44,1911,5226.0,100.03,"1x 3BR, 1x 5BR"
Everett,2149,1090000.0,2.0,545000.0,2090,521.53,75600.0,14.42,75600.0,6.94,2025-07-03,70,1900,6862.0,99.82,"1x 2BR, 1x 3BR"
Malden,2148,1079000.0,2.0,539500.0,2559,421.65,67200.0,16.06,67200.0,6.23,2025-07-03,22,1910,9158.0,100.0,"1x 2BR, 1x 3BR"
New Bedford,2740,550000.0,2.0,275000.0,2108,260.91,,,,,2025-07-03,31,1912,4445.96,100.02,2x 2BR
Lynn,1902,820000.0,2.0,410000.0,2634,311.31,40800.0,20.1,40800.0,4.98,2025-07-03,12,1920,6803.0,98.81,2x 2BR
Winchendon,1475,455900.0,2.0,227950.0,2392,190.59,21600.0,21.11,21600.0,4.74,2025-07-03,15,1927,3202.0,100.0,2x 2BR
Springfield,1109,490000.0,2.0,245000.0,2400,204.17,,,,,2025-07-03,0,2025,0.0,100.0,2x 3BR
Newton,2468,1650000.0,2.0,825000.0,2422,681.26,67200.0,24.55,67200.0,4.07,2025-07-03,18,1956,10034.0,103.13,2x 3BR
Clinton,1510,420000.0,2.0,210000.0,1976,212.55,,,,,2025-07-03,19,1910,4994.0,107.44,2x 2BR
Salisbury,1952,722000.0,2.0,361000.0,2960,243.92,,,,,2025-07-03,21,1930,6920.0,103.16,"1x 2BR, 1x 3BR"
Watertown,2472,1630000.0,3.0,543333.33,5385,302.69,98000.0,16.63,78000.0,4.79,2025-07-03,7,1910,11800.0,108.67,"1x 2BR, 1x 3BR, 1x 4BR"
Revere,2151,890000.0,2.0,445000.0,2397,371.3,,,,,2025-07-03,81,1920,6476.0,98.89,"1x 2BR, 1x 4BR"
Boston,2136,870000.0,2.0,435000.0,2500,348.0,31200.0,27.88,31200.0,3.59,2025-07-03,46,1960,6554.0,101.28,2x 3BR
Arlington,2476,1306000.0,2.0,653000.0,2361,553.16,17400.0,75.06,17400.0,1.33,2025-07-03,5,1916,10948.0,108.92,2x 2BR
Worcester,1603,640000.0,3.0,213333.33,3199,200.06,,,,,2025-07-03,15,1890,6214.0,98.46,3x 2BR
Belmont,2478,1749000.0,2.0,874500.0,3825,457.25,111600.0,15.67,111600.0,6.38,2025-07-03,18,1949,14648.0,100.0,2x 4BR
Taunton,2780,620000.0,2.0,310000.0,2592,239.2,,,,,2025-07-03,6,1900,5985.0,106.9,2x 3BR
Worcester,1606,480000.0,2.0,240000.0,1727,277.94,39900.0,12.03,39900.0,8.31,2025-07-07,26,1893,5058.0,91.43,"1x 1BR, 1x 2BR"
Lowell,1854,830000.0,2.0,415000.0,2990,277.59,91200.0,9.1,91200.0,10.99,2025-07-07,39,1900,7336.0,97.66,"1x 2BR, 2x 4BR"
Springfield,1109,393000.0,2.0,196500.0,3081,127.56,38400.0,10.23,38400.0,9.77,2025-07-07,7,1924,4936.0,104.8,"1x 3BR, 1x 5BR"
Southbridge,1550,520000.0,3.0,173333.33,3744,138.89,31200.0,16.67,31200.0,6.0,2025-07-07,18,1890,6074.0,98.13,"1x 1BR, 2x 3BR"
Fitchburg,1420,530000.0,3.0,176666.67,3150,168.25,21600.0,24.54,21600.0,4.08,2025-07-07,42,1900,5884.0,106.02,3x 2BR
Attleboro,2703,610000.0,2.0,305000.0,1968,309.96,23400.0,26.07,23400.0,3.84,2025-07-07,21,1900,4792.0,107.21,2x 2BR
Belmont,2478,1300000.0,2.0,650000.0,2668,487.26,24000.0,54.17,24000.0,1.85,2025-07-07,20,1898,15650.0,100.08,"1x 2BR, 1x 4BR"
Newton,2460,1380000.0,2.0,690000.0,2948,468.11,103200.0,13.37,103200.0,7.48,2025-07-07,20,1920,11975.0,98.92,"1x 1BR, 2x 2BR"
Somerville,2143,1300000.0,2.0,650000.0,2007,647.73,26400.0,49.24,26400.0,2.03,2025-07-07,5,1890,11667.0,104.01,"1x 1BR, 1x 2BR"
Brookline,2446,3200000.0,2.0,1600000.0,4624,692.04,,,,,2025-07-07,4,1920,25376.0,100.03,"1x 3BR, 1x 4BR"
Other,2895,424900.0,2.0,212450.0,1500,283.27,34800.0,12.21,34000.0,8.0,2025-07-07,76,1920,3730.0,97.7,"1x 1BR, 1x 3BR"
Revere,2151,1010000.0,2.0,505000.0,2844,355.13,,,,,2025-07-07,38,1986,7081.0,99.02,2x 3BR
Framingham,1702,750000.0,3.0,250000.0,2070,362.32,24000.0,31.25,24000.0,3.2,2025-07-07,32,1922,7952.0,103.59,"2x 1BR, 1x 2BR"
Brockton,2301,609000.0,3.0,203000.0,3200,190.31,,,,,2025-07-07,97,1925,6613.0,89.57,3x 3BR
Quincy,2169,755000.0,2.0,377500.0,1600,471.88,,,,,2025-07-08,31,1880,5744.0,94.39,"1x 2BR, 1x 3BR"
Boston,2128,750000.0,3.0,250000.0,1808,414.82,,,,,2025-07-08,27,1875,6075.0,93.87,"1x 1BR, 1x 2BR, 1x 3BR"
Boston,2131,1074000.0,2.0,537000.0,2600,413.08,,,,,2025-07-08,14,1910,8018.0,102.38,"1x 2BR, 1x 3BR"
Everett,2149,1305000.0,3.0,435000.0,3858,338.26,105600.0,12.36,79369.0,6.08,2025-07-08,9,1920,9.0,104.4,"1x 2BR, 2x 3BR"
Watertown,2472,1250000.0,2.0,625000.0,3129,399.49,,,,,2025-07-08,17,1920,12599.0,100.0,"1x 2BR, 1x 5BR"
Revere,2151,1200000.0,2.0,600000.0,4492,267.14,78000.0,15.38,78000.0,6.5,2025-07-08,13,2024,9999999.0,100.08,"1x 2BR, 1x 3BR"
Brookline,2445,5400000.0,7.0,771428.57,13328,405.16,241200.0,22.39,156361.0,2.9,2025-07-08,42,1900,48893.0,94.74,"3x 2BR, 2x 3BR"
Springfield,1109,325000.0,2.0,162500.0,1795,181.06,18000.0,18.06,18000.0,5.54,2025-07-08,17,1901,2421.0,97.01,"1x 3BR, 1x 4BR"
Lawrence,1843,744000.0,2.0,372000.0,1872,397.44,,,,,2025-07-08,20,1920,5171.0,106.3,2x 2BR
Malden,2148,728000.0,2.0,364000.0,1709,425.98,14400.0,50.56,14400.0,1.98,2025-07-08,14,1880,7826.0,100.0,"1x 1BR, 1x 3BR"
Holyoke,1040,460000.0,2.0,230000.0,3170,145.11,19680.0,23.37,19680.0,4.28,2025-07-08,44,1915,8529.0,102.22,"1x 4BR, 1x 7BR"
Leominster,1453,750000.0,4.0,187500.0,4154,180.55,,,,,2025-07-08,21,1920,5993.0,103.46,"1x 0BR, 3x 3BR"
Waltham,2453,1655000.0,4.0,413750.0,5000,331.0,,,,,2025-07-08,19,1870,16081.0,91.94,2x 2BR
Worcester,1610,790000.0,3.0,263333.33,4680,168.8,23400.0,33.76,23400.0,2.96,2025-07-08,19,1923,7371.0,109.74,3x 3BR
Boston,2113,1850000.0,2.0,925000.0,2560,722.66,,,,,2025-07-08,37,1890,0.0,97.37,2x 2BR
Salem,1970,855000.0,2.0,427500.0,2005,426.43,61200.0,13.97,61200.0,7.16,2025-07-08,35,1880,8652.0,100.59,"1x 2BR, 1x 3BR"
Pittsfield,1201,100000.0,2.0,50000.0,2045,48.9,,,,,2025-07-08,17,1920,2231.0,69.01,2x 2BR
Boston,2116,5000000.0,7.0,714285.71,6412,779.79,96600.0,51.76,96600.0,1.93,2025-07-08,23,1910,29962.0,100.1,"1x 0BR, 4x 1BR"
Boston,2115,9850000.0,23.0,428260.87,13246,743.62,712162.0,13.83,548923.0,5.57,2025-07-08,34,1899,51616.0,98.5,2x 0BR
Boston,2131,1070000.0,3.0,356666.67,3492,306.41,,,,,2025-07-08,6,1905,12846.0,97.27,3x 3BR
Northborough,1532,697670.0,2.0,348835.0,3154,221.2,,,26400.0,3.78,2025-07-08,100,1900,5743.0,99.81,"1x 2BR, 1x 5BR"
Boston,2135,1700000.0,2.0,850000.0,3672,462.96,34200.0,49.71,34200.0,2.01,2025-07-08,12,1930,15960.0,100.0,"1x 3BR, 1x 4BR"
Quincy,2170,1272000.0,2.0,636000.0,3221,394.91,68400.0,18.6,68400.0,5.38,2025-07-09,19,1900,11244.0,98.6,"1x 2BR, 1x 4BR"
Worcester,1610,770000.0,5.0,154000.0,4661,165.2,13200.0,58.33,13200.0,1.71,2025-07-09,166,1890,10744.0,95.36,5x 2BR
Somerville,2143,1280000.0,2.0,640000.0,2279,561.65,85080.0,15.04,85080.0,6.65,2025-07-09,7,1900,12087.0,100.39,"1x 2BR, 1x 4BR"
Worcester,1606,710000.0,2.0,355000.0,3777,187.98,,,,,2025-07-09,17,1910,9495.0,101.44,"1x 3BR, 1x 4BR"
Webster,1570,410000.0,2.0,205000.0,2970,138.05,34800.0,11.78,27000.0,6.59,2025-07-09,64,1860,4020.0,97.64,2x 4BR
Boston,2127,3000000.0,3.0,1000000.0,4313,695.57,241800.0,12.41,186155.0,6.21,2025-07-09,24,1885,26808.0,96.77,3x 4BR
New Bedford,2746,500000.0,3.0,166666.67,2222,225.02,,,,,2025-07-09,20,1892,4143.0,100.0,3x 2BR
Maynard,1754,526500.0,2.0,263250.0,2136,246.49,45540.0,11.56,45540.0,8.65,2025-07-09,29,1880,7569.0,94.19,"1x 1BR, 1x 3BR"
Maynard,1754,483500.0,2.0,241750.0,1260,383.73,48756.0,9.92,38453.0,7.95,2025-07-09,29,1915,6683.0,96.89,2x 2BR
Somerville,2145,1400000.0,2.0,700000.0,2801,499.82,22800.0,61.4,22800.0,1.63,2025-07-09,6,1900,11694.0,108.11,2x 2BR
Somerville,2143,1660000.0,3.0,553333.33,3573,464.6,96000.0,17.29,96000.0,5.78,2025-07-09,64,1920,17524.0,94.86,3x 3BR
Boston,2124,1100000.0,3.0,366666.67,4161,264.36,,,,,2025-07-09,14,1905,7407.54,95.65,3x 3BR
Blackstone,1504,585000.0,4.0,146250.0,4300,136.05,54600.0,10.71,54600.0,9.33,2025-07-09,8,1900,6531.0,97.5,4x 2BR
Greenfield,1301,405000.0,2.0,202500.0,2371,170.81,16200.0,25.0,16200.0,4.0,2025-07-09,5,1900,4978.0,108.0,2x 2BR
Watertown,2472,1250000.0,3.0,416666.67,3921,318.8,,,,,2025-07-09,92,1920,11959.0,86.21,3x 2BR
Boston,2128,590000.0,2.0,295000.0,1598,369.21,,,,,2025-07-09,40,1900,6539.0,98.33,2x 1BR
New Bedford,2746,650000.0,3.0,216666.67,3312,196.26,26400.0,24.62,26400.0,4.06,2025-07-09,7,1910,6187.0,103.19,3x 3BR
Everett,2149,900000.0,2.0,450000.0,2396,375.63,,,,,2025-07-10,6,1910,8931.0,105.89,"1x 2BR, 1x 3BR"
Boston,2135,1300000.0,3.0,433333.33,3132,415.07,,,,,2025-07-10,17,1925,12209.0,101.96,"1x 1BR, 2x 3BR"
Cambridge,2139,2700000.0,2.0,1350000.0,1958,1378.96,,,,,2025-07-10,12,1854,8530.0,135.0,2x 3BR
Somerville,2144,1520000.0,3.0,506666.67,3621,419.77,55800.0,27.24,31173.0,2.05,2025-07-10,6,1910,15627.0,105.19,3x 2BR
Winthrop,2152,935000.0,2.0,467500.0,2124,440.21,30000.0,31.17,30000.0,3.21,2025-07-10,28,1920,7329.0,104.0,2x 2BR
New Bedford,2740,545000.0,2.0,272500.0,2244,242.87,,,,,2025-07-10,220,1876,4087.0,110.1,2x 3BR
Brookline,2467,1680000.0,3.0,560000.0,3230,520.12,97080.0,17.31,89397.0,5.32,2025-07-10,18,1919,15524.0,112.37,"2x 2BR, 1x 3BR"
Cambridge,2139,2334000.0,3.0,778000.0,3669,636.14,132000.0,17.68,101356.0,4.34,2025-07-10,91,1916,15060.0,97.25,3x 4BR
Boston,2127,1400000.0,2.0,700000.0,1680,833.33,120000.0,11.67,120000.0,8.57,2025-07-10,84,1890,9138.0,90.32,"1x 1BR, 1x 5BR"
Lowell,1851,740000.0,2.0,370000.0,2592,285.49,,,,,2025-07-10,19,1910,6219.0,112.14,2x 2BR
Springfield,1109,423000.0,2.0,211500.0,2801,151.02,26400.0,16.02,26400.0,6.24,2025-07-10,45,1910,3936.0,100.74,"1x 2BR, 1x 5BR"
Springfield,1109,520000.0,2.0,260000.0,3558,146.15,,,,,2025-07-10,16,1911,4033.0,106.34,2x 5BR
Boston,2132,1100000.0,2.0,550000.0,2728,403.23,,,,,2025-07-10,13,1930,5600.08,91.67,"1x 0BR, 1x 3BR"
Quincy,2169,950000.0,2.0,475000.0,2006,473.58,55200.0,17.21,55200.0,5.81,2025-07-10,17,1925,7414.0,111.9,2x 2BR
Waltham,2453,880000.0,2.0,440000.0,3124,281.69,45000.0,19.56,45000.0,5.11,2025-07-10,28,1920,8822.0,95.15,"1x 2BR, 1x 3BR"
Seekonk,2771,1175000.0,6.0,195833.33,4478,262.39,108000.0,10.88,108000.0,9.19,2025-07-10,42,1910,8545.0,94.0,5x 1BR
Framingham,1702,1230000.0,2.0,615000.0,3678,334.42,135000.0,9.11,135000.0,10.98,2025-07-10,9,1926,9089.0,102.93,"1x 3BR, 1x 5BR"
Arlington,2476,1625000.0,2.0,812500.0,3324,488.87,,,,,2025-07-10,13,1909,12494.0,114.04,2x 3BR
Worcester,1602,680000.0,2.0,340000.0,2871,236.85,49200.0,13.82,49200.0,7.24,2025-07-10,21,1918,7534.0,106.42,"1x 3BR, 1x 4BR"
Springfield,1151,437537.0,3.0,145845.67,2400,182.31,65100.0,6.72,65100.0,14.88,2025-07-10,7,1920,4148.0,112.22,"1x 1BR, 1x 3BR, 1x 4BR"
Watertown,2472,2000000.0,3.0,666666.67,3140,636.94,,,,,2025-07-10,28,1900,11360.0,100.0,3x 2BR
Norton,2766,625000.0,4.0,156250.0,5604,111.53,112800.0,5.54,112800.0,18.05,2025-07-10,29,1927,10028.0,83.34,4x 2BR
North Andover,1845,625000.0,2.0,312500.0,2480,252.02,,,,,2025-07-10,28,1876,6857.0,96.15,2x 3BR
Quincy,2169,1310000.0,2.0,655000.0,3306,396.25,73200.0,17.9,73200.0,5.59,2025-07-10,78,1880,10762.0,98.5,2x 3BR
Springfield,1104,735000.0,6.0,122500.0,6500,113.08,51300.0,14.33,51300.0,6.98,2025-07-11,42,1909,19000.0,105.02,5x 2BR
Newton,2466,1410000.0,2.0,705000.0,2496,564.9,4750.0,296.84,4750.0,0.34,2025-07-11,22,1925,9280.0,94.0,2x 2BR
Lowell,1854,790000.0,2.0,395000.0,3333,237.02,,,,,2025-07-11,21,1900,7899.39,106.9,2x 3BR
Boston,2124,1260000.0,2.0,630000.0,2331,540.54,9999.0,126.01,9999.0,0.79,2025-07-11,5,1920,8077.0,100.0,"1x 2BR, 1x 4BR"
Medford,2155,1165000.0,2.0,582500.0,2526,461.2,63600.0,18.32,63600.0,5.46,2025-07-11,14,1920,8396.0,105.92,2x 3BR
Taunton,2780,560000.0,2.0,280000.0,2698,207.56,48096.0,11.64,48096.0,8.59,2025-07-11,33,1875,5479.0,101.84,2x 3BR
Waltham,2453,1250000.0,2.0,625000.0,4083,306.15,82800.0,15.1,82800.0,6.62,2025-07-11,3,1900,11603.0,100.0,2x 5BR
Springfield,1104,395000.0,2.0,197500.0,2130,185.45,10800.0,36.57,10800.0,2.73,2025-07-11,44,1925,4933.0,98.75,2x 3BR
Brockton,2302,850000.0,3.0,283333.33,3926,216.51,55500.0,15.32,55500.0,6.53,2025-07-11,10,1890,8515.0,103.04,"1x 2BR, 2x 3BR"
Fitchburg,1420,490000.0,2.0,245000.0,2818,173.88,,,,,2025-07-11,91,1900,4642.0,95.15,"1x 1BR, 1x 3BR"
North Brookfield,1535,345000.0,3.0,115000.0,2280,151.32,22200.0,15.54,22200.0,6.43,2025-07-11,35,1885,2731.0,98.58,"1x 2BR, 2x 3BR"
Greenfield,1301,341000.0,2.0,170500.0,1664,204.93,,,,,2025-07-11,53,1863,2128.0,97.43,2x 2BR
Marblehead,1945,1200000.0,2.0,600000.0,2439,492.0,,,,,2025-07-11,7,1930,7602.0,114.29,2x 2BR
Lynn,1905,990000.0,3.0,330000.0,2880,343.75,,,,,2025-07-11,25,1910,7587.0,104.21,3x 2BR
Boston,2124,826000.0,2.0,413000.0,2575,320.78,,,,,2025-07-11,10,1910,8179.0,110.13,"1x 1BR, 1x 4BR"
Holyoke,1040,205000.0,2.0,102500.0,2654,77.24,,,,,2025-07-11,32,1890,4508.0,107.95,2x 2BR
West Brookfield,1585,565000.0,4.0,141250.0,7382,76.54,72000.0,7.85,72000.0,12.74,2025-07-11,14,1842,3588.0,95.78,"2x 2BR, 2x 4BR"
Haverhill,1832,610000.0,3.0,203333.33,2427,251.34,,,,,2025-07-11,62,1890,4311.0,93.86,"1x 1BR, 2x 2BR"
Taunton,2780,713000.0,2.0,356500.0,2259,315.63,,,,,2025-07-11,21,1875,4845.0,101.87,2x 3BR
Peabody,1960,860000.0,2.0,430000.0,1980,434.34,,,,,2025-07-11,85,1881,5717.0,97.16,2x 3BR
Chicopee,1020,342500.0,2.0,171250.0,1424,240.52,14100.0,24.29,14100.0,4.12,2025-07-11,5,1942,4918.0,107.06,"1x 1BR, 1x 4BR"
Everett,2149,1850000.0,7.0,264285.71,8710,212.4,128400.0,14.41,74038.0,4.0,2025-07-11,18,1915,14577.0,115.63,"3x 2BR, 2x 3BR"
Dartmouth,2748,475000.0,2.0,237500.0,1872,253.74,,,,,2025-07-11,59,1926,3353.65,95.19,"1x 1BR, 1x 3BR"
Lynnfield,1940,1350000.0,2.0,675000.0,2568,525.7,36000.0,37.5,36000.0,2.67,2025-07-11,15,1890,11110.0,112.97,2x 2BR
Gloucester,1930,1150000.0,3.0,383333.33,3038,378.54,85200.0,13.5,70677.0,6.15,2025-07-11,1,1939,8241.59,100.0,"1x 1BR, 1x 2BR, 1x 3BR"
Quincy,2169,744000.0,2.0,372000.0,1584,469.7,,,,,2025-07-11,21,1918,6089.0,99.33,2x 2BR
Swampscott,1907,1025000.0,3.0,341666.67,2575,398.06,93000.0,11.02,93000.0,9.07,2025-07-11,10,1920,8204.0,93.18,"1x 1BR, 2x 3BR"
Rockland,2370,565000.0,2.0,282500.0,2876,196.45,78000.0,7.24,78000.0,13.81,2025-07-11,35,1854,9806.13,101.8,2x 2BR
Boston,2130,1380000.0,3.0,460000.0,3461,398.73,45000.0,30.67,45000.0,3.26,2025-07-11,55,1910,14404.0,98.92,"1x 1BR, 2x 2BR"
Palmer,1069,296500.0,2.0,148250.0,2342,126.6,11400.0,26.01,11400.0,3.84,2025-07-11,23,1850,4608.0,107.82,"1x 2BR, 1x 3BR"
Stoneham,2180,1250000.0,2.0,625000.0,4223,296.0,,,,,2025-07-11,19,1968,9993.0,104.25,2x 3BR
Leominster,1453,780000.0,3.0,260000.0,3968,196.57,45000.0,17.33,45000.0,5.77,2025-07-11,21,1915,7883.0,111.59,3x 2BR
Worcester,1602,825000.0,3.0,275000.0,4014,205.53,79200.0,10.42,79200.0,9.6,2025-07-11,23,1910,9635.0,97.07,3x 3BR
Dartmouth,2747,760000.0,2.0,380000.0,3136,242.35,80400.0,9.45,80400.0,10.58,2025-07-11,99,2009,5360.0,98.06,2x 4BR
Boston,2125,1275000.0,3.0,425000.0,3510,363.25,76800.0,16.6,76800.0,6.02,2025-07-11,31,1910,13326.0,94.44,"1x 1BR, 2x 2BR"
Somerville,2144,1200000.0,2.0,600000.0,3209,373.95,,,,,2025-07-11,14,1920,12339.0,94.12,"1x 2BR, 1x 4BR"
Harwich,2646,612000.0,2.0,306000.0,1536,398.44,30000.0,20.4,30000.0,4.9,2025-07-14,61,1972,3178.0,97.92,2x 2BR
New Bedford,2740,622200.0,3.0,207400.0,3649,170.51,,,,,2025-07-14,30,1895,5658.39,109.18,"1x 2BR, 2x 3BR"
Lawrence,1841,850000.0,3.0,283333.33,3504,242.58,27600.0,30.8,27600.0,3.25,2025-07-14,18,1900,5583.0,102.42,3x 3BR
Oxford,1540,600000.0,4.0,150000.0,3420,175.44,8880.0,67.57,8880.0,1.48,2025-07-14,5,1920,4855.0,109.29,"1x 1BR, 2x 2BR, 1x 3BR"
Boston,2134,1900000.0,4.0,475000.0,4196,452.81,145320.0,13.07,145320.0,7.65,2025-07-14,62,1900,13579.0,95.0,"1x 2BR, 3x 3BR"
Springfield,1108,453000.0,2.0,226500.0,2418,187.34,,,,,2025-07-14,76,1922,3948.0,98.05,2x 3BR
Boston,2127,1200000.0,3.0,400000.0,1371,875.27,45600.0,26.32,45600.0,3.8,2025-07-14,42,1910,7945.3,88.89,"1x 0BR, 1x 1BR, 1x 2BR"
Somerville,2144,1410000.0,2.0,705000.0,2857,493.52,,,,,2025-07-14,21,1892,14803.0,126.46,"1x 2BR, 1x 4BR"
Franklin,2038,870000.0,2.0,435000.0,3428,253.79,51120.0,17.02,51120.0,5.88,2025-07-14,21,2000,9659.0,102.35,"1x 2BR, 1x 3BR"
Framingham,1702,1350000.0,5.0,270000.0,3794,355.82,121800.0,11.08,91953.0,6.81,2025-07-14,94,1877,14350.0,98.18,"1x 1BR, 4x 2BR"
Pittsfield,1201,189900.0,2.0,94950.0,2688,70.65,,,,,2025-07-14,24,1900,1998.51,100.0,2x 3BR
Medford,2155,1232000.0,2.0,616000.0,3377,364.82,,,,,2025-07-14,7,1910,8730.0,112.1,"1x 2BR, 1x 3BR"
Attleboro,2703,450000.0,2.0,225000.0,1500,300.0,,,,,2025-07-14,30,1900,3960.0,105.91,2x 2BR
Malden,2148,875000.0,2.0,437500.0,1636,534.84,,,,,2025-07-14,20,1900,7586.0,102.95,2x 2BR
Clinton,1510,755000.0,3.0,251666.67,4500,167.78,61200.0,12.34,61200.0,8.11,2025-07-14,31,1915,7240.0,98.18,"2x 2BR, 1x 3BR"
Somerville,2145,1147500.0,2.0,573750.0,2920,392.98,,,,,2025-07-14,15,1890,9599.0,88.27,2x 3BR
Montague,1349,169000.0,2.0,84500.0,2224,75.99,9600.0,17.6,9600.0,5.68,2025-07-15,49,1900,3533.0,75.11,2x 2BR
Boston,2131,1200000.0,3.0,400000.0,2883,416.23,,,,,2025-07-15,23,1920,7659.0,100.0,3x 2BR
Revere,2151,850000.0,2.0,425000.0,3061,277.69,,,,,2025-07-15,18,1910,7867.0,100.0,2x 2BR
Somerville,2145,1250000.0,2.0,625000.0,2412,518.24,,,,,2025-07-15,23,1920,9510.0,104.25,"1x 2BR, 1x 3BR"
Medford,2155,985000.0,2.0,492500.0,2628,374.81,,,,,2025-07-15,5,1927,7751.0,109.46,"1x 2BR, 1x 3BR"
Yarmouth,2673,815000.0,2.0,407500.0,1184,688.34,,,,,2025-07-15,34,1940,5637.0,96.45,2x 2BR
Medford,2155,1450000.0,3.0,483333.33,3157,459.3,,,,,2025-07-15,20,1930,8627.0,96.67,"2x 2BR, 1x 3BR"
Saugus,1906,850000.0,2.0,425000.0,4031,210.87,74400.0,11.42,74400.0,8.75,2025-07-15,7,1917,7062.0,106.25,"1x 2BR, 1x 4BR"
Revere,2151,901000.0,2.0,450500.0,3162,284.95,,,,,2025-07-15,17,1955,7225.0,106.01,"1x 1BR, 1x 4BR"
Quincy,2171,1158000.0,2.0,579000.0,2734,423.56,70800.0,16.36,70800.0,6.11,2025-07-15,19,1890,11292.0,110.29,"1x 2BR, 1x 4BR"
Watertown,2472,1135000.0,2.0,567500.0,2630,431.56,62400.0,18.19,62400.0,5.5,2025-07-15,34,1910,11983.0,100.0,2x 2BR
Springfield,1104,365000.0,2.0,182500.0,1960,186.22,19200.0,19.01,19200.0,5.26,2025-07-15,16,1970,5524.0,104.32,2x 2BR
Lynn,1902,840000.0,2.0,420000.0,2482,338.44,,,,,2025-07-15,21,1930,7667.0,98.82,2x 2BR
Lynn,1904,815000.0,2.0,407500.0,2680,304.1,,,,,2025-07-15,22,1900,7609.0,103.18,"1x 1BR, 1x 3BR"
Marlborough,1752,770000.0,2.0,385000.0,2907,264.88,,,,,2025-07-15,97,1890,7253.0,98.72,"1x 1BR, 2x 2BR"
Boston,2127,1940000.0,3.0,646666.67,4566,424.88,,,,,2025-07-15,3,1890,17196.0,88.22,"2x 2BR, 1x 3BR"
Ayer,1432,508842.0,2.0,254421.0,1776,286.51,34800.0,14.62,34800.0,6.84,2025-07-15,20,1880,4756.0,92.53,"1x 1BR, 1x 2BR"
Beverly,1915,720000.0,2.0,360000.0,2000,360.0,,,,,2025-07-15,61,1920,7945.0,96.13,2x 2BR
Lowell,1851,1300000.0,6.0,216666.67,7246,179.41,,,,,2025-07-15,48,1900,99.0,76.52,2x 3BR
Charlton,1507,630000.0,4.0,157500.0,2700,233.33,78600.0,8.02,78600.0,12.48,2025-07-15,25,1880,5921.0,102.44,"1x 1BR, 3x 2BR"
Boston,2121,915000.0,2.0,457500.0,4800,190.63,87552.0,10.45,87552.0,9.57,2025-07-16,64,1935,8913.0,102.13,2x 4BR
Brockton,2301,887000.0,2.0,443500.0,2700,328.52,,,,,2025-07-16,24,1869,7294.0,100.23,"1x 3BR, 1x 4BR"
Fitchburg,1420,550000.0,3.0,183333.33,3169,173.56,33000.0,16.67,33000.0,6.0,2025-07-16,54,1900,5767.0,91.67,"1x 2BR, 2x 3BR"
Springfield,1107,480000.0,3.0,160000.0,3752,127.93,43200.0,11.11,43200.0,9.0,2025-07-16,4,1911,3896.0,97.98,"1x 2BR, 2x 3BR"
Fall River,2723,527000.0,2.0,263500.0,2238,235.48,27600.0,19.09,27600.0,5.24,2025-07-16,7,1945,5175.0,110.02,2x 2BR
Watertown,2472,1350000.0,2.0,675000.0,2845,474.52,,,,,2025-07-16,157,1910,10503.0,100.0,2x 2BR
Boston,2126,907000.0,2.0,453500.0,1981,457.85,76800.0,11.81,76800.0,8.47,2025-07-16,64,1899,6020.0,100.89,2x 2BR
Leominster,1453,470000.0,2.0,235000.0,3504,134.13,69000.0,6.81,69000.0,14.68,2025-07-16,74,1909,3955.0,94.19,2x 1BR
Stoughton,2072,851000.0,3.0,283666.67,2314,367.76,70800.0,12.02,70800.0,8.32,2025-07-16,20,1900,6834.0,106.39,"2x 1BR, 1x 3BR"
Everett,2149,1485000.0,3.0,495000.0,3180,466.98,,,,,2025-07-16,6,1900,10084.0,99.07,"2x 2BR, 1x 4BR"
Springfield,1104,340000.0,2.0,170000.0,1776,191.44,25800.0,13.18,25800.0,7.59,2025-07-16,142,1965,4070.0,97.17,2x 3BR
South Hadley,1075,336000.0,2.0,168000.0,1592,211.06,15000.0,22.4,15000.0,4.46,2025-07-16,13,1850,3497.0,98.85,2x 2BR
Attleboro,2703,610000.0,2.0,305000.0,1525,400.0,,,,,2025-07-16,18,1900,4518.0,104.27,"1x 2BR, 1x 3BR"
Springfield,1151,376500.0,2.0,188250.0,1904,197.74,15600.0,24.13,15600.0,4.14,2025-07-16,12,1964,5126.0,99.11,2x 2BR
Grafton,1536,670000.0,3.0,223333.33,2520,265.87,43200.0,15.51,39138.0,5.84,2025-07-16,3,1920,6500.0,100.0,"1x 1BR, 2x 2BR"
Amherst,1002,1050000.0,3.0,350000.0,3532,297.28,92400.0,11.36,66705.0,6.35,2025-07-16,23,1850,9288.0,97.22,"1x 2BR, 2x 4BR"
New Bedford,2740,630000.0,2.0,315000.0,2605,241.84,,,,,2025-07-16,27,1874,4617.0,100.02,"2x 2BR, 1x 5BR"
Boston,2125,825000.0,3.0,275000.0,3576,230.7,,,,,2025-07-17,36,1920,11207.0,97.06,"1x 2BR, 2x 3BR"
Beverly,1915,925000.0,2.0,462500.0,3145,294.12,,,,,2025-07-17,21,1840,8670.0,102.89,2x 3BR
Boston,2122,1159000.0,3.0,386333.33,4062,285.33,100800.0,11.5,100800.0,8.7,2025-07-17,8,1920,12506.0,100.0,"2x 3BR, 1x 4BR"
Fall River,2720,801000.0,2.0,400500.0,4200,190.71,,,,,2025-07-17,14,2024,0.0,94.24,2x 3BR
Chelsea,2150,845000.0,2.0,422500.0,2616,323.01,78000.0,10.83,78000.0,9.23,2025-07-17,14,1910,7213.0,96.05,"1x 2BR, 1x 5BR"
Lynn,1902,1050000.0,3.0,350000.0,2864,366.62,110400.0,9.51,110400.0,10.51,2025-07-17,15,1965,8869.0,95.45,"1x 2BR, 2x 3BR"
Ware,1082,300000.0,2.0,150000.0,1768,169.68,39600.0,7.58,39600.0,13.2,2025-07-17,41,1890,2923.0,100.03,2x 3BR
Lowell,1852,665000.0,2.0,332500.0,1372,484.69,19200.0,34.64,19200.0,2.89,2025-07-17,6,1975,4556.0,106.42,2x 2BR
Boston,2136,1030000.0,3.0,343333.33,2429,424.04,88800.0,11.6,88800.0,8.62,2025-07-17,19,1900,8910.0,103.52,3x 2BR
Randolph,2368,800000.0,2.0,400000.0,1664,480.77,26400.0,30.3,26400.0,3.3,2025-07-17,18,1965,7697.0,101.91,2x 2BR
Salem,1970,770000.0,2.0,385000.0,2470,311.74,30600.0,25.16,30600.0,3.97,2025-07-17,8,1920,7840.0,102.68,2x 2BR
Lynn,1902,850000.0,3.0,283333.33,3480,244.25,51300.0,16.57,51300.0,6.04,2025-07-17,12,1900,8644.0,102.42,"1x 2BR, 2x 3BR"
Wakefield,1880,1150000.0,2.0,575000.0,4157,276.64,,,,,2025-07-17,17,1880,11332.0,106.98,"1x 2BR, 1x 4BR"
Winchendon,1475,415000.0,2.0,207500.0,2008,206.67,,,,,2025-07-17,19,1910,2910.0,107.79,2x 2BR
Framingham,1702,670000.0,2.0,335000.0,1408,475.85,22800.0,29.39,22800.0,3.4,2025-07-17,34,1928,6091.0,97.24,"1x 1BR, 1x 2BR"
Methuen,1844,1000000.0,2.0,500000.0,5398,185.25,43200.0,23.15,43200.0,4.32,2025-07-17,36,1901,11915.0,91.32,2x 4BR
Cambridge,2139,3350000.0,3.0,1116666.67,6119,547.48,,,,,2025-07-17,12,1838,13341.0,112.04,"2x 1BR, 1x 5BR"
Springfield,1108,405000.0,2.0,202500.0,2813,143.97,13500.0,30.0,13500.0,3.33,2025-07-17,42,1911,4611.0,101.25,"1x 2BR, 1x 4BR"
Norwood,2062,850000.0,2.0,425000.0,1847,460.21,55200.0,15.4,55200.0,6.49,2025-07-17,21,1901,6512.0,102.41,"1x 2BR, 1x 3BR"
Montague,1376,180000.0,2.0,90000.0,1650,109.09,14400.0,12.5,14400.0,8.0,2025-07-17,18,1900,2462.0,92.31,"1x 1BR, 1x 3BR"
Lawrence,10843,745000.0,2.0,372500.0,2215,336.34,56400.0,13.21,56400.0,7.57,2025-07-17,21,1960,5904.0,106.58,2x 2BR
Methuen,1844,875000.0,2.0,437500.0,3280,266.77,,,,,2025-07-17,21,1900,7852.0,110.77,"1x 2BR, 1x 3BR"
Boston,2127,875000.0,2.0,437500.0,1764,496.03,,,,,2025-07-17,40,1900,10725.0,92.2,"1x 1BR, 1x 2BR"
Monson,1057,300000.0,3.0,100000.0,3882,77.28,16800.0,17.86,16800.0,5.6,2025-07-18,22,1826,5486.0,100.0,"2x 1BR, 1x 4BR"
Taunton,2780,650000.0,2.0,325000.0,1584,410.35,45000.0,14.44,45000.0,6.92,2025-07-18,27,1900,5495.0,105.01,2x 3BR
Lowell,1851,735000.0,2.0,367500.0,2798,262.69,,,,,2025-07-18,15,1900,6563.0,105.02,2x 3BR
Westfield,1085,352000.0,2.0,176000.0,2220,158.56,28800.0,12.22,28800.0,8.18,2025-07-18,20,1912,4021.0,110.03,2x 2BR
Methuen,1844,780000.0,2.0,390000.0,2260,345.13,,,,,2025-07-18,14,1910,6664.0,97.51,2x 2BR
Taunton,2780,600000.0,2.0,300000.0,1514,396.3,,,,,2025-07-18,16,1875,4654.0,107.16,2x 2BR
Grafton,1560,820000.0,3.0,273333.33,2927,280.15,84600.0,9.69,71168.0,8.68,2025-07-18,22,1920,7923.0,103.93,"1x 2BR, 1x 3BR, 1x 4BR"
Lowell,1851,680000.0,2.0,340000.0,2927,232.32,26400.0,25.76,23200.0,3.41,2025-07-18,23,1900,7372.0,100.01,2x 4BR
Lowell,1852,765000.0,3.0,255000.0,3872,197.57,67200.0,11.38,67200.0,8.78,2025-07-18,20,1910,8150.0,102.0,"2x 2BR, 1x 3BR"
Fall River,2720,440000.0,2.0,220000.0,2400,183.33,,,,,2025-07-18,8,1900,4838.0,101.15,2x 3BR
Lowell,1854,769900.0,2.0,384950.0,3799,202.66,72000.0,10.69,72000.0,9.35,2025-07-18,14,1930,8277.0,99.99,"1x 3BR, 1x 4BR"
Boston,2121,1250000.0,3.0,416666.67,3750,333.33,115956.0,10.78,115956.0,9.28,2025-07-18,16,1905,9236.0,104.17,"1x 2BR, 2x 3BR"
Fall River,2724,500000.0,2.0,250000.0,1576,317.26,,,,,2025-07-18,53,1930,3910.0,92.59,2x 2BR
Northbridge,1534,495000.0,3.0,165000.0,2272,217.87,44400.0,11.15,44400.0,8.97,2025-07-18,35,1930,4978.0,92.52,3x 2BR
Chicopee,1013,441537.0,2.0,220768.5,2100,210.26,,,,,2025-07-18,9,1992,4868.0,111.78,2x 2BR
Grafton,1519,900000.0,6.0,150000.0,3580,251.4,84300.0,10.68,53300.0,5.92,2025-07-18,17,1950,9398.0,92.78,5x 1BR
Framingham,1702,1250000.0,4.0,312500.0,4176,299.33,100200.0,12.48,56208.0,4.5,2025-07-18,4,1887,9994.0,100.0,"2x 2BR, 2x 4BR"
Worcester,1607,745000.0,3.0,248333.33,3417,218.03,63960.0,11.65,63960.0,8.59,2025-07-18,15,1907,8555.0,103.49,"2x 2BR, 1x 3BR"
Warren,1083,395000.0,3.0,131666.67,2464,160.31,,,,,2025-07-18,34,1830,3484.0,102.6,"1x 1BR, 2x 2BR"
Pepperell,1463,822500.0,3.0,274166.67,4961,165.79,,,,,2025-07-18,23,1884,9799.0,96.76,"2x 1BR, 1x 4BR"
Worcester,1610,840000.0,3.0,280000.0,4746,176.99,,,,,2025-07-18,20,1898,8494.0,105.01,3x 3BR
Lunenburg,1462,477500.0,2.0,238750.0,1944,245.63,12000.0,39.79,12000.0,2.51,2025-07-18,21,1900,4976.0,102.69,2x 2BR
Lowell,1851,565000.0,2.0,282500.0,2174,259.89,18000.0,31.39,18000.0,3.19,2025-07-18,9,1900,5532.0,94.32,2x 3BR
Fall River,2721,745000.0,3.0,248333.33,2650,281.13,42000.0,17.74,42000.0,5.64,2025-07-18,21,1900,5693.0,114.63,3x 3BR
Seekonk,2771,615000.0,3.0,205000.0,3200,192.19,48000.0,12.81,48000.0,7.8,2025-07-18,19,1900,5171.0,99.21,"1x 1BR, 2x 2BR"
Athol,1331,520000.0,2.0,260000.0,3024,171.96,,,,,2025-07-18,55,1900,3371.0,101.96,2x 3BR
Fall River,2723,710000.0,2.0,355000.0,3000,236.67,60000.0,11.83,60000.0,8.45,2025-07-18,25,1925,1780.0,101.57,2x 4BR
Somerville,2143,1500000.0,2.0,750000.0,4635,323.62,96000.0,15.62,96000.0,6.4,2025-07-18,7,1900,13869.0,93.75,"1x 2BR, 1x 5BR"
Randolph,2368,950000.0,2.0,475000.0,2268,418.87,,,,,2025-07-18,15,1968,6286.05,97.45,2x 3BR
Boston,2131,900000.0,2.0,450000.0,2140,420.56,26400.0,34.09,26400.0,2.93,2025-07-18,72,1884,7877.0,100.0,"1x 2BR, 1x 4BR"
New Bedford,2745,575000.0,2.0,287500.0,2388,240.79,18000.0,31.94,18000.0,3.13,2025-07-18,28,1925,5156.0,104.56,2x 3BR
Quincy,2169,515000.0,2.0,257500.0,1598,322.28,,,,,2025-07-18,37,1930,999.0,93.65,"1x 1BR, 1x 2BR"
Boston,2136,685000.0,2.0,342500.0,2336,293.24,24000.0,28.54,24000.0,3.5,2025-07-18,102,1900,4505.0,85.64,"1x 1BR, 1x 4BR"
Somerville,2144,1340000.0,2.0,670000.0,2466,543.39,33600.0,39.88,33600.0,2.51,2025-07-18,18,1920,12162.0,103.08,2x 2BR
New Bedford,2746,520000.0,2.0,260000.0,2000,260.0,,,,,2025-07-18,37,1897,3703.0,104.02,"1x 2BR, 1x 4BR"
New Bedford,2746,685000.0,3.0,228333.33,3591,190.75,,,,,2025-07-18,12,1907,6030.0,101.48,3x 3BR
Salem,1970,1149000.0,3.0,383000.0,2858,402.03,61464.0,18.69,50474.0,4.39,2025-07-18,22,1915,8806.0,109.43,"1x 1BR, 2x 3BR"
Medford,2155,1105000.0,2.0,552500.0,2258,489.37,,,,,2025-07-18,12,1930,7072.0,110.61,"1x 2BR, 1x 3BR"
Fitchburg,1420,720000.0,2.0,360000.0,4025,178.88,72000.0,10.0,72000.0,10.0,2025-07-18,21,1900,0.0,104.35,2x 4BR
Fall River,2720,900000.0,4.0,225000.0,4734,190.11,88800.0,10.14,88800.0,9.87,2025-07-18,17,1900,6833.0,100.0,"2x 1BR, 1x 2BR, 1x 3BR, 1x 4BR"
Marlborough,1752,670000.0,2.0,335000.0,1867,358.86,40800.0,16.42,40800.0,6.09,2025-07-18,6,1900,5329.0,111.67,"1x 2BR, 1x 3BR"
Newton,2466,1350000.0,2.0,675000.0,3782,356.95,22800.0,59.21,,,2025-07-18,41,1900,11680.0,93.1,"1x 2BR, 1x 3BR"
Bridgewater,2324,950000.0,3.0,316666.67,3852,246.63,91200.0,10.42,70776.0,7.45,2025-07-18,26,1880,8927.0,105.67,"1x 3BR, 2x 4BR"
Worcester,1603,595000.0,2.0,297500.0,3019,197.09,,,,,2025-07-18,37,1894,7750.0,99.18,"1x 1BR, 1x 3BR"
Amesbury,1913,700000.0,2.0,350000.0,2733,256.13,,,,,2025-07-18,21,1850,9579.0,107.71,"1x 2BR, 1x 3BR"
Winthrop,2152,900000.0,2.0,450000.0,2946,305.5,,,,,2025-07-18,8,1860,9796.0,90.91,"1x 2BR, 1x 3BR"
Fall River,2721,660000.0,3.0,220000.0,3261,202.39,,,,,2025-07-18,16,1900,5435.0,103.13,"1x 2BR, 2x 3BR"
Springfield,1104,500000.0,3.0,166666.67,2769,180.57,,,,,2025-07-18,4,1916,5231.0,100.2,"1x 2BR, 2x 3BR"
Springfield,1108,390000.0,2.0,195000.0,1924,202.7,20400.0,19.12,20400.0,5.23,2025-07-18,22,1965,2741.0,111.43,2x 2BR
Somerville,2143,1750000.0,2.0,875000.0,3576,489.37,,,,,2025-07-18,30,1875,16518.0,101.45,"1x 1BR, 1x 4BR"
Fall River,2724,870000.0,4.0,217500.0,4182,208.03,109200.0,7.97,109200.0,12.55,2025-07-18,37,1900,6845.0,96.77,"1x 2BR, 3x 3BR"
Newton,2460,1410000.0,2.0,705000.0,2332,604.63,,,,,2025-07-18,6,1963,13134.0,112.8,2x 3BR
Springfield,1108,465000.0,3.0,155000.0,3856,120.59,55200.0,8.42,44754.0,9.62,2025-07-21,19,1895,5304.0,103.33,"1x 3BR, 2x 4BR"
Brockton,2301,721000.0,2.0,360500.0,2658,271.26,,,,,2025-07-21,57,1872,7645.0,103.0,2x 4BR
Cambridge,2140,1825000.0,2.0,912500.0,3149,579.55,31200.0,58.49,31200.0,1.71,2025-07-21,12,1894,10500.0,107.54,"1x 2BR, 1x 5BR"
Ludlow,1056,480000.0,2.0,240000.0,2310,207.79,,,,,2025-07-21,23,1910,3866.0,102.15,"1x 2BR, 1x 3BR"
Worcester,1610,905000.0,3.0,301666.67,4161,217.5,21600.0,41.9,21600.0,2.39,2025-07-21,22,1915,8641.0,107.87,3x 3BR
Taunton,2780,715000.0,3.0,238333.33,2915,245.28,73800.0,9.69,73800.0,10.32,2025-07-21,22,1900,6121.0,101.42,"2x 3BR, 1x 4BR"
Palmer,1069,520000.0,7.0,74285.71,5646,92.1,82320.0,6.32,62320.0,11.98,2025-07-21,44,1890,6131.0,93.2,"1x 1BR, 4x 2BR"
Boston,2131,925000.0,2.0,462500.0,3550,260.56,,,,,2025-07-21,36,1988,9.0,97.37,"1x 3BR, 1x 4BR"
Springfield,1108,460000.0,2.0,230000.0,3200,143.75,,,,,2025-07-21,5,1901,4771.0,102.45,"1x 3BR, 1x 5BR"
Chelsea,2150,1115000.0,4.0,278750.0,3234,344.77,,,,,2025-07-21,29,1900,12152.0,97.89,"3x 2BR, 1x 3BR"
Lowell,1850,560000.0,2.0,280000.0,2204,254.08,25200.0,22.22,25200.0,4.5,2025-07-21,66,1880,4958.0,101.82,"1x 2BR, 1x 3BR"
Barnstable,2601,581000.0,2.0,290500.0,1440,403.47,35412.0,16.41,35412.0,6.1,2025-07-21,1,1945,2686.0,100.17,2x 2BR
Spencer,1562,485000.0,2.0,242500.0,1880,257.98,48000.0,10.1,48000.0,9.9,2025-07-21,21,1985,3542.0,108.02,"1x 2BR, 1x 3BR"
Fall River,2720,630000.0,2.0,315000.0,2671,235.87,,,,,2025-07-21,56,1900,4234.0,101.78,"1x 2BR, 1x 4BR"
Adams,1220,265000.0,2.0,132500.0,2820,93.97,15600.0,16.99,15600.0,5.89,2025-07-21,26,1900,3547.0,94.98,2x 3BR
Springfield,1109,450000.0,2.0,225000.0,3300,136.36,,,,,2025-07-21,21,1897,2623.0,104.65,"1x 3BR, 1x 5BR"
Ware,1082,235000.0,4.0,58750.0,3272,71.82,,,,,2025-07-21,50,1870,3211.0,87.36,"1x 1BR, 2x 2BR, 1x 3BR"
Blackstone,1504,549000.0,2.0,274500.0,2240,245.09,,,,,2025-07-21,23,1850,5210.0,100.0,"1x 2BR, 1x 3BR"
Salem,1970,780000.0,2.0,390000.0,2250,346.67,57000.0,13.68,57000.0,7.31,2025-07-21,19,1900,6907.65,98.73,2x 3BR
Somerville,2144,1425000.0,2.0,712500.0,2648,538.14,,,,,2025-07-22,120,1900,15641.0,86.42,"1x 2BR, 1x 3BR"
Woburn,1801,760000.0,2.0,380000.0,1909,398.11,,,,,2025-07-22,17,1900,5426.0,101.33,2x 2BR
Pittsfield,1201,325000.0,2.0,162500.0,2008,161.85,16800.0,19.35,16800.0,5.17,2025-07-22,48,1927,5366.0,95.87,2x 2BR
Lynn,1905,1100000.0,3.0,366666.67,10000,110.0,,,,,2025-07-22,147,1900,15274.0,73.38,"1x 0BR, 1x 6BR"
Somerville,2143,1900000.0,3.0,633333.33,4356,436.18,108000.0,17.59,108000.0,5.68,2025-07-22,44,1900,16416.0,95.24,3x 2BR
New Bedford,2740,494000.0,2.0,247000.0,1828,270.24,19200.0,25.73,19200.0,3.89,2025-07-22,24,1890,5014.0,101.02,"1x 2BR, 1x 5BR"
Hanover,2339,1015000.0,4.0,253750.0,2760,367.75,83700.0,12.13,68985.0,6.8,2025-07-22,16,1900,6464.0,96.67,"2x 1BR, 2x 2BR"
Rockland,2370,805000.0,3.0,268333.33,2482,324.34,51900.0,15.51,51900.0,6.45,2025-07-22,15,1900,8695.0,100.75,"2x 1BR, 1x 3BR"
Southwick,1077,475000.0,2.0,237500.0,2618,181.44,22800.0,20.83,22800.0,4.8,2025-07-22,135,1900,3509.0,99.16,"1x 2BR, 1x 3BR"
Plymouth,2360,650000.0,2.0,325000.0,1798,361.51,45600.0,14.25,45600.0,7.02,2025-07-22,38,1967,6881.0,100.0,"1x 2BR, 1x 3BR"
New Bedford,2740,565000.0,2.0,282500.0,3528,160.15,,,,,2025-07-22,9,1871,4616.0,113.23,"1x 3BR, 1x 4BR"
Attleboro,2703,800000.0,4.0,200000.0,4166,192.03,84720.0,9.44,84720.0,10.59,2025-07-22,80,1900,6682.87,100.01,"1x 0BR, 3x 3BR"
Springfield,1107,415000.0,2.0,207500.0,2894,143.4,19200.0,21.61,19200.0,4.63,2025-07-22,29,1923,4584.83,103.78,2x 3BR
Cambridge,2140,1080000.0,2.0,540000.0,2061,524.02,99600.0,10.84,99600.0,9.22,2025-07-22,20,1972,7578.0,102.86,"1x 1BR, 1x 4BR"
Fall River,2720,640000.0,3.0,213333.33,3321,192.71,,,,,2025-07-22,18,1900,5773.0,102.4,3x 2BR
Fitchburg,1420,362000.0,2.0,181000.0,2616,138.38,,,,,2025-07-22,111,1930,4846.0,99.18,"1x 0BR, 1x 7BR"
Springfield,1108,460000.0,4.0,115000.0,3822,120.36,54000.0,8.52,46900.0,10.2,2025-07-22,43,1924,5963.0,95.83,"2x 1BR, 2x 2BR"
Springfield,1109,406000.0,2.0,203000.0,3153,128.77,,,,,2025-07-22,83,1910,3964.0,104.1,"1x 2BR, 1x 4BR"
Cambridge,2141,2200000.0,3.0,733333.33,4205,523.19,158400.0,13.89,152400.0,6.93,2025-07-22,42,1903,9522.0,95.69,"2x 3BR, 1x 4BR"
Fall River,2724,735000.0,3.0,245000.0,3417,215.1,,,,,2025-07-22,5,1900,5631.0,108.89,"1x 2BR, 2x 3BR"
Peabody,1960,815000.0,4.0,203750.0,2870,283.97,12000.0,67.92,2100.0,0.26,2025-07-22,18,1900,6828.0,98.19,4x 2BR
Fairhaven,2719,665000.0,2.0,332500.0,2237,297.27,,,,,2025-07-22,13,1920,2049.0,102.31,"1x 3BR, 1x 4BR"
Holyoke,1040,387500.0,3.0,129166.67,4000,96.88,38400.0,10.09,38400.0,9.91,2025-07-22,36,1900,3504.0,97.88,"1x 2BR, 2x 3BR"
Medford,2155,1205000.0,2.0,602500.0,2586,465.97,64600.0,18.65,57009.0,4.73,2025-07-22,7,1917,7618.0,117.56,"1x 2BR, 1x 3BR"
Blackstone,1504,510000.0,2.0,255000.0,2959,172.36,,,,,2025-07-23,17,1920,5369.0,102.0,2x 2BR
Wakefield,1880,949000.0,6.0,158166.67,2610,363.6,87000.0,10.91,43092.0,4.54,2025-07-23,6,1900,11096.0,100.0,"3x 0BR, 1x 1BR, 1x 2BR"
Rutland,1543,545000.0,3.0,181666.67,2390,228.03,,,,,2025-07-23,74,1997,6096.0,99.09,2x 2BR
Fall River,2723,630000.0,3.0,210000.0,2975,211.76,54000.0,11.67,,,2025-07-23,24,1900,5218.0,100.0,"1x 2BR, 2x 3BR"
Worcester,1607,473000.0,2.0,236500.0,1668,283.57,47400.0,9.98,41000.0,8.67,2025-07-23,9,1885,5430.0,102.85,2x 3BR
Lawrence,1841,900000.0,2.0,450000.0,3264,275.74,,,,,2025-07-23,14,1930,6398.0,105.89,"1x 3BR, 1x 4BR"
Springfield,1109,390000.0,2.0,195000.0,2894,134.76,,,,,2025-07-23,10,1912,4198.0,113.04,"1x 2BR, 2x 4BR"
Hopedale,1747,700000.0,2.0,350000.0,3492,200.46,,,,,2025-07-23,21,1880,6569.0,103.7,2x 3BR
Orange,1364,354000.0,6.0,59000.0,2738,129.29,52200.0,6.78,28120.0,7.94,2025-07-23,7,1910,4817.0,101.43,"4x 1BR, 1x 2BR"
Rockport,1966,765000.0,2.0,382500.0,2208,346.47,75600.0,10.12,75600.0,9.88,2025-07-23,34,1988,4920.0,95.74,2x 3BR
North Adams,1247,132000.0,2.0,66000.0,2934,44.99,,,,,2025-07-23,35,1930,2714.0,91.03,"1x 0BR, 1x 2BR"
Brockton,2301,700000.0,2.0,350000.0,2376,294.61,,,,,2025-07-23,2,1925,7144.0,97.22,2x 3BR
Randolph,2368,1288000.0,5.0,257600.0,6304,204.31,130800.0,9.85,92652.0,7.19,2025-07-23,29,1910,12128.0,92.0,"1x 1BR, 3x 2BR, 1x 4BR"
Watertown,2472,1120000.0,2.0,560000.0,2156,519.48,63600.0,17.61,63600.0,5.68,2025-07-23,14,1930,10049.0,104.19,2x 2BR
North Attleboro,2760,680000.0,3.0,226666.67,2657,255.93,,,,,2025-07-23,41,1900,6067.0,97.14,"1x 1BR, 2x 2BR"
Lowell,1854,865000.0,3.0,288333.33,5115,169.11,71340.0,12.13,71340.0,8.25,2025-07-23,23,1848,9895.0,108.14,3x 4BR
Danvers,1923,865000.0,2.0,432500.0,2285,378.56,57000.0,15.18,57000.0,6.59,2025-07-23,15,1865,8938.0,101.88,"1x 2BR, 1x 4BR"
Springfield,1109,245000.0,2.0,122500.0,2024,121.05,,,,,2025-07-24,36,1899,4566.0,98.0,2x 2BR
Fall River,2720,549900.0,2.0,274950.0,1652,332.87,45144.0,12.18,45144.0,8.21,2025-07-24,40,1900,4642.0,100.0,"1x 1BR, 1x 4BR"
North Andover,1845,899000.0,2.0,449500.0,2340,384.19,,,,,2025-07-24,12,1910,8007.0,99.89,2x 2BR
Danvers,1923,860000.0,3.0,286666.67,2210,389.14,54000.0,15.93,31880.0,3.71,2025-07-24,8,1910,7693.0,103.74,"1x 1BR, 2x 2BR"
Melrose,2176,1100000.0,2.0,550000.0,2376,462.96,,,,,2025-07-24,8,1910,9677.0,110.0,2x 2BR
Fall River,2720,1390000.0,9.0,154444.44,7531,184.57,,,,,2025-07-24,16,1900,10903.0,99.29,"2x 1BR, 1x 2BR, 2x 4BR"
New Bedford,2744,565000.0,3.0,188333.33,2828,199.79,,,,,2025-07-24,31,1893,4241.0,99.12,3x 2BR
Lawrence,1843,880000.0,2.0,440000.0,3320,265.06,,,,,2025-07-24,22,1921,6575.0,106.02,"1x 2BR, 1x 3BR"
Winthrop,2152,1100000.0,2.0,550000.0,4223,260.48,,,,,2025-07-24,53,1900,7080.0,102.33,"1x 1BR, 1x 2BR, 1x 4BR"
Fall River,2723,444000.0,2.0,222000.0,1522,291.72,,,,,2025-07-24,68,1900,4257.0,101.14,2x 2BR
Fitchburg,1420,550000.0,3.0,183333.33,4458,123.37,33300.0,16.52,33300.0,6.05,2025-07-24,78,1910,5782.0,100.0,"1x 1BR, 2x 3BR"
Boston,2130,1005000.0,3.0,335000.0,2380,422.27,26400.0,38.07,26400.0,2.63,2025-07-24,4,1910,12245.0,102.56,"1x 1BR, 2x 2BR"
Leominster,1453,790000.0,4.0,197500.0,4096,192.87,80400.0,9.83,64641.0,8.18,2025-07-24,21,1955,8500.78,103.27,4x 2BR
Avon,2322,465000.0,2.0,232500.0,1848,251.62,,,,,2025-07-24,47,1900,6092.0,93.02,2x 2BR
Dedham,2026,820000.0,2.0,410000.0,2719,301.58,,,,,2025-07-24,23,1910,9248.0,105.81,2x 2BR
Springfield,1105,1244000.0,12.0,103666.67,10014,124.23,158400.0,7.85,100003.0,8.04,2025-07-24,38,1900,15528.0,99.52,"1x 1BR, 1x 2BR"
Belchertown,1007,695000.0,3.0,231666.67,5335,130.27,12000.0,57.92,12000.0,1.73,2025-07-25,74,1810,9587.0,93.92,"1x 2BR, 1x 3BR, 1x 4BR"
Ashland,1721,820000.0,3.0,273333.33,2619,313.1,69900.0,11.73,69900.0,8.52,2025-07-25,47,1935,7802.0,99.39,"2x 0BR, 1x 1BR, 1x 2BR, 1x 3BR"
Boston,2124,1188000.0,2.0,594000.0,4095,290.11,107760.0,11.02,107760.0,9.07,2025-07-25,82,1900,11228.0,96.98,"1x 4BR, 1x 6BR"
Boston,2125,1450000.0,3.0,483333.33,5177,280.08,135264.0,10.72,135264.0,9.33,2025-07-25,19,1910,14364.0,100.14,"2x 4BR, 1x 5BR"
Upton,1568,485000.0,2.0,242500.0,2605,186.18,13200.0,36.74,13200.0,2.72,2025-07-25,27,1890,5432.0,105.43,2x 3BR
Barre,1074,410000.0,2.0,205000.0,2688,152.53,,,,,2025-07-25,10,1920,3445.0,102.53,2x 3BR
Boston,2128,1025000.0,3.0,341666.67,2226,460.47,58200.0,17.61,58200.0,5.68,2025-07-25,30,1910,10416.0,93.27,"2x 1BR, 1x 2BR"
Holyoke,1040,490000.0,3.0,163333.33,2852,171.81,,,,,2025-07-25,2,1900,6355.0,122.53,"1x 1BR, 2x 2BR"
Danvers,1923,884500.0,2.0,442250.0,2800,315.89,84000.0,10.53,84000.0,9.5,2025-07-25,48,1900,6587.0,100.0,2x 4BR
Fitchburg,1420,649900.0,6.0,108316.67,3240,200.59,59400.0,10.94,46196.0,7.11,2025-07-25,43,1900,7104.0,103.18,5x 1BR
Springfield,1108,250000.0,2.0,125000.0,2381,105.0,22800.0,10.96,22800.0,9.12,2025-07-25,12,1900,2656.0,89.29,"1x 2BR, 1x 3BR"
Somerset,2725,400000.0,2.0,200000.0,1772,225.73,,,,,2025-07-25,5,1933,5577.0,90.93,2x 2BR
Somerville,2145,1375000.0,3.0,458333.33,3545,387.87,126000.0,10.91,126000.0,9.16,2025-07-25,24,1900,14847.0,94.83,"2x 2BR, 1x 3BR"
Fall River,2724,720000.0,3.0,240000.0,3636,198.02,67200.0,10.71,67200.0,9.33,2025-07-25,43,1905,5592.0,98.64,3x 3BR
Everett,2149,982500.0,2.0,491250.0,3585,274.06,,,,,2025-07-25,14,2002,10995.0,89.73,"1x 1BR, 1x 5BR"
Milford,1757,688000.0,2.0,344000.0,2702,254.63,60000.0,11.47,60000.0,8.72,2025-07-25,33,1850,7364.0,99.72,2x 3BR
Fitchburg,1420,630000.0,3.0,210000.0,2922,215.61,39300.0,16.03,39300.0,6.24,2025-07-25,22,1900,5266.0,105.02,3x 3BR
Springfield,1108,299000.0,2.0,149500.0,3090,96.76,,,,,2025-07-25,28,1922,3785.0,99.7,2x 4BR
Holyoke,1040,350000.0,2.0,175000.0,2416,144.87,17700.0,19.77,17700.0,5.06,2025-07-25,28,1870,3998.0,106.06,"1x 2BR, 1x 3BR"
Ludlow,1056,415000.0,2.0,207500.0,2642,157.08,,,,,2025-07-25,44,1900,4336.0,103.78,"1x 2BR, 1x 3BR"
Worcester,1604,809000.0,5.0,161800.0,3983,203.11,72600.0,11.14,72600.0,8.97,2025-07-25,14,1905,11100.0,89.9,"2x 2BR, 3x 3BR"
Quincy,2169,900000.0,2.0,450000.0,2145,419.58,48000.0,18.75,48000.0,5.33,2025-07-25,11,1850,8491.0,105.88,2x 3BR
Chicopee,1013,300000.0,2.0,150000.0,1766,169.88,,,,,2025-07-25,27,1920,3420.0,107.18,2x 2BR
Fall River,2720,630000.0,3.0,210000.0,2598,242.49,,,,,2025-07-25,63,2023,8800.0,90.13,3x 2BR
Webster,1570,595000.0,2.0,297500.0,2364,251.69,,,,,2025-07-25,8,2005,5385.0,99.18,"1x 1BR, 1x 2BR"
Dracut,1826,650000.0,2.0,325000.0,1960,331.63,,,,,2025-07-25,19,1930,5795.0,108.35,"1x 2BR, 1x 3BR"
Quincy,2169,915000.0,2.0,457500.0,2108,434.06,62700.0,14.59,61500.0,6.72,2025-07-25,134,2019,10057.0,98.71,"1x 1BR, 1x 3BR"
Springfield,1104,425000.0,3.0,141666.67,3213,132.28,,,,,2025-07-25,23,1901,3936.0,109.25,3x 3BR
Lawrence,1843,980000.0,3.0,326666.67,4791,204.55,,,,,2025-07-25,6,1910,6267.0,110.12,"2x 3BR, 1x 4BR"
Quincy,2171,833300.0,3.0,277766.67,2436,342.08,64800.0,12.86,64800.0,7.78,2025-07-25,60,1940,9178.0,97.12,"2x 1BR, 1x 2BR"
Dalton,1226,375000.0,3.0,125000.0,3240,115.74,43200.0,8.68,43200.0,11.52,2025-07-25,15,1900,4369.0,98.71,"2x 2BR, 1x 3BR"
Sterling,1564,1085000.0,4.0,271250.0,4392,247.04,74400.0,14.58,74400.0,6.86,2025-07-25,6,1973,7231.0,109.6,"3x 2BR, 1x 3BR"
Montague,1376,425000.0,3.0,141666.67,3510,121.08,35400.0,12.01,22660.0,5.33,2025-07-25,19,1900,5711.0,94.47,"1x 2BR, 2x 3BR"
Spencer,1562,385000.0,2.0,192500.0,3296,116.81,,,,,2025-07-25,105,1880,3877.0,90.59,"1x 0BR, 1x 4BR"
Newton,2459,1915000.0,2.0,957500.0,3493,548.24,,,,,2025-07-28,23,1900,16423.0,98.21,"1x 2BR, 1x 4BR"
Lynn,1905,799000.0,2.0,399500.0,2298,347.69,,,,,2025-07-28,20,1880,7024.0,103.78,"1x 2BR, 1x 5BR"
Spencer,1562,675000.0,5.0,135000.0,5880,114.8,94800.0,7.12,69800.0,10.34,2025-07-28,25,1840,4967.0,93.76,"2x 2BR, 3x 3BR"
Quincy,2170,1420000.0,2.0,710000.0,4042,351.31,34800.0,40.8,34800.0,2.45,2025-07-28,15,1900,1315300.0,100.07,"1x 5BR, 1x 6BR"
North Attleboro,2760,750000.0,2.0,375000.0,3534,212.22,,,,,2025-07-28,21,1920,5758.0,101.49,2x 3BR
Ipswich,1938,760000.0,2.0,380000.0,1652,460.05,30600.0,24.84,30600.0,4.03,2025-07-28,8,1976,6498.0,112.61,2x 2BR
Newton,2458,1170000.0,2.0,585000.0,2752,425.15,59400.0,19.7,59400.0,5.08,2025-07-28,85,1920,13256.0,91.05,2x 3BR
New Bedford,2740,560000.0,4.0,140000.0,3088,181.35,44400.0,12.61,44400.0,7.93,2025-07-28,28,1890,5208.0,94.92,"3x 1BR, 1x 2BR"
Medford,2155,985000.0,2.0,492500.0,2671,368.78,,,,,2025-07-28,13,1900,6571.0,106.49,2x 3BR
Lawrence,1841,975000.0,3.0,325000.0,4324,225.49,86400.0,11.28,86400.0,8.86,2025-07-28,12,1915,7044.0,108.33,"1x 2BR, 2x 3BR"
Worcester,1605,780000.0,6.0,130000.0,4762,163.8,46200.0,16.88,44193.0,5.67,2025-07-28,37,1873,8540.0,78.79,"1x 0BR, 1x 1BR, 3x 2BR"
Somerville,2145,1350000.0,3.0,450000.0,4130,326.88,,,,,2025-07-28,46,1900,13071.0,97.9,3x 2BR
Cambridge,2140,2452150.0,2.0,1226075.0,3796,645.98,,,,,2025-07-28,11,1897,12299.0,102.39,"1x 3BR, 1x 4BR"
Brockton,2301,830000.0,2.0,415000.0,3654,227.15,55200.0,15.04,55200.0,6.65,2025-07-28,21,1925,9168.0,110.67,2x 3BR
Boston,2118,3224000.0,4.0,806000.0,3164,1018.96,218160.0,14.78,192000.0,5.96,2025-07-28,26,1900,99.0,109.29,"3x 1BR, 1x 2BR"
Newton,2464,970000.0,2.0,485000.0,2305,420.82,,,,,2025-07-28,49,1830,9887.0,97.0,2x 2BR
Boston,2135,1580000.0,3.0,526666.67,3861,409.22,100200.0,15.77,92575.0,5.86,2025-07-28,19,1905,15130.0,113.26,3x 3BR
Marlborough,1752,685000.0,2.0,342500.0,2591,264.38,66096.0,10.36,66096.0,9.65,2025-07-28,41,1895,4782.0,100.0,2x 3BR
Somerville,2144,2150000.0,2.0,1075000.0,2668,805.85,25200.0,85.32,25200.0,1.17,2025-07-28,13,1900,13761.0,104.93,"1x 1BR, 1x 3BR"
Salem,1970,2000000.0,6.0,333333.33,6960,287.36,,,,,2025-07-29,69,1920,19068.0,96.2,"1x 3BR, 1x 4BR"
Springfield,1118,410000.0,2.0,205000.0,1588,258.19,39000.0,10.51,39000.0,9.51,2025-07-29,46,1970,3639.0,102.53,2x 2BR
Springfield,1105,475000.0,2.0,237500.0,2280,208.33,,,,,2025-07-29,3,2025,2223.0,100.0,2x 3BR
Attleboro,2703,753500.0,3.0,251166.67,4146,181.74,61500.0,12.25,45076.0,5.98,2025-07-29,60,1910,8481.0,101.96,3x 3BR
Springfield,1151,470000.0,3.0,156666.67,3581,131.25,45600.0,10.31,45600.0,9.7,2025-07-29,36,1914,5409.0,100.0,"1x 2BR, 2x 3BR"
Brockton,2301,950000.0,6.0,158333.33,4494,211.39,90480.0,10.5,75480.0,7.95,2025-07-29,30,1910,10130.0,92.68,5x 1BR
Fall River,2721,565000.0,3.0,188333.33,3141,179.88,39000.0,14.49,26102.0,4.62,2025-07-29,34,1900,5298.0,100.02,3x 2BR
Boston,2121,950000.0,3.0,316666.67,2627,361.63,104000.0,9.13,83484.0,8.79,2025-07-29,36,1890,9349.0,90.56,"1x 2BR, 2x 3BR"
Everett,2149,1175000.0,3.0,391666.67,2895,405.87,27600.0,42.57,27600.0,2.35,2025-07-29,17,1910,9721.0,97.92,3x 2BR
Malden,2148,1110000.0,2.0,555000.0,2918,380.4,79200.0,14.02,79200.0,7.14,2025-07-29,16,1910,11001.0,96.53,"1x 2BR, 1x 3BR"
Hubbardston,1452,355000.0,3.0,118333.33,3628,97.85,38400.0,9.24,38400.0,10.82,2025-07-29,8,1880,3847.0,94.67,"2x 2BR, 1x 5BR"
Worcester,1609,860000.0,3.0,286666.67,4176,205.94,84600.0,10.17,82122.0,9.55,2025-07-29,39,1890,8109.0,106.17,3x 3BR
Watertown,2472,1525000.0,2.0,762500.0,2750,554.55,,,,,2025-07-29,14,1894,14236.0,96.83,"1x 1BR, 1x 3BR"
Medford,2155,1035000.0,2.0,517500.0,2546,406.52,24000.0,43.12,24000.0,2.32,2025-07-29,7,1910,7657.0,103.6,2x 2BR
Lawrence,1841,815000.0,2.0,407500.0,2878,283.18,,,,,2025-07-29,20,1910,5385.0,118.29,2x 4BR
Winthrop,2152,948888.0,2.0,474444.0,2532,374.76,25800.0,36.78,25800.0,2.72,2025-07-29,11,1900,8459.0,102.58,"1x 2BR, 1x 3BR"
Malden,2148,880000.0,2.0,440000.0,2330,377.68,21000.0,41.9,21000.0,2.39,2025-07-29,8,1910,8788.0,100.11,2x 2BR
Chicopee,1020,440000.0,2.0,220000.0,2052,214.42,31200.0,14.1,31200.0,7.09,2025-07-30,9,1983,4515.0,104.76,2x 2BR
Fitchburg,1420,1150000.0,10.0,115000.0,8500,135.29,155895.0,7.38,117610.0,10.23,2025-07-30,13,1890,10111.0,92.0,5x 1BR
Melrose,2176,1850000.0,7.0,264285.71,6068,304.88,155700.0,11.88,119060.0,6.44,2025-07-30,46,1900,12124.0,92.73,2x 2BR
Boston,2131,1215000.0,2.0,607500.0,3076,394.99,,,,,2025-07-30,11,1910,9755.0,101.26,"1x 2BR, 1x 3BR"
Holyoke,1040,400000.0,2.0,200000.0,2758,145.03,14400.0,27.78,14400.0,3.6,2025-07-30,17,1900,4730.0,111.14,"1x 2BR, 1x 3BR"
Lawrence,1841,765000.0,2.0,382500.0,2573,297.32,21600.0,35.42,21600.0,2.82,2025-07-30,17,1910,5960.0,102.0,"1x 2BR, 1x 3BR"
Westfield,1085,423000.0,3.0,141000.0,3437,123.07,39600.0,10.68,39600.0,9.36,2025-07-30,21,1880,4767.0,99.53,"1x 1BR, 2x 2BR"
Quincy,2170,863000.0,2.0,431500.0,1920,449.48,45000.0,19.18,29340.0,3.4,2025-07-30,29,1910,8280.0,91.91,"1x 2BR, 1x 3BR"
Lawrence,1843,789000.0,2.0,394500.0,3294,239.53,,,,,2025-07-30,45,1900,5757.0,100.0,"1x 2BR, 1x 3BR"
Boston,2121,1150000.0,3.0,383333.33,4368,263.28,,,,,2025-07-30,15,1930,12274.0,95.83,3x 3BR
Boston,2128,2200000.0,6.0,366666.67,5704,385.69,124800.0,17.63,103200.0,4.69,2025-07-30,462,1905,7827.0,83.02,"3x 1BR, 2x 2BR"
Dartmouth,2748,850222.0,2.0,425111.0,1800,472.35,78000.0,10.9,78000.0,9.17,2025-07-30,55,1920,4096.0,94.57,2x 2BR
Springfield,1108,335000.0,2.0,167500.0,2432,137.75,,,,,2025-07-30,49,1923,4216.0,101.52,2x 3BR
Brockton,2301,740000.0,2.0,370000.0,2799,264.38,67200.0,11.01,67200.0,9.08,2025-07-30,55,1890,7746.0,98.68,"1x 2BR, 1x 5BR"
Haverhill,1835,830000.0,3.0,276666.67,2979,278.62,,,,,2025-07-30,50,1850,7073.0,95.96,"2x 1BR, 1x 3BR"
Lowell,1852,1175000.0,4.0,293750.0,5000,235.0,120000.0,9.79,107968.0,9.19,2025-07-30,26,1890,9691.0,98.0,"2x 2BR, 2x 3BR"
New Bedford,2740,510000.0,2.0,255000.0,2184,233.52,10200.0,50.0,10200.0,2.0,2025-07-30,36,1916,5402.0,107.37,2x 2BR
Revere,2151,690000.0,2.0,345000.0,1507,457.86,62400.0,11.06,62400.0,9.04,2025-07-30,47,1900,5315.0,106.16,2x 2BR
Chelsea,2150,615000.0,2.0,307500.0,2535,242.6,,,,,2025-07-31,14,1893,6808.0,98.4,"1x 0BR, 1x 5BR"
Southborough,1772,875000.0,2.0,437500.0,2710,322.88,69000.0,12.68,69000.0,7.89,2025-07-31,32,1850,10241.0,97.23,"1x 2BR, 1x 3BR"
Fitchburg,1420,720000.0,3.0,240000.0,4959,145.19,,,,,2025-07-31,15,1900,8090.0,104.5,"2x 3BR, 1x 4BR"
Foxboro,2035,1050000.0,4.0,262500.0,3782,277.63,82200.0,12.77,75508.0,7.19,2025-07-31,15,1945,10687.0,91.3,"1x 1BR, 2x 2BR, 1x 3BR"
Winthrop,2152,867000.0,2.0,433500.0,2494,347.63,,,,,2025-07-31,27,1920,8810.4,102.01,"1x 2BR, 1x 3BR"
Millis,2054,720000.0,2.0,360000.0,2530,284.58,,,,,2025-07-31,19,1900,8687.0,100.0,"1x 2BR, 1x 3BR"
Boston,2127,2550000.0,3.0,850000.0,4652,548.15,74400.0,34.27,74400.0,2.92,2025-07-31,21,1905,24799.0,94.44,"1x 3BR, 1x 4BR, 1x 5BR"
Boston,2128,1010000.0,3.0,336666.67,2019,500.25,80400.0,12.56,80400.0,7.96,2025-07-31,18,1900,11029.0,102.12,"1x 1BR, 2x 2BR"
Bridgewater,2324,600000.0,2.0,300000.0,2248,266.9,52800.0,11.36,52800.0,8.8,2025-07-31,24,1816,6374.0,100.02,"1x 2BR, 1x 3BR"
Springfield,1105,350000.0,2.0,175000.0,2724,128.49,,,,,2025-07-31,19,1889,2826.0,106.09,2x 3BR
Worcester,1609,655000.0,2.0,327500.0,2471,265.07,,,,,2025-07-31,81,1867,6309.0,97.05,2x 2BR
Lawrence,1841,951000.0,3.0,317000.0,3846,247.27,,,,,2025-07-31,23,1925,5839.0,105.67,3x 3BR
Springfield,1104,410000.0,2.0,205000.0,2220,184.68,16800.0,24.4,16800.0,4.1,2025-07-31,21,2006,6855.0,102.53,2x 3BR
Leominster,1453,527500.0,2.0,263750.0,3032,173.98,21000.0,25.12,21000.0,3.98,2025-07-31,75,1900,5910.0,99.55,2x 3BR
Boston,2131,1000000.0,2.0,500000.0,2323,430.48,,,,,2025-07-31,8,1910,4994.69,100.5,"1x 2BR, 1x 3BR"
Amherst,1002,1443000.0,3.0,481000.0,3852,374.61,111600.0,12.93,78092.0,5.41,2025-07-31,27,1900,18771.0,96.2,3x 4BR
Boston,2121,1575000.0,4.0,393750.0,6109,257.82,154800.0,10.17,134250.0,8.52,2025-07-31,23,1900,9772.0,93.25,"2x 2BR, 2x 3BR"
Chatham,2659,749900.0,2.0,374950.0,2184,343.36,,,,,2025-07-31,144,1834,2748.0,100.0,"1x 1BR, 1x 3BR"
Franklin,2038,690000.0,2.0,345000.0,2232,309.14,20400.0,33.82,20400.0,2.96,2025-07-31,0,1927,7079.0,102.22,2x 2BR
Lowell,1851,790000.0,3.0,263333.33,4224,187.03,60600.0,13.04,60600.0,7.67,2025-07-31,40,1900,8969.0,98.76,"1x 2BR, 1x 3BR, 1x 4BR"
Lynn,1904,650000.0,2.0,325000.0,2366,274.73,,,,,2025-07-31,7,1910,7665.0,120.37,2x 2BR
Springfield,1104,310000.0,2.0,155000.0,2088,148.47,22200.0,13.96,22200.0,7.16,2025-07-31,38,1912,4690.0,92.56,"1x 2BR, 1x 4BR"
Springfield,1107,332000.0,2.0,166000.0,2132,155.72,,,,,2025-07-31,47,1923,3086.0,102.15,2x 2BR
Springfield,1108,518000.0,2.0,259000.0,3900,132.82,60000.0,8.63,60000.0,11.58,2025-07-31,17,1923,4662.0,103.6,2x 4BR
New Bedford,2740,620000.0,2.0,310000.0,2919,212.4,24000.0,25.83,24000.0,3.87,2025-07-31,25,1916,5692.0,105.26,2x 3BR
Springfield,1109,287500.0,2.0,143750.0,2264,126.99,16200.0,17.75,16200.0,5.63,2025-07-31,23,1914,4205.0,104.55,"1x 2BR, 1x 3BR"
Methuen,1844,884000.0,3.0,294666.67,3051,289.74,67500.0,13.1,60915.0,6.89,2025-07-31,69,1900,7891.0,104.01,"1x 1BR, 2x 2BR"
Cambridge,2140,2150000.0,3.0,716666.67,3822,562.53,102768.0,20.92,102768.0,4.78,2025-07-31,26,1895,12419.0,102.38,3x 3BR
Holyoke,1040,450000.0,2.0,225000.0,3610,124.65,26400.0,17.05,26400.0,5.87,2025-07-31,23,1920,5374.0,100.02,2x 3BR
Worcester,1605,565000.0,2.0,282500.0,2121,266.38,,,,,2025-07-31,26,1920,6162.0,100.02,"1x 1BR, 1x 2BR"
Southbridge,1550,455000.0,2.0,227500.0,2520,180.56,52200.0,8.72,52200.0,11.47,2025-07-31,19,1940,3879.0,103.43,2x 3BR
Chicopee,1020,485000.0,2.0,242500.0,2441,198.69,,,,,2025-07-31,22,1880,3846.0,118.29,2x 3BR
Salisbury,1952,828000.0,2.0,414000.0,2641,313.52,12000.0,69.0,12000.0,1.45,2025-07-31,20,1960,6552.0,104.81,"1x 2BR, 1x 3BR"
Salem,1970,865000.0,2.0,432500.0,2228,388.24,61440.0,14.08,61440.0,7.1,2025-07-31,21,1870,7414.0,101.88,2x 2BR
Lowell,1850,725000.0,2.0,362500.0,2529,286.67,66000.0,10.98,66000.0,9.1,2025-07-31,13,1894,6376.0,103.72,"1x 3BR, 1x 4BR"
Reading,1867,1120000.0,2.0,560000.0,2850,392.98,70800.0,15.82,70800.0,6.32,2025-07-31,22,1880,9186.0,101.82,"1x 2BR, 1x 3BR"
Attleboro,2703,725000.0,2.0,362500.0,3136,231.19,30000.0,24.17,23238.0,3.21,2025-07-31,17,1900,7269.0,103.59,"1x 2BR, 1x 3BR"
Taunton,2780,750000.0,2.0,375000.0,2240,334.82,,,,,2025-07-31,23,1910,5521.0,107.14,"1x 3BR, 1x 4BR"
Arlington,2474,1350000.0,2.0,675000.0,3258,414.36,27960.0,48.28,27960.0,2.07,2025-07-31,6,1915,11099.0,112.97,"1x 2BR, 1x 3BR"
Fall River,2724,507000.0,2.0,253500.0,1944,260.8,,,,,2025-07-31,3,1930,4387.64,104.54,2x 2BR
Lowell,1850,725000.0,2.0,362500.0,3118,232.52,51600.0,14.05,51600.0,7.12,2025-07-31,32,1900,7023.0,103.72,2x 3BR
Lowell,1850,765000.0,2.0,382500.0,3307,231.33,,,,,2025-07-31,22,1880,7493.0,110.89,2x 3BR
Boston,2120,2220000.0,3.0,740000.0,3400,652.94,42000.0,52.86,42000.0,1.89,2025-07-31,13,2019,14908.0,92.5,3x 2BR
Fall River,2724,510000.0,2.0,255000.0,1792,284.6,,,,,2025-07-31,13,1930,4146.0,106.47,"1x 2BR, 1x 3BR"
Holyoke,1040,325000.0,2.0,162500.0,2112,153.88,45600.0,7.13,45600.0,14.03,2025-07-31,30,1920,3757.0,112.11,"1x 2BR, 1x 3BR"
Haverhill,1830,850000.0,2.0,425000.0,2427,350.23,31200.0,27.24,31200.0,3.67,2025-07-31,10,1900,5803.0,110.4,"1x 3BR, 1x 4BR"
Leominster,1453,600000.0,2.0,300000.0,1922,312.17,,,,,2025-07-31,23,1930,5739.0,109.11,"1x 1BR, 1x 3BR"
Blackstone,1504,750000.0,2.0,375000.0,4499,166.7,,,,,2025-07-31,57,1940,10151.0,96.77,"1x 1BR, 1x 3BR"
Boston,2122,1275000.0,3.0,425000.0,3645,349.79,77200.0,16.52,70806.0,5.55,2025-07-31,16,1905,13622.0,106.34,3x 2BR
Wakefield,1880,825000.0,2.0,412500.0,2381,346.49,,,,,2025-07-31,21,1920,9431.0,87.78,2x 2BR
Fitchburg,1420,650000.0,2.0,325000.0,3283,197.99,60000.0,10.83,60000.0,9.23,2025-07-31,26,1900,4877.0,100.02,"1x 3BR, 1x 6BR"
Watertown,2472,1100000.0,2.0,550000.0,2550,431.37,,,,,2025-07-31,20,1915,11769.0,95.74,2x 3BR
New Bedford,2745,520000.0,2.0,260000.0,2368,219.59,,,,,2025-08-01,103,1935,5086.0,99.05,"1x 2BR, 1x 3BR"
Boston,2128,980000.0,3.0,326666.67,3108,315.32,,,,,2025-08-01,79,1900,11652.0,89.09,3x 2BR
Fall River,2723,1270000.0,6.0,211666.67,5121,248.0,133000.0,9.55,95000.0,7.48,2025-08-01,27,1900,6683.0,97.69,"1x 2BR, 4x 3BR"
Nahant,1908,1445000.0,2.0,722500.0,1434,1007.67,,,,,2025-08-01,41,1914,10969.0,96.34,"1x 1BR, 1x 2BR"
Salem,1970,929000.0,2.0,464500.0,2474,375.51,63600.0,14.61,63600.0,6.85,2025-08-01,22,1920,8731.0,100.09,2x 2BR
Somerville,2143,1557000.0,2.0,778500.0,2816,552.91,64800.0,24.03,64800.0,4.16,2025-08-01,20,1900,13341.0,107.39,"1x 2BR, 1x 4BR"
Waltham,2453,1125000.0,2.0,562500.0,2463,456.76,29400.0,38.27,29400.0,2.61,2025-08-01,22,1900,9228.0,118.42,"1x 2BR, 1x 3BR"
Somerville,2143,2100000.0,4.0,525000.0,3955,530.97,56400.0,37.23,56400.0,2.69,2025-08-01,8,1852,17525.6,113.51,"1x 1BR, 2x 2BR, 1x 3BR"
Springfield,1108,370000.0,2.0,185000.0,2446,151.27,49200.0,7.52,49200.0,13.3,2025-08-01,78,1899,3016.0,103.06,"1x 3BR, 1x 5BR"
West Springfield,1089,359000.0,2.0,179500.0,1738,206.56,,,,,2025-08-01,20,1920,3640.0,108.82,"1x 2BR, 1x 3BR"
Medford,2155,1265000.0,2.0,632500.0,2442,518.02,41400.0,30.56,41400.0,3.27,2025-08-01,6,1910,7769.0,110.1,"1x 3BR, 1x 4BR"
Danvers,1923,585000.0,2.0,292500.0,4270,137.0,,,,,2025-08-01,29,1830,9224.0,106.56,2x 3BR
Southbridge,1550,503000.0,3.0,167666.67,3365,149.48,,,,,2025-08-01,16,1922,5594.0,100.6,"1x 1BR, 2x 3BR"
Southbridge,1550,390000.0,2.0,195000.0,1930,202.07,18000.0,21.67,18000.0,4.62,2025-08-01,77,1900,5231.0,102.66,"1x 2BR, 1x 3BR"
Fall River,2720,649900.0,3.0,216633.33,3715,174.94,53100.0,12.24,53100.0,8.17,2025-08-01,14,1900,5726.0,100.0,3x 2BR
Quincy,2170,1050000.0,2.0,525000.0,1988,528.17,15600.0,67.31,15600.0,1.49,2025-08-01,16,1880,8968.0,110.53,"1x 2BR, 1x 3BR"
Springfield,1105,360000.0,2.0,180000.0,2335,154.18,38400.0,9.38,38400.0,10.67,2025-08-01,64,1911,4111.0,99.45,"1x 2BR, 1x 4BR"
Lynn,1902,940000.0,2.0,470000.0,3186,295.04,,,,,2025-08-01,37,1900,9184.0,100.01,"1x 2BR, 1x 6BR"
Framingham,1702,1505000.0,5.0,301000.0,4420,340.5,163200.0,9.22,129188.0,8.58,2025-08-01,47,1895,11312.0,95.56,"4x 2BR, 1x 3BR"
Whately,1373,768000.0,2.0,384000.0,4200,182.86,,,,,2025-08-01,8,2009,8659.0,102.54,2x 3BR
Salem,1970,840000.0,2.0,420000.0,2380,352.94,67800.0,12.39,67800.0,8.07,2025-08-01,21,1915,7453.0,98.94,2x 3BR
Belmont,2478,1452500.0,2.0,726250.0,3915,371.01,33600.0,43.23,33600.0,2.31,2025-08-01,20,1930,17153.0,96.9,2x 3BR
Worcester,1609,600000.0,2.0,300000.0,2421,247.83,57600.0,10.42,57600.0,9.6,2025-08-01,23,1850,6024.0,100.84,"1x 3BR, 1x 4BR"
Boston,2134,1099000.0,2.0,549500.0,1920,572.4,62000.0,17.73,53000.0,4.82,2025-08-01,20,1890,11602.0,100.0,2x 2BR
Webster,1570,515000.0,2.0,257500.0,2744,187.68,33600.0,15.33,33600.0,6.52,2025-08-01,38,1945,3673.0,100.98,"1x 3BR, 1x 4BR"
Danvers,1923,744000.0,2.0,372000.0,2460,302.44,14400.0,51.67,14400.0,1.94,2025-08-01,7,1910,6779.0,111.88,2x 3BR
Shrewsbury,1545,720000.0,2.0,360000.0,2249,320.14,57540.0,12.51,57540.0,7.99,2025-08-01,23,1920,7037.0,102.87,"1x 2BR, 1x 3BR"
Worcester,1602,700000.0,3.0,233333.33,3160,221.52,,,,,2025-08-01,18,1890,6756.0,103.24,3x 1BR
Worcester,1607,565000.0,2.0,282500.0,2212,255.42,,,,,2025-08-01,6,1880,6199.0,102.75,2x 2BR
Framingham,1702,720000.0,2.0,360000.0,2428,296.54,10500.0,68.57,10500.0,1.46,2025-08-01,15,1917,7331.0,96.13,"1x 1BR, 1x 4BR"
Sunderland,1375,585000.0,2.0,292500.0,3408,171.65,,,,,2025-08-01,14,1802,8906.0,84.17,"1x 1BR, 1x 4BR"
Chelsea,2150,855000.0,2.0,427500.0,1885,453.58,,,,,2025-08-01,28,1900,5817.0,106.88,"1x 2BR, 1x 3BR"
Canton,2021,1500000.0,3.0,500000.0,4749,315.86,,,,,2025-08-01,138,2024,0.0,85.71,3x 2BR
Framingham,1702,1450000.0,6.0,241666.67,4428,327.46,142200.0,10.2,114219.0,7.88,2025-08-01,9,1887,13973.0,107.41,"3x 1BR, 1x 2BR, 1x 3BR"
Lynn,1905,1115000.0,3.0,371666.67,4214,264.59,75600.0,14.75,58767.0,5.27,2025-08-01,19,1900,9583.0,101.36,"1x 3BR, 2x 4BR"
Ware,1082,390000.0,4.0,97500.0,2944,132.47,47400.0,8.23,47400.0,12.15,2025-08-04,54,1825,4450.0,92.86,3x 2BR
Boston,2128,895000.0,2.0,447500.0,2017,443.73,,,,,2025-08-04,22,1900,8411.0,99.44,2x 2BR
New Bedford,2745,511000.0,2.0,255500.0,1435,356.1,11400.0,44.82,11400.0,2.23,2025-08-04,14,1900,5191.0,111.09,2x 2BR
Lowell,1852,584000.0,2.0,292000.0,2914,200.41,,,,,2025-08-04,37,1880,6206.0,102.47,"1x 1BR, 1x 6BR"
Watertown,2472,1085000.0,2.0,542500.0,2797,387.92,58800.0,18.45,58800.0,5.42,2025-08-04,23,1920,9637.0,94.43,"1x 2BR, 1x 3BR"
New Bedford,2740,505000.0,2.0,252500.0,2152,234.67,,,,,2025-08-04,26,1890,4355.0,101.02,"1x 2BR, 1x 3BR"
Fall River,2721,540000.0,3.0,180000.0,3141,171.92,33000.0,16.36,33000.0,6.11,2025-08-04,47,1900,4615.0,98.18,3x 3BR
Somerville,2143,1565000.0,3.0,521666.67,2970,526.94,,,,,2025-08-04,8,1900,13972.0,97.81,"2x 1BR, 1x 2BR"
Maynard,1754,820000.0,4.0,205000.0,4150,197.59,,,,,2025-08-04,55,1988,0.0,102.5,"3x 1BR, 1x 2BR"
Stoughton,2072,1455000.0,4.0,363750.0,3563,408.36,133800.0,10.87,114743.0,7.89,2025-08-04,7,1976,9144.0,97.01,"2x 2BR, 2x 3BR"
Boston,2127,1200000.0,3.0,400000.0,2331,514.8,110400.0,10.87,110400.0,9.2,2025-08-04,45,1930,14258.0,88.89,"2x 2BR, 1x 3BR"
Boston,2122,1375000.0,3.0,458333.33,4166,330.05,85800.0,16.03,85800.0,6.24,2025-08-04,18,1880,9973.0,106.18,3x 4BR
Springfield,1104,315000.0,2.0,157500.0,1850,170.27,,,,,2025-08-04,14,1924,3578.0,121.2,2x 2BR
Arlington,2474,950000.0,2.0,475000.0,1643,578.21,53400.0,17.79,53400.0,5.62,2025-08-04,41,1890,9495.0,90.48,"1x 1BR, 1x 3BR"
Springfield,1109,390000.0,2.0,195000.0,1800,216.67,,,,,2025-08-04,19,1923,2624.0,100.0,2x 3BR
New Bedford,2740,630000.0,3.0,210000.0,3538,178.07,43200.0,14.58,43200.0,6.86,2025-08-04,30,1910,4952.83,98.59,3x 3BR
Boston,2124,1110000.0,2.0,555000.0,3445,322.21,,,,,2025-08-04,6,1900,8261.0,100.91,"1x 2BR, 1x 4BR"
Waltham,2453,775000.0,2.0,387500.0,1938,399.9,38700.0,20.03,38700.0,4.99,2025-08-04,70,1880,5987.0,100.01,"1x 1BR, 1x 3BR"
Boston,2127,950000.0,3.0,316666.67,2400,395.83,85800.0,11.07,85800.0,9.03,2025-08-04,45,1875,13480.0,76.0,"2x 1BR, 1x 2BR"
Worcester,1605,780000.0,3.0,260000.0,3675,212.24,49248.0,15.84,49248.0,6.31,2025-08-04,22,1890,6100.0,100.65,3x 3BR
Holyoke,1040,300000.0,2.0,150000.0,2244,133.69,,,,,2025-08-04,23,1900,3064.0,100.0,2x 2BR
New Bedford,2746,749000.0,3.0,249666.67,3261,229.68,,,,,2025-08-04,26,1910,7552.0,100.0,"1x 1BR, 2x 3BR"
Lowell,1854,765000.0,3.0,255000.0,2354,324.98,,,,,2025-08-04,24,1905,6860.0,102.01,"1x 1BR, 2x 2BR"
Lowell,1852,850000.0,4.0,212500.0,3778,224.99,14400.0,59.03,14400.0,1.69,2025-08-04,28,1900,9679.0,100.01,"1x 1BR, 2x 2BR, 1x 4BR"
Taunton,2780,838000.0,3.0,279333.33,3866,216.76,85200.0,9.84,85200.0,10.17,2025-08-04,43,1890,7586.0,96.33,"1x 2BR, 2x 3BR"
Fall River,2721,715000.0,3.0,238333.33,3348,213.56,28800.0,24.83,28800.0,4.03,2025-08-04,43,1900,6200.0,102.16,3x 3BR
Fall River,2721,627500.0,3.0,209166.67,3072,204.26,12600.0,49.8,12600.0,2.01,2025-08-04,14,1900,5069.0,114.09,"2x 2BR, 1x 3BR"
Springfield,1151,350000.0,2.0,175000.0,2850,122.81,9600.0,36.46,9600.0,2.74,2025-08-05,124,1880,4436.0,93.33,2x 3BR
Lowell,1852,655000.0,2.0,327500.0,2808,233.26,,,,,2025-08-05,97,1900,5337.0,103.17,"1x 3BR, 1x 5BR"
Brockton,2302,954000.0,3.0,318000.0,3667,260.16,18000.0,53.0,18000.0,1.89,2025-08-05,21,1911,8383.0,100.42,3x 3BR
Fitchburg,1420,720000.0,4.0,180000.0,3510,205.13,79800.0,9.02,79800.0,11.08,2025-08-05,20,1910,6471.0,106.67,"1x 1BR, 3x 3BR"
Bridgewater,2324,815000.0,2.0,407500.0,3120,261.22,55800.0,14.61,55800.0,6.85,2025-08-05,44,1900,7440.0,101.89,"1x 2BR, 2x 3BR"
Malden,2148,1262500.0,2.0,631250.0,5400,233.8,34200.0,36.92,34200.0,2.71,2025-08-05,55,1910,11618.0,91.82,"1x 4BR, 1x 8BR"
Greenfield,1301,315000.0,2.0,157500.0,2112,149.15,,,,,2025-08-05,39,1900,4391.0,100.0,2x 2BR
Chicopee,1020,355000.0,2.0,177500.0,1664,213.34,12000.0,29.58,12000.0,3.38,2025-08-05,25,1910,3676.0,106.0,2x 2BR
Lowell,1852,580000.0,2.0,290000.0,1892,306.55,15600.0,37.18,15600.0,2.69,2025-08-05,125,1957,5469.0,100.17,"1x 1BR, 1x 4BR"
Fall River,2723,850000.0,6.0,141666.67,4039,210.45,98400.0,8.64,87600.0,10.31,2025-08-05,32,1900,7302.0,100.0,"2x 2BR, 1x 3BR, 2x 4BR"
Boston,2135,1100000.0,2.0,550000.0,2892,380.36,25800.0,42.64,25800.0,2.35,2025-08-05,7,1925,8215.72,100.0,"1x 2BR, 1x 3BR"
Revere,2151,600000.0,2.0,300000.0,1722,348.43,,,,,2025-08-05,11,1890,5573.52,120.02,2x 1BR
Milton,2186,1058000.0,2.0,529000.0,2744,385.57,68760.0,15.39,68760.0,6.5,2025-08-05,23,1923,9369.0,100.76,"1x 2BR, 1x 4BR"
Wareham,2571,920000.0,4.0,230000.0,2807,327.75,50400.0,18.25,50400.0,5.48,2025-08-05,65,1900,7545.0,96.94,"2x 1BR, 2x 2BR"
Lawrence,1843,482000.0,2.0,241000.0,1600,301.25,,,,,2025-08-05,39,1905,4410.0,83.83,2x 2BR
Southbridge,1550,440000.0,2.0,220000.0,1845,238.48,,,,,2025-08-05,8,1890,4029.0,110.03,2x 3BR
Weymouth,2190,778000.0,2.0,389000.0,2300,338.26,,,,,2025-08-05,29,1893,6485.0,97.26,"1x 1BR, 1x 3BR"
Framingham,1702,830000.0,2.0,415000.0,2292,362.13,54588.0,15.2,54588.0,6.58,2025-08-05,8,1914,7198.0,103.75,2x 2BR
Boston,2113,1810000.0,3.0,603333.33,3300,548.48,,,,,2025-08-05,24,1890,20629.0,90.73,"1x 1BR, 2x 2BR"
Seekonk,2771,560000.0,2.0,280000.0,2374,235.89,28800.0,19.44,28800.0,5.14,2025-08-06,73,1950,5855.0,101.82,"1x 1BR, 1x 3BR"
New Bedford,2745,552000.0,2.0,276000.0,1562,353.39,,,,,2025-08-06,43,1909,4665.0,95.19,"1x 2BR, 1x 3BR"
Ware,1082,300000.0,5.0,60000.0,5037,59.56,31992.0,9.38,27600.0,9.2,2025-08-06,12,1850,3035.0,100.0,"3x 0BR, 1x 1BR, 1x 2BR"
Methuen,1844,540000.0,2.0,270000.0,1604,336.66,,,,,2025-08-06,26,1900,5618.0,93.91,2x 2BR
Holyoke,1040,388000.0,4.0,97000.0,4352,89.15,56700.0,6.84,46000.0,11.86,2025-08-06,54,1900,4856.0,100.78,"3x 1BR, 1x 4BR"
Northbridge,1588,548500.0,2.0,274250.0,2268,241.84,36000.0,15.24,36000.0,6.56,2025-08-06,36,1907,4895.0,94.73,2x 3BR
Springfield,1119,490000.0,2.0,245000.0,2480,197.58,20400.0,24.02,20400.0,4.16,2025-08-06,16,2020,7768.0,98.02,2x 3BR
Melrose,2176,930000.0,2.0,465000.0,2333,398.63,,,,,2025-08-06,6,1850,7085.0,106.29,2x 2BR
Swampscott,1907,710000.0,2.0,355000.0,2046,347.02,18600.0,38.17,18600.0,2.62,2025-08-06,27,1940,8010.0,98.75,"1x 1BR, 1x 3BR"
Lowell,1852,482900.0,2.0,241450.0,2726,177.15,,,,,2025-08-06,22,1882,5144.0,102.77,2x 2BR
Springfield,1108,490000.0,2.0,245000.0,2688,182.29,20400.0,24.02,20400.0,4.16,2025-08-06,3,2020,5853.0,104.26,2x 3BR
Fall River,2724,549000.0,2.0,274500.0,2092,262.43,,,,,2025-08-06,16,1930,4456.0,100.0,2x 3BR
Boston,2124,851000.0,2.0,425500.0,2995,284.14,,,,,2025-08-06,21,1920,7259.0,106.39,"1x 2BR, 1x 3BR"
Salem,1970,602000.0,2.0,301000.0,1674,359.62,,,,,2025-08-06,21,1915,5303.0,100.35,"1x 1BR, 1x 4BR"
Lowell,1854,605000.0,2.0,302500.0,2208,274.0,55200.0,10.96,50423.0,8.33,2025-08-06,17,1900,5335.0,100.85,"1x 2BR, 1x 5BR"
South Hadley,1075,400000.0,2.0,200000.0,1688,236.97,9600.0,41.67,9600.0,2.4,2025-08-06,23,1943,4225.0,103.9,2x 2BR
Quincy,2169,1000000.0,2.0,500000.0,1983,504.29,36000.0,27.78,36000.0,3.6,2025-08-06,24,1931,12615.0,102.56,2x 2BR
Worcester,1606,685000.0,2.0,342500.0,2648,258.69,21600.0,31.71,21600.0,3.15,2025-08-06,19,1920,6251.0,105.38,2x 3BR
Hanson,2341,535000.0,2.0,267500.0,3050,175.41,,,,,2025-08-06,21,1800,6738.0,107.0,"1x 1BR, 1x 2BR"
Natick,1760,1300000.0,2.0,650000.0,3470,374.64,,,,,2025-08-07,44,1889,15149.0,96.37,"1x 1BR, 1x 4BR"
Lynn,1905,499000.0,2.0,249500.0,3041,164.09,,,,,2025-08-07,6,1900,7976.0,124.78,"1x 2BR, 1x 3BR"
Webster,1570,1232285.0,9.0,136920.56,8524,144.57,40812.0,30.19,40812.0,3.31,2025-08-07,19,1900,0.0,103.12,"1x 2BR, 1x 4BR"
Lowell,1850,1155000.0,4.0,288750.0,4252,271.64,104424.0,11.06,91919.0,7.96,2025-08-07,7,1880,9748.0,97.06,"1x 2BR, 3x 3BR"
Plainville,2762,705000.0,2.0,352500.0,1968,358.23,,,,,2025-08-07,22,1956,7194.0,104.44,"1x 1BR, 1x 3BR"
Webster,1570,1128142.0,8.0,141017.75,6111,184.61,37080.0,30.42,37080.0,3.29,2025-08-07,19,1950,8252.0,103.03,"1x 1BR, 1x 3BR"
Boston,2130,1540000.0,5.0,308000.0,5400,285.19,6000.0,256.67,6000.0,0.39,2025-08-07,25,1880,11530.0,96.25,"4x 1BR, 1x 2BR"
Webster,1570,924000.0,7.0,132000.0,6520,141.72,33600.0,27.5,33600.0,3.64,2025-08-07,19,1880,5998.0,103.24,"1x 1BR, 1x 2BR"
Webster,1570,819857.0,6.0,136642.83,4660,175.93,31740.0,25.83,31740.0,3.87,2025-08-07,19,1920,5556.0,103.13,"1x 1BR, 1x 2BR"
Webster,1570,545714.0,5.0,109142.8,3023,180.52,26580.0,20.53,26580.0,4.87,2025-08-07,19,1880,3438.0,103.95,2x 1BR
Mansfield,2048,1310000.0,5.0,262000.0,4010,326.68,87600.0,14.95,75934.0,5.8,2025-08-07,7,1900,9497.0,100.77,"3x 1BR, 2x 2BR"
Worcester,1602,615000.0,2.0,307500.0,3050,201.64,40800.0,15.07,40800.0,6.63,2025-08-07,51,1880,8184.0,99.19,"1x 2BR, 1x 3BR"
Webster,1570,577000.0,3.0,192333.33,2695,214.1,41400.0,13.94,41400.0,7.18,2025-08-07,15,1930,4138.0,106.87,3x 2BR
Boston,2135,975000.0,2.0,487500.0,2080,468.75,,,,,2025-08-07,40,1955,11106.0,90.7,2x 2BR
New Bedford,2740,299000.0,2.0,149500.0,1846,161.97,,,,,2025-08-07,3,1886,4121.0,99.7,"1x 2BR, 1x 3BR"
Medford,2155,1300000.0,3.0,433333.33,2912,446.43,72000.0,18.06,72000.0,5.54,2025-08-07,19,1920,7643.0,100.0,3x 2BR
Harvard,1451,535000.0,1.0,535000.0,1500,356.67,24.0,22291.67,24.0,0.0,2025-08-07,14,1941,9371.0,107.0,"1x 1BR, 1x 2BR"
Melrose,2176,930000.0,2.0,465000.0,2336,398.12,24000.0,38.75,24000.0,2.58,2025-08-07,4,1930,8424.0,108.14,"1x 2BR, 1x 4BR"
Worcester,1603,840000.0,4.0,210000.0,3188,263.49,78048.0,10.76,69748.0,8.3,2025-08-07,21,1895,8595.0,98.84,"1x 1BR, 1x 2BR, 2x 3BR"
Boston,2215,5125000.0,9.0,569444.44,7804,656.71,,,,,2025-08-07,62,1899,99.0,99.51,"2x 0BR, 1x 1BR, 2x 2BR"
Quincy,2169,829000.0,2.0,414500.0,3929,211.0,,,,,2025-08-07,5,1900,9103.0,118.6,2x 1BR
Palmer,1069,285000.0,3.0,95000.0,1665,171.17,,,,,2025-08-08,28,1847,3327.0,87.69,3x 1BR
Boston,2130,1640000.0,3.0,546666.67,3744,438.03,112200.0,14.62,112200.0,6.84,2025-08-08,110,1918,15955.0,99.39,"1x 2BR, 2x 3BR"
Brookline,2445,1900000.0,2.0,950000.0,3895,487.8,,,,,2025-08-08,17,1895,17543.0,95.0,"1x 2BR, 1x 3BR"
Boston,2132,1115000.0,2.0,557500.0,2740,406.93,,,,,2025-08-08,18,1894,6389.15,101.83,"1x 2BR, 1x 4BR"
Medford,2155,1200000.0,2.0,600000.0,2915,411.66,38400.0,31.25,38400.0,3.2,2025-08-08,19,1922,8137.0,93.9,"1x 2BR, 1x 5BR"
Belmont,2478,1300000.0,2.0,650000.0,2789,466.12,57000.0,22.81,57000.0,4.38,2025-08-08,7,1924,14454.0,100.08,"1x 2BR, 1x 4BR"
Boston,2121,1240000.0,3.0,413333.33,4995,248.25,,,,,2025-08-08,15,1900,12245.0,103.33,3x 4BR
New Bedford,2746,635000.0,3.0,211666.67,3441,184.54,21000.0,30.24,21000.0,3.31,2025-08-08,28,1903,5138.0,96.23,3x 3BR
Quincy,2170,1150000.0,2.0,575000.0,3064,375.33,53400.0,21.54,53400.0,4.64,2025-08-08,30,1900,13276.0,95.91,"1x 2BR, 1x 3BR"
Boston,2135,2300000.0,3.0,766666.67,4454,516.39,17000.0,135.29,176975.0,7.69,2025-08-08,22,1905,19002.0,95.91,"1x 3BR, 1x 4BR, 1x 5BR"
Brookline,2445,3050000.0,3.0,1016666.67,5150,592.23,211200.0,14.44,147200.0,4.83,2025-08-08,56,1892,27534.0,96.83,"1x 2BR, 1x 3BR, 1x 4BR"
Braintree,2189,1150000.0,3.0,383333.33,3038,378.54,88000.0,13.07,88000.0,7.65,2025-08-08,3,1900,10363.0,95.91,3x 2BR
Somerville,2145,1850000.0,3.0,616666.67,3109,595.05,131560.0,14.06,101382.0,5.48,2025-08-08,71,1900,14105.0,97.37,"1x 2BR, 2x 3BR"
Fitchburg,1420,680000.0,2.0,340000.0,3212,211.71,42000.0,16.19,42000.0,6.18,2025-08-08,6,1900,7824.0,100.0,"1x 3BR, 1x 4BR"
Brookline,2446,11800000.0,14.0,842857.14,17139,688.49,886800.0,13.31,681785.0,5.78,2025-08-08,150,1905,75317.0,91.12,"1x 3BR, 1x 4BR"
West Boylston,1583,599000.0,2.0,299500.0,2916,205.42,56400.0,10.62,56100.0,9.37,2025-08-08,30,1913,7925.0,99.85,"2x 0BR, 1x 3BR"
Boston,2124,1100000.0,3.0,366666.67,4054,271.34,43200.0,25.46,43200.0,3.93,2025-08-08,21,1935,11549.0,95.65,"1x 2BR, 2x 3BR"
Oxford,1540,370000.0,2.0,185000.0,1600,231.25,,,,,2025-08-08,45,1880,3651.0,97.37,2x 2BR
Pittsfield,1201,450000.0,6.0,75000.0,3744,120.19,89796.0,5.01,66761.0,14.84,2025-08-08,96,1900,4756.0,93.75,5x 1BR
Chelsea,2150,1900000.0,9.0,211111.11,6244,304.29,199028.0,9.55,117223.0,6.17,2025-08-08,72,1900,17532.0,86.36,"1x 0BR, 1x 1BR"
Webster,1570,540000.0,2.0,270000.0,2028,266.27,55200.0,9.78,55200.0,10.22,2025-08-08,25,1920,5222.0,105.9,2x 3BR
Orange,1364,360000.0,2.0,180000.0,2024,177.87,15000.0,24.0,15000.0,4.17,2025-08-08,86,1900,3986.07,96.28,"1x 2BR, 1x 3BR"
Medford,2155,1212000.0,2.0,606000.0,2380,509.24,,,,,2025-08-08,9,1920,6638.0,110.18,"1x 3BR, 1x 4BR"
Brockton,2301,1000000.0,3.0,333333.33,3720,268.82,,,,,2025-08-08,23,1925,9758.0,100.02,"2x 3BR, 1x 4BR"
Gloucester,1930,2550000.0,4.0,637500.0,3678,693.31,40200.0,63.43,34058.0,1.34,2025-08-08,91,2004,20527.73,85.28,"3x 1BR, 1x 2BR"
Everett,2149,852500.0,2.0,426250.0,2422,351.98,,,,,2025-08-08,73,1920,8710.0,100.31,"1x 1BR, 1x 4BR"
Lawrence,1841,770000.0,2.0,385000.0,2744,280.61,38400.0,20.05,38400.0,4.99,2025-08-08,23,1900,5825.6,104.19,2x 2BR
Northampton,1060,511000.0,2.0,255500.0,1776,287.73,39000.0,13.1,39000.0,7.63,2025-08-08,22,1900,4597.0,102.4,2x 2BR
Springfield,1109,385000.0,2.0,192500.0,1910,201.57,19200.0,20.05,19200.0,4.99,2025-08-08,17,1910,4076.0,104.05,"1x 3BR, 1x 5BR"
Methuen,1844,630000.0,2.0,315000.0,2392,263.38,,,,,2025-08-08,20,1910,6877.0,109.57,2x 2BR
Brockton,2301,750000.0,3.0,250000.0,2519,297.74,,,,,2025-08-08,20,1915,7578.0,100.0,"1x 1BR, 2x 2BR"
Pepperell,1463,600000.0,2.0,300000.0,1877,319.66,38400.0,15.62,38400.0,6.4,2025-08-11,18,1907,5072.0,109.09,2x 2BR
Boston,2128,1100000.0,2.0,550000.0,3400,323.53,85200.0,12.91,85200.0,7.75,2025-08-11,54,1900,11100.0,89.8,"1x 3BR, 1x 4BR"
Foxboro,2035,1300000.0,4.0,325000.0,4130,314.77,156000.0,8.33,156000.0,12.0,2025-08-11,23,1945,11824.0,100.08,"1x 1BR, 3x 2BR"
Springfield,1108,337000.0,2.0,168500.0,3114,108.22,19200.0,17.55,19200.0,5.7,2025-08-11,17,1916,4673.0,105.31,"1x 3BR, 1x 4BR"
Attleboro,2703,630000.0,2.0,315000.0,4904,128.47,24000.0,26.25,24000.0,3.81,2025-08-11,26,1992,6695.0,105.02,2x 3BR
Fitchburg,1420,550000.0,2.0,275000.0,2818,195.17,,,,,2025-08-11,32,1910,5046.0,94.02,"1x 2BR, 1x 4BR"
Middleboro,2346,690000.0,3.0,230000.0,3927,175.71,37200.0,18.55,37200.0,5.39,2025-08-11,13,1876,5915.0,100.0,3x 3BR
Springfield,1107,400000.0,2.0,200000.0,2512,159.24,,,,,2025-08-11,14,1897,4778.0,108.14,"1x 2BR, 1x 3BR"
Winchester,1890,1120000.0,2.0,560000.0,2060,543.69,,,,,2025-08-11,2,1917,11151.0,101.82,2x 2BR
Wakefield,1880,750000.0,2.0,375000.0,2188,342.78,,,,,2025-08-11,18,1900,8685.0,107.16,"1x 1BR, 1x 4BR"
Cambridge,2139,1960000.0,2.0,980000.0,4000,490.0,24.0,81666.67,24.0,0.0,2025-08-11,16,1873,0.0,95.61,2x 2BR
Fitchburg,1420,520000.0,3.0,173333.33,3120,166.67,50400.0,10.32,50400.0,9.69,2025-08-11,27,1915,6197.0,100.97,"1x 1BR, 2x 3BR"
Somerville,2144,1580000.0,2.0,790000.0,3227,489.62,100200.0,15.77,100200.0,6.34,2025-08-11,87,1920,17493.66,92.94,"1x 3BR, 1x 5BR"
Somerville,2143,2000000.0,2.0,1000000.0,3046,656.6,,,,,2025-08-11,6,1890,12421.95,105.26,"1x 1BR, 1x 3BR"
Westfield,1085,335000.0,2.0,167500.0,1745,191.98,27000.0,12.41,27000.0,8.06,2025-08-12,22,1900,3537.0,103.08,"1x 2BR, 1x 3BR"
Malden,2148,1087000.0,2.0,543500.0,2696,403.19,60000.0,18.12,60000.0,5.52,2025-08-12,27,1935,9828.0,95.6,"1x 3BR, 1x 4BR"
Haverhill,1830,696000.0,2.0,348000.0,2252,309.06,,,,,2025-08-12,18,1870,5079.0,99.44,2x 2BR
Springfield,1108,337000.0,2.0,168500.0,3114,108.22,19200.0,17.55,19200.0,5.7,2025-08-12,30,1916,4469.0,97.68,"1x 4BR, 1x 5BR"
Somerville,2145,1085000.0,2.0,542500.0,2477,438.03,,,,,2025-08-12,18,1910,9905.0,98.65,"1x 2BR, 1x 3BR"
Springfield,1108,405000.0,2.0,202500.0,3199,126.6,28500.0,14.21,28500.0,7.04,2025-08-12,20,1913,4553.0,102.53,"1x 2BR, 1x 4BR"
Fall River,2721,690000.0,3.0,230000.0,3177,217.19,,,,,2025-08-12,21,1900,5636.0,104.56,"2x 2BR, 1x 3BR"
Westwood,2090,1025000.0,2.0,512500.0,2122,483.03,36000.0,28.47,36000.0,3.51,2025-08-12,21,1932,9908.48,120.73,2x 1BR
Belchertown,1007,359000.0,2.0,179500.0,3758,95.53,24600.0,14.59,24600.0,6.85,2025-08-12,24,1955,4301.0,99.75,2x 2BR
Athol,1331,440000.0,2.0,220000.0,2592,169.75,,,,,2025-08-12,13,1910,3462.0,102.35,2x 3BR
Chicopee,1013,495000.0,3.0,165000.0,3639,136.03,30000.0,16.5,30000.0,6.06,2025-08-12,23,1900,4994.0,110.0,3x 2BR
Rockland,2370,657000.0,2.0,328500.0,2896,226.86,,,,,2025-08-13,130,1815,8759.0,93.87,"1x 2BR, 1x 3BR"
Boston,2128,1960000.0,3.0,653333.33,3940,497.46,,,,,2025-08-13,19,1860,19921.0,89.09,3x 2BR
Wareham,2571,750000.0,6.0,125000.0,2257,332.3,113760.0,6.59,113760.0,15.17,2025-08-13,153,1850,5390.0,75.0,5x 1BR
North Adams,1247,310000.0,2.0,155000.0,1668,185.85,,,,,2025-08-13,19,1900,1131.0,96.91,"1x 1BR, 1x 4BR"
Pittsfield,1201,250000.0,2.0,125000.0,1832,136.46,30120.0,8.3,30120.0,12.05,2025-08-13,119,1905,2751.0,100.0,2x 2BR
Newton,2458,1130000.0,2.0,565000.0,1792,630.58,63000.0,17.94,63000.0,5.58,2025-08-13,14,1900,9333.0,104.63,"1x 1BR, 1x 3BR"
Springfield,1105,497000.0,2.0,248500.0,2340,212.39,,,,,2025-08-13,12,2025,0.0,100.4,2x 3BR
Worcester,1610,810000.0,3.0,270000.0,3564,227.27,95400.0,8.49,95400.0,11.78,2025-08-13,12,1890,6344.0,101.25,3x 3BR
Taunton,2780,380000.0,2.0,190000.0,2066,183.93,,,,,2025-08-13,3,1825,4948.0,108.57,"1x 2BR, 1x 3BR"
Lawrence,1841,1099000.0,4.0,274750.0,4300,255.58,24000.0,45.79,24000.0,2.18,2025-08-13,14,1897,8400.0,100.0,4x 3BR
Pembroke,2359,645000.0,2.0,322500.0,1768,364.82,,,,,2025-08-13,23,1958,6683.0,99.25,2x 2BR
Boston,2121,1100000.0,3.0,366666.67,4146,265.32,63600.0,17.3,61100.0,5.55,2025-08-13,278,1905,7918.0,100.0,3x 4BR
Worcester,1604,602000.0,3.0,200666.67,2676,224.96,31200.0,19.29,31200.0,5.18,2025-08-13,10,1890,6906.0,100.33,3x 2BR
Boston,2136,825000.0,2.0,412500.0,2170,380.18,34200.0,24.12,34200.0,4.15,2025-08-14,17,1919,8595.0,93.17,"1x 1BR, 1x 2BR"
Springfield,1109,400000.0,2.0,200000.0,2673,149.64,,,,,2025-08-14,33,1926,3134.91,100.03,2x 3BR
Fall River,2721,655000.0,3.0,218333.33,2257,290.21,,,,,2025-08-14,25,1900,4691.0,97.76,"1x 1BR, 2x 3BR"
Springfield,1108,440000.0,2.0,220000.0,3425,128.47,19200.0,22.92,19200.0,4.36,2025-08-14,6,1911,3798.0,106.02,"1x 3BR, 1x 6BR"
Boston,2118,3675000.0,7.0,525000.0,5789,634.82,,,,,2025-08-14,42,1899,27938.0,93.06,"3x 1BR, 2x 2BR"
Chester,1011,233000.0,2.0,116500.0,3058,76.19,27600.0,8.44,24164.0,10.37,2025-08-14,55,1900,3765.52,96.48,"1x 3BR, 1x 4BR"
Fall River,2724,795000.0,4.0,198750.0,4413,180.15,,,,,2025-08-14,26,1900,6801.0,100.63,"2x 2BR, 1x 3BR, 1x 4BR"
Marlborough,1752,805000.0,3.0,268333.33,2835,283.95,20400.0,39.46,20400.0,2.53,2025-08-14,93,1880,6816.0,94.16,"2x 1BR, 1x 3BR"
Haverhill,1835,800000.0,2.0,400000.0,3413,234.4,,,,,2025-08-14,1,1940,6228.0,106.68,"1x 2BR, 2x 3BR"
Northampton,1060,548000.0,2.0,274000.0,1858,294.94,,,,,2025-08-14,33,1906,5491.0,94.65,"1x 2BR, 1x 3BR"
Norton,2766,667000.0,2.0,333500.0,2297,290.38,21600.0,30.88,21600.0,3.24,2025-08-14,18,1855,6757.0,106.72,"1x 2BR, 1x 3BR"
Winthrop,2152,788000.0,3.0,262666.67,1777,443.44,66300.0,11.89,66300.0,8.41,2025-08-14,66,1900,6760.0,98.62,"2x 1BR, 1x 2BR"
Auburn,1501,475000.0,2.0,237500.0,1856,255.93,42000.0,11.31,42000.0,8.84,2025-08-14,25,1930,4514.0,97.94,2x 2BR
Rockport,1966,1200000.0,2.0,600000.0,3195,375.59,16800.0,71.43,16800.0,1.4,2025-08-14,27,1933,6422.0,92.38,2x 3BR
Maynard,1754,702000.0,2.0,351000.0,2640,265.91,20400.0,34.41,20400.0,2.91,2025-08-14,11,1905,9332.0,101.75,"1x 2BR, 1x 4BR"
Fall River,2724,605000.0,3.0,201666.67,3024,200.07,,,,,2025-08-14,16,1927,5036.0,101.0,"2x 2BR, 1x 3BR"
Newton,2468,1390000.0,2.0,695000.0,4633,300.02,,,,,2025-08-14,12,1920,9563.0,106.92,"1x 3BR, 1x 4BR"
Watertown,2472,820000.0,2.0,410000.0,2376,345.12,,,,,2025-08-14,0,1920,10341.0,102.63,2x 2BR
Attleboro,2703,780000.0,3.0,260000.0,3376,231.04,50400.0,15.48,45061.0,5.78,2025-08-14,22,1910,7825.0,104.14,3x 2BR
Westminster,1473,668000.0,2.0,334000.0,1823,366.43,45600.0,14.65,45600.0,6.83,2025-08-14,37,1985,6370.0,95.7,"1x 1BR, 1x 2BR"
Salem,1970,800000.0,2.0,400000.0,1918,417.1,57840.0,13.83,,,2025-08-15,26,1850,9298.0,108.11,2x 2BR
Ashburnham,1430,589100.0,2.0,294550.0,0,,,,,,2025-08-15,66,1940,6857.0,98.2,2x 2BR
Lawrence,1843,930000.0,3.0,310000.0,3626,256.48,,,,,2025-08-15,17,1920,6463.0,109.42,"1x 2BR, 2x 3BR"
Webster,1570,975000.0,7.0,139285.71,5970,163.32,116400.0,8.38,89375.0,9.17,2025-08-15,13,1900,5639.0,99.49,"4x 1BR, 1x 2BR"
Lowell,1852,600000.0,2.0,300000.0,2456,244.3,,,,,2025-08-15,19,1910,6016.0,101.87,"1x 2BR, 1x 3BR"
Watertown,2472,1505000.0,2.0,752500.0,3264,461.09,,,,,2025-08-15,61,1930,12305.0,97.1,2x 3BR
Winthrop,2152,1060000.0,2.0,530000.0,2692,393.76,27600.0,38.41,,,2025-08-15,54,1900,8048.0,96.45,"1x 2BR, 1x 4BR"
New Bedford,2746,442000.0,3.0,147333.33,2100,210.48,33600.0,13.15,33600.0,7.6,2025-08-15,22,1892,4176.0,96.09,"1x 2BR, 1x 3BR"
Millbury,1527,410000.0,3.0,136666.67,2852,143.76,,,,,2025-08-15,89,1900,6155.0,95.57,"1x 1BR, 2x 2BR"
Worcester,1605,780000.0,3.0,260000.0,3459,225.5,24000.0,32.5,24000.0,3.08,2025-08-15,19,1900,6153.0,104.0,"1x 2BR, 1x 3BR, 1x 4BR"
Lynn,1905,1125000.0,3.0,375000.0,3897,288.68,108000.0,10.42,108000.0,9.6,2025-08-15,26,1910,8952.0,102.37,3x 4BR
Worcester,1604,850000.0,3.0,283333.33,4203,202.24,86700.0,9.8,57840.0,6.8,2025-08-15,8,1900,7257.0,101.19,3x 3BR
Leominster,1453,660000.0,2.0,330000.0,2334,282.78,10800.0,61.11,10800.0,1.64,2025-08-15,32,1910,5582.0,105.6,"1x 2BR, 1x 3BR"
Templeton,1436,395000.0,2.0,197500.0,1369,288.53,,,,,2025-08-15,18,1887,3076.0,110.03,2x 2BR
Medford,2155,1250000.0,2.0,625000.0,3330,375.38,12000.0,104.17,12000.0,0.96,2025-08-15,6,1910,9968.0,104.17,"1x 1BR, 1x 4BR"
Brookline,2445,1690000.0,2.0,845000.0,2310,731.6,39600.0,42.68,39600.0,2.34,2025-08-15,27,1935,16846.0,93.89,"1x 2BR, 1x 3BR"
Carver,2330,640000.0,2.0,320000.0,2128,300.75,57600.0,11.11,57600.0,9.0,2025-08-15,95,1976,6780.0,100.16,"1x 2BR, 1x 3BR"
Boston,2124,1200000.0,3.0,400000.0,4568,262.7,55800.0,21.51,55800.0,4.65,2025-08-15,37,1905,11989.0,96.0,3x 3BR
Medford,2155,1069000.0,2.0,534500.0,2735,390.86,34800.0,30.72,34800.0,3.26,2025-08-15,6,1932,6018.0,108.11,"1x 3BR, 1x 4BR"
New Bedford,2745,530000.0,2.0,265000.0,2536,208.99,19200.0,27.6,19200.0,3.62,2025-08-15,45,1957,5151.0,97.25,2x 1BR
Haverhill,1832,835000.0,3.0,278333.33,3381,246.97,45552.0,18.33,45552.0,5.46,2025-08-15,18,1900,6945.0,104.39,3x 3BR
North Adams,1247,145000.0,2.0,72500.0,2050,70.73,,,,,2025-08-15,81,1880,2445.0,97.32,2x 3BR
Wakefield,1880,1025000.0,2.0,512500.0,3435,298.4,,,,,2025-08-15,13,1964,8840.0,107.89,"1x 2BR, 1x 4BR"
Springfield,1105,399900.0,4.0,99975.0,5000,79.98,63600.0,6.29,63600.0,15.9,2025-08-15,35,1900,5777.0,100.0,"1x 1BR, 3x 2BR"
Boston,2128,1160000.0,3.0,386666.67,3988,290.87,24000.0,48.33,24000.0,2.07,2025-08-15,42,1900,11822.0,100.87,"1x 2BR, 2x 3BR"
Westport,2790,807000.0,4.0,201750.0,3072,262.7,,,,,2025-08-15,62,1971,4372.0,94.95,4x 2BR
Winthrop,2152,1120000.0,3.0,373333.33,2308,485.27,17700.0,63.28,17700.0,1.58,2025-08-15,1,1920,8210.0,101.82,3x 2BR
Winthrop,2152,1325000.0,3.0,441666.67,4671,283.67,106356.0,12.46,106356.0,8.03,2025-08-15,35,1900,8476.0,94.64,"1x 2BR, 1x 3BR, 1x 5BR"
Randolph,2368,965000.0,2.0,482500.0,3104,310.89,88800.0,10.87,88800.0,9.2,2025-08-15,14,1962,9980.0,101.58,"1x 3BR, 1x 4BR"
Swansea,2777,485000.0,2.0,242500.0,1861,260.61,35400.0,13.7,35400.0,7.3,2025-08-15,31,1930,4530.0,95.1,2x 1BR
Springfield,1108,450000.0,2.0,225000.0,2550,176.47,10200.0,44.12,10200.0,2.27,2025-08-15,20,1900,3873.0,100.11,2x 3BR
Springfield,1107,470000.0,3.0,156666.67,2304,203.99,52200.0,9.0,52200.0,11.11,2025-08-15,10,1989,5091.0,104.44,3x 2BR
Webster,1570,300000.0,2.0,150000.0,2717,110.42,,,,,2025-08-15,28,1920,3514.0,90.94,"1x 2BR, 2x 3BR"
Revere,2151,1205000.0,3.0,401666.67,4119,292.55,,,,,2025-08-15,7,1900,7057.0,100.42,"1x 1BR, 1x 2BR, 1x 4BR"
Fitchburg,1420,440000.0,5.0,88000.0,3393,129.68,56400.0,7.8,52400.0,11.91,2025-08-15,9,1900,7656.77,81.48,"1x 1BR, 2x 2BR, 2x 3BR"
Northampton,1060,685000.0,2.0,342500.0,3688,185.74,70800.0,9.68,49342.0,7.2,2025-08-15,71,1880,8778.0,97.87,"1x 4BR, 1x 5BR"
Watertown,2472,1000000.0,2.0,500000.0,2208,452.9,,,,,2025-08-15,10,1910,10640.48,102.56,2x 2BR
Peabody,1960,645000.0,2.0,322500.0,2862,225.37,92400.0,6.98,92400.0,14.33,2025-08-15,20,1900,4842.0,129.26,"1x 3BR, 1x 4BR"
Dudley,1571,522500.0,2.0,261250.0,2670,195.69,,,,,2025-08-15,20,1946,3523.0,107.73,"1x 2BR, 1x 4BR"
Medford,2155,707000.0,2.0,353500.0,1752,403.54,,,,,2025-08-15,134,1910,6119.0,96.98,2x 1BR
Leominster,1453,640000.0,3.0,213333.33,4326,147.94,62220.0,10.29,14400.0,2.25,2025-08-15,8,1900,7921.0,97.12,"1x 2BR, 2x 3BR"
Worcester,1603,635000.0,2.0,317500.0,1927,329.53,,,,,2025-08-18,18,1921,5917.0,109.5,2x 2BR
Somerville,2143,1200000.0,2.0,600000.0,2256,531.91,,,,,2025-08-18,9,1920,10479.0,110.5,"1x 1BR, 1x 3BR"
Palmer,1080,270000.0,2.0,135000.0,2433,110.97,10800.0,25.0,10800.0,4.0,2025-08-18,8,1930,4160.0,90.3,2x 2BR
Worcester,1610,675000.0,3.0,225000.0,3674,183.72,64800.0,10.42,64800.0,9.6,2025-08-18,19,1923,7920.0,107.16,3x 3BR
Malden,2148,980000.0,2.0,490000.0,2424,404.29,,,,,2025-08-18,7,1975,9601.62,108.9,"1x 1BR, 1x 3BR"
Newton,2464,1407000.0,2.0,703500.0,4174,337.09,,,,,2025-08-18,46,1910,10776.0,100.86,"1x 1BR, 1x 4BR"
East Bridgewater,2333,1200000.0,5.0,240000.0,5326,225.31,147600.0,8.13,125520.0,10.46,2025-08-18,107,1880,10475.0,100.0,"1x 1BR, 1x 2BR, 3x 3BR"
North Attleboro,2760,1050000.0,4.0,262500.0,3306,317.6,75600.0,13.89,75600.0,7.2,2025-08-18,13,1965,8000.0,106.07,4x 2BR
Cambridge,2139,1630000.0,2.0,815000.0,2497,652.78,28800.0,56.6,28800.0,1.77,2025-08-18,27,1902,8068.0,101.88,2x 2BR
Boston,2136,705000.0,2.0,352500.0,2684,262.67,24000.0,29.38,24000.0,3.4,2025-08-18,20,1910,8385.0,103.83,"1x 2BR, 1x 3BR"
Cambridge,2140,1850000.0,2.0,925000.0,2382,776.66,,,,,2025-08-18,14,1904,7409.0,119.35,"1x 1BR, 1x 5BR"
Medford,2155,1065000.0,2.0,532500.0,2019,527.49,60000.0,17.75,60000.0,5.63,2025-08-18,34,1910,5646.0,96.91,2x 2BR
Boston,2136,1050000.0,2.0,525000.0,2064,508.72,30000.0,35.0,30000.0,2.86,2025-08-18,22,1930,7528.0,95.89,"1x 2BR, 1x 3BR"
Fall River,2721,980000.0,3.0,326666.67,4346,225.49,91200.0,10.75,91200.0,9.31,2025-08-18,35,1900,1769.0,98.01,3x 3BR
Springfield,1108,475000.0,4.0,118750.0,0,,47160.0,10.07,47160.0,9.93,2025-08-19,38,1922,5168.0,100.0,"2x 1BR, 2x 2BR"
Stoneham,2180,1455000.0,4.0,363750.0,3780,384.92,147000.0,9.9,147000.0,10.1,2025-08-19,24,2025,8551.0,103.94,"1x 1BR, 2x 3BR, 1x 4BR"
Fitchburg,1420,260000.0,2.0,130000.0,1272,204.4,29532.0,8.8,26460.0,10.18,2025-08-19,21,1900,4015.0,100.0,2x 1BR
Fitchburg,1420,565000.0,3.0,188333.33,2400,235.42,52608.0,10.74,52608.0,9.31,2025-08-19,5,1900,5597.0,104.82,3x 2BR
Bedford,1730,770000.0,2.0,385000.0,1210,636.36,40800.0,18.87,40800.0,5.3,2025-08-19,48,1956,7042.0,102.68,"1x 1BR, 1x 2BR"
Chicopee,1020,318500.0,2.0,159250.0,2040,156.13,,,,,2025-08-19,49,1940,3896.0,98.0,2x 2BR
Fitchburg,1420,472000.0,3.0,157333.33,3586,131.62,52800.0,8.94,52800.0,11.19,2025-08-19,8,1912,5784.0,105.12,"1x 2BR, 2x 3BR"
Ayer,1432,536000.0,2.0,268000.0,2312,231.83,8040.0,66.67,8040.0,1.5,2025-08-19,27,1890,5284.0,102.1,"1x 1BR, 1x 3BR"
Revere,2151,985000.0,2.0,492500.0,2690,366.17,28800.0,34.2,28800.0,2.92,2025-08-19,14,1920,7371.0,106.03,"1x 2BR, 1x 4BR"
Gardner,1440,430000.0,2.0,215000.0,1980,217.17,,,,,2025-08-19,12,1900,3645.0,101.18,2x 2BR
Haverhill,1830,712500.0,2.0,356250.0,3107,229.32,,,,,2025-08-19,20,1912,6622.0,102.52,"1x 3BR, 1x 4BR"
Springfield,1104,335000.0,2.0,167500.0,1728,193.87,31800.0,10.53,31800.0,9.49,2025-08-19,46,1970,4332.0,95.74,2x 2BR
Amesbury,1913,600000.0,2.0,300000.0,2511,238.95,,,,,2025-08-19,11,1880,9333.0,104.36,"1x 2BR, 1x 3BR"
Fall River,2721,549900.0,3.0,183300.0,3265,168.42,24000.0,22.91,21385.0,3.89,2025-08-19,23,1885,5503.0,103.77,3x 3BR
Northampton,1060,1076200.0,2.0,538100.0,3814,282.17,26400.0,40.77,26400.0,2.45,2025-08-19,27,1900,11660.8,86.1,2x 2BR
Lunenburg,1462,638000.0,2.0,319000.0,2080,306.73,25800.0,24.73,25800.0,4.04,2025-08-19,5,1984,6932.0,101.29,2x 2BR
Holyoke,1040,370000.0,3.0,123333.33,2658,139.2,47520.0,7.79,47520.0,12.84,2025-08-19,17,1900,5554.0,104.23,"1x 1BR, 2x 2BR"
Chicopee,1013,180000.0,2.0,90000.0,1892,95.14,,,,,2025-08-19,61,1910,2997.0,66.91,2x 2BR
Boston,2113,3950000.0,4.0,987500.0,3920,1007.65,288000.0,13.72,252260.0,6.39,2025-08-20,111,1910,21839.6,96.34,4x 4BR
Orange,1364,360000.0,2.0,180000.0,2674,134.63,,,,,2025-08-20,18,1926,6072.0,109.42,2x 2BR
Beverly,1915,750000.0,3.0,250000.0,2165,346.42,32700.0,22.94,32700.0,4.36,2025-08-20,43,1915,7555.0,93.75,3x 1BR
Chicopee,1013,229500.0,2.0,114750.0,3526,65.09,,,,,2025-08-20,92,1920,39998.0,95.63,2x 2BR
Northampton,1060,600000.0,2.0,300000.0,2506,239.43,16200.0,37.04,16200.0,2.7,2025-08-20,35,1900,5415.0,96.0,"1x 2BR, 1x 3BR"
Boston,2130,1465000.0,3.0,488333.33,5500,266.36,117600.0,12.46,86600.0,5.91,2025-08-20,49,1900,20766.0,81.62,"1x 1BR, 1x 3BR, 1x 4BR"
Everett,2149,1150000.0,3.0,383333.33,3066,375.08,,,,,2025-08-20,42,1900,9668.0,95.83,3x 2BR
Fitchburg,1420,740000.0,4.0,185000.0,3267,226.51,70800.0,10.45,48900.0,6.61,2025-08-20,23,1900,6563.0,100.14,"2x 1BR, 2x 3BR"
Springfield,1108,279000.0,2.0,139500.0,2698,103.41,34800.0,8.02,34800.0,12.47,2025-08-20,26,1896,4487.0,96.24,"1x 3BR, 1x 5BR"
Fall River,2723,665000.0,3.0,221666.67,2421,274.68,,,,,2025-08-21,21,1900,4716.0,110.85,"1x 2BR, 2x 3BR"
Longmeadow,1106,375000.0,2.0,187500.0,2608,143.79,13800.0,27.17,13800.0,3.68,2025-08-21,140,1740,5770.0,93.75,2x 2BR
Springfield,1108,470000.0,2.0,235000.0,3291,142.81,19800.0,23.74,19800.0,4.21,2025-08-21,44,1908,5102.0,98.33,"1x 2BR, 1x 4BR"
Somerville,2144,1650000.0,2.0,825000.0,3110,530.55,90300.0,18.27,90300.0,5.47,2025-08-21,89,1920,15475.0,94.34,"1x 2BR, 1x 5BR"
Newton,2460,1050000.0,2.0,525000.0,2600,403.85,67200.0,15.62,67200.0,6.4,2025-08-21,38,1920,10508.0,89.36,"1x 2BR, 1x 3BR"
Webster,1570,636000.0,4.0,159000.0,4198,151.5,72600.0,8.76,72600.0,11.42,2025-08-21,5,1900,6824.0,107.81,"1x 1BR, 2x 2BR, 1x 4BR"
Quincy,2169,800000.0,2.0,400000.0,1904,420.17,,,,,2025-08-21,28,1900,7597.0,100.13,2x 3BR
Plymouth,2360,720000.0,2.0,360000.0,1710,421.05,60600.0,11.88,60600.0,8.42,2025-08-21,72,1900,5793.0,98.63,2x 2BR
Beverly,1915,860000.0,2.0,430000.0,2739,313.98,25200.0,34.13,25200.0,2.93,2025-08-21,22,1929,7927.0,104.26,2x 2BR
Somerville,2143,1050000.0,2.0,525000.0,2279,460.73,65040.0,16.14,65040.0,6.19,2025-08-22,8,1900,11716.0,105.0,"1x 1BR, 1x 3BR"
Boston,2130,1210000.0,2.0,605000.0,2319,521.78,40800.0,29.66,40800.0,3.37,2025-08-22,19,1900,13246.0,100.83,2x 2BR
Holland,1521,479000.0,3.0,159666.67,3024,158.4,46200.0,10.37,46200.0,9.65,2025-08-22,78,1976,4163.0,99.81,3x 2BR
New Bedford,2744,630000.0,2.0,315000.0,2660,236.84,,,,,2025-08-22,21,1922,5969.0,100.8,2x 3BR
Swampscott,1907,940000.0,3.0,313333.33,3425,274.45,62450.0,15.05,33521.0,3.57,2025-08-22,18,1875,7514.0,105.03,"1x 1BR, 2x 2BR"
Worcester,1610,575000.0,3.0,191666.67,3231,177.96,54000.0,10.65,42065.0,7.32,2025-08-22,68,1913,6511.0,97.46,3x 2BR
Quincy,2169,720000.0,2.0,360000.0,2037,353.46,20400.0,35.29,20400.0,2.83,2025-08-22,87,1950,9300.0,94.75,"1x 1BR, 1x 4BR"
Fall River,2721,670000.0,3.0,223333.33,3600,186.11,,,,,2025-08-22,81,1920,5965.0,103.08,3x 3BR
Framingham,1702,800000.0,2.0,400000.0,2760,289.86,,,,,2025-08-22,3,1842,8534.0,103.23,2x 2BR
Fall River,2724,752500.0,4.0,188125.0,3510,214.39,48600.0,15.48,48600.0,6.46,2025-08-22,126,1900,3881.0,99.03,"2x 1BR, 2x 3BR"
New Bedford,2740,550000.0,2.0,275000.0,2848,193.12,14400.0,38.19,14400.0,2.62,2025-08-22,5,1893,4669.0,100.0,"1x 2BR, 1x 4BR"
Boston,2135,1675000.0,2.0,837500.0,3184,526.07,,,,,2025-08-22,1,1915,11347.0,106.36,"1x 2BR, 1x 3BR"
Winthrop,2152,930000.0,2.0,465000.0,3432,270.98,,,,,2025-08-22,71,1958,9422.0,93.01,"1x 1BR, 1x 3BR"
Melrose,2176,1025000.0,2.0,512500.0,3100,330.65,15600.0,65.71,15600.0,1.52,2025-08-22,29,1920,8153.0,93.27,"1x 2BR, 1x 3BR"
Cambridge,2141,1210000.0,2.0,605000.0,2094,577.84,69600.0,17.39,69600.0,5.75,2025-08-22,14,1903,5630.0,93.08,2x 2BR
Fitchburg,1420,520000.0,2.0,260000.0,2960,175.68,10800.0,48.15,10800.0,2.08,2025-08-22,3,1926,5430.0,104.0,2x 2BR
Quincy,2169,1175000.0,3.0,391666.67,3168,370.9,6800.0,172.79,54911.0,4.67,2025-08-22,24,1890,10387.0,100.0,"1x 1BR, 2x 2BR"
New Bedford,2746,540000.0,2.0,270000.0,2080,259.62,,,,,2025-08-22,11,1961,4975.0,108.02,2x 1BR
Boston,2124,1300000.0,3.0,433333.33,3561,365.07,,,,,2025-08-22,20,1905,12070.0,104.0,3x 3BR
Lynn,1902,585000.0,2.0,292500.0,2487,235.22,,,,,2025-08-22,14,1900,6480.0,98.34,"1x 3BR, 1x 4BR"
Sturbridge,1518,630000.0,3.0,210000.0,3669,171.71,36600.0,17.21,36600.0,5.81,2025-08-22,42,1875,7689.0,98.59,"1x 1BR, 1x 2BR, 1x 3BR"
Boston,2127,1950000.0,4.0,487500.0,3134,622.21,91200.0,21.38,91200.0,4.68,2025-08-22,24,1920,14407.0,100.0,4x 2BR
Easthampton,1027,550000.0,2.0,275000.0,3876,141.9,28800.0,19.1,28800.0,5.24,2025-08-22,7,1890,5014.0,110.02,2x 2BR
Waltham,2453,1410000.0,4.0,352500.0,3833,367.86,19800.0,71.21,19800.0,1.4,2025-08-22,13,1900,13713.0,101.08,"2x 1BR, 2x 3BR"
Southbridge,1550,570000.0,4.0,142500.0,3712,153.56,68760.0,8.29,68760.0,12.06,2025-08-22,0,1900,6409.0,105.56,4x 2BR
Northbridge,1588,644000.0,4.0,161000.0,2985,215.75,67800.0,9.5,67800.0,10.53,2025-08-22,56,1880,7304.0,100.0,"2x 1BR, 2x 2BR"
Waltham,2453,1050000.0,2.0,525000.0,2812,373.4,,,,,2025-08-22,23,1910,5335.0,110.54,2x 2BR
Malden,2148,850000.0,2.0,425000.0,2889,294.22,,,,,2025-08-22,77,1900,8557.0,100.0,"1x 4BR, 1x 5BR"
Boston,2135,1023500.0,2.0,511750.0,2300,445.0,,,,,2025-08-22,27,1925,11492.0,89.0,2x 2BR
Fall River,2721,735000.0,4.0,183750.0,3984,184.49,37800.0,19.44,37800.0,5.14,2025-08-22,26,1900,5556.0,98.0,"1x 1BR, 1x 2BR, 2x 3BR"
Worcester,1606,660000.0,3.0,220000.0,4146,159.19,32400.0,20.37,32400.0,4.91,2025-08-25,28,1900,7839.0,97.07,"2x 2BR, 1x 3BR"
Boston,2121,570000.0,2.0,285000.0,2422,235.34,,,,,2025-08-25,148,1880,5980.0,77.66,"1x 2BR, 1x 3BR"
Newton,2460,1550000.0,2.0,775000.0,6232,248.72,24000.0,64.58,24000.0,1.55,2025-08-25,23,1911,13298.0,95.38,"1x 1BR, 1x 4BR"
Somerville,2145,1180000.0,2.0,590000.0,2602,453.5,80400.0,14.68,80400.0,6.81,2025-08-25,22,1900,10108.0,100.0,"1x 2BR, 1x 5BR"
Haverhill,1835,805000.0,2.0,402500.0,2604,309.14,,,,,2025-08-25,8,1910,6060.0,111.96,2x 3BR
New Bedford,2746,575000.0,3.0,191666.67,3291,174.72,,,,,2025-08-25,102,1910,4544.4,113.86,"1x 0BR, 2x 2BR"
Fairhaven,2719,1000000.0,2.0,500000.0,2009,497.76,,,,,2025-08-25,10,1875,6462.0,76.92,2x 2BR
Lawrence,1843,800000.0,2.0,400000.0,2660,300.75,,,,,2025-08-25,6,1910,5437.0,103.91,"1x 3BR, 1x 5BR"
Worcester,1604,560000.0,2.0,280000.0,1700,329.41,44400.0,12.61,44400.0,7.93,2025-08-25,19,1924,4963.0,112.22,2x 2BR
Gardner,1440,621000.0,2.0,310500.0,2886,215.18,,,,,2025-08-25,37,1922,5017.0,108.97,"1x 2BR, 1x 5BR"
Methuen,1844,989900.0,4.0,247475.0,3508,282.18,,,,,2025-08-25,78,1900,8844.0,100.0,4x 2BR
Springfield,1104,350000.0,2.0,175000.0,2744,127.55,15912.0,22.0,15912.0,4.55,2025-08-25,32,1923,3715.0,100.0,2x 3BR
Cambridge,2141,3425000.0,4.0,856250.0,5064,676.34,238200.0,14.38,199776.0,5.83,2025-08-25,25,1902,20325.0,97.86,"2x 3BR, 2x 4BR"
Boston,2127,3250000.0,2.0,1625000.0,4285,758.46,,,,,2025-08-25,14,2019,34601.0,98.48,2x 3BR
Somerville,2143,1575000.0,2.0,787500.0,2622,600.69,,,,,2025-08-25,8,1920,11802.0,103.08,"1x 3BR, 1x 4BR"
Worcester,1606,573000.0,2.0,286500.0,1584,361.74,23400.0,24.49,23400.0,4.08,2025-08-25,9,1981,5541.12,95.5,2x 2BR
Cambridge,2140,1250000.0,2.0,625000.0,2289,546.09,,,,,2025-08-26,68,1903,6716.0,96.15,"1x 1BR, 1x 4BR"
Webster,1570,649900.0,5.0,129980.0,3342,194.46,68400.0,9.5,68400.0,10.52,2025-08-26,14,1940,4314.0,100.0,"2x 1BR, 3x 2BR"
Worcester,1603,815000.0,3.0,271666.67,3435,237.26,86400.0,9.43,86400.0,10.6,2025-08-26,39,1925,6828.0,100.74,"2x 2BR, 1x 3BR"
Boston,2128,770000.0,2.0,385000.0,2208,348.73,,,,,2025-08-26,84,1910,6590.0,97.48,"1x 2BR, 1x 3BR"
Revere,2151,979000.0,2.0,489500.0,2980,328.52,23976.0,40.83,23976.0,2.45,2025-08-26,13,1920,7516.0,101.03,"1x 3BR, 1x 4BR"
Wrentham,2093,669900.0,3.0,223300.0,3342,200.45,,,,,2025-08-26,44,1890,6938.0,95.71,3x 2BR
Cambridge,2140,1850000.0,2.0,925000.0,2895,639.03,60000.0,30.83,60000.0,3.24,2025-08-26,17,1928,9216.0,121.31,2x 2BR
Taunton,2780,675000.0,3.0,225000.0,2829,238.6,,,,,2025-08-26,101,1900,5117.72,96.7,"1x 1BR, 1x 3BR, 1x 4BR"
Cambridge,2139,1300000.0,2.0,650000.0,1650,787.88,,,,,2025-08-26,20,1873,6399.53,86.67,"1x 2BR, 1x 3BR"
Revere,2151,820000.0,2.0,410000.0,2320,353.45,27000.0,30.37,27000.0,3.29,2025-08-26,7,1985,6939.0,97.74,"1x 2BR, 1x 3BR"
Lowell,1850,1125000.0,4.0,281250.0,4320,260.42,73000.0,15.41,64863.0,5.77,2025-08-26,28,1983,10404.0,102.27,4x 2BR
Brockton,2301,750000.0,2.0,375000.0,2841,263.99,,,,,2025-08-26,25,1925,7301.0,110.31,"1x 2BR, 1x 4BR"
Fall River,2720,650000.0,2.0,325000.0,2281,284.96,19200.0,33.85,19200.0,2.95,2025-08-26,15,1930,4340.0,114.06,2x 3BR
Worcester,1610,635000.0,3.0,211666.67,4359,145.68,31200.0,20.35,31200.0,4.91,2025-08-26,5,1890,8789.0,100.95,3x 3BR
Lynn,1904,758200.0,2.0,379100.0,2496,303.77,57600.0,13.16,52780.0,6.96,2025-08-27,64,1900,6990.0,95.99,"1x 2BR, 1x 3BR"
Everett,2149,720000.0,3.0,240000.0,2564,280.81,,,,,2025-08-27,21,1910,9027.0,90.11,3x 2BR
Boston,2127,2325000.0,6.0,387500.0,6375,364.71,198984.0,11.68,198984.0,8.56,2025-08-27,46,1910,26053.14,84.55,"1x 0BR, 2x 2BR, 2x 3BR"
Plymouth,2360,1900000.0,7.0,271428.57,4918,386.34,165600.0,11.47,41400.0,2.18,2025-08-27,312,1900,11591.0,102.7,"1x 1BR, 1x 2BR"
Plainville,2762,728000.0,2.0,364000.0,2532,287.52,55200.0,13.19,52752.0,7.25,2025-08-27,51,1875,6395.0,97.2,"1x 1BR, 1x 4BR"
Salem,1970,810000.0,2.0,405000.0,1652,490.31,60000.0,13.5,60000.0,7.41,2025-08-27,16,1870,6966.0,101.89,"1x 1BR, 1x 4BR"
Lawrence,1843,1050000.0,3.0,350000.0,3396,309.19,,,,,2025-08-27,10,1900,6538.0,106.49,"1x 2BR, 2x 3BR"
Braintree,2184,800000.0,2.0,400000.0,2299,347.98,,,,,2025-08-27,38,1900,7148.0,100.01,"1x 1BR, 1x 2BR"
Marlborough,1752,760000.0,2.0,380000.0,2151,353.32,,,,,2025-08-27,14,1900,6010.0,104.12,"1x 2BR, 1x 3BR"
Marlborough,1752,1905000.0,14.0,136071.43,4359,437.03,211994.0,8.99,,,2025-08-27,71,1900,9578.74,92.93,2x 0BR
Leominster,1453,1100000.0,6.0,183333.33,5682,193.59,94800.0,11.6,72616.0,6.6,2025-08-27,2,1970,10328.0,104.76,5x 2BR
Brockton,2301,950000.0,3.0,316666.67,4734,200.68,,,,,2025-08-27,17,1904,10254.0,105.67,3x 3BR
Dedham,2026,1285000.0,2.0,642500.0,3277,392.13,80400.0,15.98,80400.0,6.26,2025-08-27,20,1700,13617.0,91.79,2x 2BR
Boston,2135,1200000.0,2.0,600000.0,2808,427.35,66000.0,18.18,66000.0,5.5,2025-08-27,26,1920,11900.0,96.0,"1x 2BR, 1x 3BR"
Fall River,2721,583000.0,2.0,291500.0,1830,318.58,,,,,2025-08-27,14,1925,4180.0,100.69,"1x 2BR, 1x 3BR"
Lowell,1852,580000.0,2.0,290000.0,2154,269.27,48000.0,12.08,48000.0,8.28,2025-08-27,49,1920,6517.0,96.68,"1x 3BR, 1x 4BR"
Boston,2124,1200000.0,3.0,400000.0,3962,302.88,119208.0,10.07,119208.0,9.93,2025-08-27,33,1880,10446.8,100.08,"1x 1BR, 1x 4BR, 1x 5BR"
Quincy,2169,895000.0,2.0,447500.0,2500,358.0,,,,,2025-08-27,9,1959,8772.0,99.46,"1x 2BR, 1x 3BR"
Haverhill,1830,850000.0,2.0,425000.0,2504,339.46,,,,,2025-08-28,21,1900,6259.0,121.6,"1x 2BR, 1x 5BR"
North Brookfield,1535,230000.0,2.0,115000.0,2558,89.91,12000.0,19.17,12000.0,5.22,2025-08-28,26,1900,3644.0,90.2,2x 2BR
Hull,2045,635000.0,4.0,158750.0,3343,189.95,,,,,2025-08-28,38,1910,9243.0,84.78,"2x 1BR, 1x 2BR"
Chelsea,2150,950000.0,2.0,475000.0,2921,325.23,,,,,2025-08-28,22,1920,7910.0,107.97,"1x 2BR, 1x 4BR"
Braintree,2184,1350000.0,2.0,675000.0,4472,301.88,,,,,2025-08-28,20,2010,13532.0,96.44,"1x 1BR, 1x 4BR"
Springfield,1104,390000.0,2.0,195000.0,2480,157.26,18600.0,20.97,18600.0,4.77,2025-08-28,28,1905,3944.0,101.3,"1x 3BR, 1x 5BR"
Waltham,2452,1145000.0,2.0,572500.0,3375,339.26,,,,,2025-08-28,52,1920,10750.0,99.65,"1x 2BR, 1x 4BR"
Haverhill,1830,1500000.0,13.0,115384.62,9362,160.22,94200.0,15.92,42415.0,2.83,2025-08-28,113,1900,18167.47,93.75,5x 1BR
Middleboro,2346,730000.0,2.0,365000.0,2196,332.42,,,,,2025-08-28,9,1850,5277.0,112.32,2x 3BR
New Bedford,2744,460000.0,2.0,230000.0,1569,293.18,,,,,2025-08-28,75,1892,3755.0,98.08,2x 2BR
West Springfield,1089,500000.0,4.0,125000.0,3888,128.6,34440.0,14.52,34440.0,6.89,2025-08-28,46,1905,4397.0,100.2,4x 2BR
Lowell,1854,675000.0,3.0,225000.0,3017,223.73,19200.0,35.16,,,2025-08-28,15,1910,6452.0,100.0,"2x 1BR, 1x 3BR"
Medford,2155,1130000.0,2.0,565000.0,2268,498.24,26400.0,42.8,26400.0,2.34,2025-08-28,34,1928,7734.0,94.17,2x 2BR
Everett,2149,830000.0,2.0,415000.0,2363,351.25,,,,,2025-08-28,58,1900,8393.0,97.76,"1x 1BR, 1x 2BR"
Fitchburg,1420,445000.0,2.0,222500.0,1788,248.88,,,,,2025-08-28,33,1900,4412.0,98.89,2x 2BR
Fairhaven,2719,650000.0,3.0,216666.67,2807,231.56,30600.0,21.24,26439.0,4.07,2025-08-28,19,1900,4667.0,101.58,"1x 2BR, 2x 3BR"
Haverhill,1830,515000.0,2.0,257500.0,2291,224.79,,,,,2025-08-28,5,1850,4587.0,103.21,"1x 1BR, 1x 2BR"
Salisbury,1952,580000.0,2.0,290000.0,1796,322.94,,,,,2025-08-28,76,1940,7029.0,92.06,2x 2BR
New Bedford,2740,570000.0,3.0,190000.0,2750,207.27,,,,,2025-08-28,136,1892,5022.0,101.8,3x 2BR
Lynn,1905,970000.0,3.0,323333.33,2795,347.05,,,,,2025-08-28,25,1900,8042.0,100.1,3x 2BR
Springfield,1109,250000.0,2.0,125000.0,2346,106.56,19200.0,13.02,19200.0,7.68,2025-08-28,146,1901,3912.0,74.63,2x 2BR
Norwood,2062,810000.0,2.0,405000.0,1862,435.02,,,,,2025-08-28,35,1890,7431.0,101.26,"1x 1BR, 1x 3BR"
Haverhill,1830,775000.0,2.0,387500.0,2418,320.51,,,,,2025-08-28,12,1900,6066.0,108.26,2x 4BR
Salem,1970,910000.0,2.0,455000.0,2943,309.21,68700.0,13.25,68700.0,7.55,2025-08-28,6,1917,8283.0,108.35,2x 3BR
Lowell,1850,616480.0,2.0,308240.0,1750,352.27,57600.0,10.7,57600.0,9.34,2025-08-28,24,1900,4852.54,102.92,"1x 3BR, 1x 4BR"
Worcester,1603,750000.0,3.0,250000.0,3705,202.43,48600.0,15.43,48600.0,6.48,2025-08-28,70,1920,4248.0,100.01,3x 2BR
Medford,2155,1150000.0,2.0,575000.0,2865,401.4,,,,,2025-08-28,79,1890,9567.0,95.83,"1x 2BR, 1x 3BR"
Taunton,2780,680000.0,3.0,226666.67,2534,268.35,61200.0,11.11,61200.0,9.0,2025-08-28,12,1920,6316.0,97.14,"1x 1BR, 2x 3BR"
New Bedford,2745,611000.0,2.0,305500.0,2354,259.56,,,,,2025-08-28,69,1920,4798.0,101.85,2x 3BR
Taunton,2780,800000.0,4.0,200000.0,2400,333.33,76800.0,10.42,43700.0,5.46,2025-08-28,23,1900,5996.0,94.12,4x 2BR
Lynn,1904,800000.0,2.0,400000.0,2401,333.19,77172.0,10.37,77172.0,9.65,2025-08-28,47,1900,7231.0,100.01,"1x 2BR, 1x 4BR"
West Springfield,1089,525000.0,4.0,131250.0,3480,150.86,28800.0,18.23,28800.0,5.49,2025-08-29,41,1910,4155.0,100.0,"2x 2BR, 1x 4BR"
Fitchburg,1420,510000.0,2.0,255000.0,1820,280.22,22800.0,22.37,22800.0,4.47,2025-08-29,70,1900,6013.0,97.14,"1x 2BR, 1x 3BR"
Boston,2131,725000.0,2.0,362500.0,2230,325.11,26400.0,27.46,26400.0,3.64,2025-08-29,22,1930,8947.0,104.32,2x 2BR
Holyoke,1040,235000.0,2.0,117500.0,2576,91.23,,,,,2025-08-29,13,1900,4506.0,88.68,"1x 2BR, 1x 4BR"
Boston,2126,800000.0,2.0,400000.0,2976,268.82,24000.0,33.33,24000.0,3.0,2025-08-29,27,1950,7088.0,100.01,2x 2BR
New Bedford,2740,402000.0,3.0,134000.0,1982,202.83,,,,,2025-08-29,6,1891,4635.0,100.53,2x 2BR
Dighton,2715,984900.0,2.0,492450.0,4518,217.99,84000.0,11.72,84000.0,8.53,2025-08-29,13,1985,10861.0,100.0,"1x 2BR, 1x 3BR"
Boston,2127,1340000.0,2.0,670000.0,1956,685.07,106200.0,12.62,106200.0,7.93,2025-08-29,38,1890,13344.0,95.71,"1x 1BR, 1x 4BR"
Ware,1082,350000.0,2.0,175000.0,2425,144.33,,,,,2025-08-29,7,1910,2973.0,101.45,2x 2BR
New Bedford,2744,585000.0,2.0,292500.0,2328,251.29,,,,,2025-08-29,54,1919,5227.0,99.17,2x 3BR
New Bedford,2745,515000.0,2.0,257500.0,2039,252.57,,,,,2025-08-29,16,1910,4198.0,103.02,2x 2BR
Haverhill,1832,810000.0,2.0,405000.0,3363,240.86,62400.0,12.98,62400.0,7.7,2025-08-29,21,1900,6492.0,101.26,"1x 3BR, 1x 5BR"
Lowell,1852,537500.0,2.0,268750.0,2746,195.74,18000.0,29.86,18000.0,3.35,2025-08-29,49,1910,6199.0,97.75,2x 3BR
Buckland,1370,300000.0,2.0,150000.0,2458,122.05,9600.0,31.25,9600.0,3.2,2025-08-29,38,1875,4098.0,93.75,2x 1BR
Fall River,2720,880000.0,3.0,293333.33,3600,244.44,88800.0,9.91,88800.0,10.09,2025-08-29,29,1900,2259.0,101.27,3x 3BR
Fall River,2721,390000.0,2.0,195000.0,1408,276.99,,,,,2025-08-29,37,1930,3590.0,104.28,"1x 1BR, 1x 2BR"
Danvers,1923,900000.0,3.0,300000.0,3522,255.54,,,,,2025-08-29,13,1850,7503.0,100.11,3x 2BR
Worcester,1610,650000.0,3.0,216666.67,3387,191.91,31200.0,20.83,31200.0,4.8,2025-08-29,71,1915,7950.0,100.15,3x 2BR
New Bedford,2740,595000.0,3.0,198333.33,3450,172.46,58800.0,10.12,58800.0,9.88,2025-08-29,15,1914,6223.0,100.86,3x 3BR
Westfield,1085,245000.0,2.0,122500.0,1984,123.49,12000.0,20.42,5634.0,2.3,2025-08-29,170,1900,3698.0,88.48,2x 2BR
Worcester,1609,550000.0,2.0,275000.0,1425,385.96,52800.0,10.42,52800.0,9.6,2025-08-29,20,1929,4721.0,103.97,2x 2BR
Somerville,2143,1650000.0,2.0,825000.0,2744,601.31,22800.0,72.37,22800.0,1.38,2025-08-29,9,1915,13059.0,103.84,"1x 1BR, 1x 4BR"
Marlborough,1752,657500.0,2.0,328750.0,2100,313.1,8400.0,78.27,8400.0,1.28,2025-08-29,29,1850,5301.0,99.62,"1x 2BR, 1x 3BR"
Gardner,1440,375000.0,2.0,187500.0,3156,118.82,43200.0,8.68,43200.0,11.52,2025-08-29,19,1790,5435.0,115.38,"1x 3BR, 1x 5BR"
Gardner,1440,580000.0,4.0,145000.0,3216,180.35,66060.0,8.78,66060.0,11.39,2025-08-29,39,1900,6614.0,93.7,4x 2BR
Somerville,2145,1515000.0,3.0,505000.0,2850,531.58,105000.0,14.43,105000.0,6.93,2025-08-29,8,1920,13120.0,94.75,3x 2BR
Rockport,1966,660000.0,2.0,330000.0,1636,403.42,,,,,2025-08-29,17,1964,4824.0,105.6,"1x 1BR, 1x 2BR"
Boston,2124,1200000.0,3.0,400000.0,3699,324.41,42000.0,28.57,42000.0,3.5,2025-08-29,32,1905,12426.0,100.0,"1x 3BR, 2x 4BR"
Worcester,1604,505000.0,2.0,252500.0,2862,176.45,,,,,2025-08-29,12,1870,6991.0,96.19,"1x 2BR, 1x 3BR"
Boston,2129,1400000.0,2.0,700000.0,2387,586.51,33600.0,41.67,33600.0,2.4,2025-08-29,15,1880,10336.0,100.07,"1x 1BR, 1x 2BR"
Springfield,1104,402000.0,2.0,201000.0,2464,163.15,48000.0,8.38,48000.0,11.94,2025-08-29,9,1922,3964.0,104.42,2x 3BR
Oxford,1540,1085000.0,6.0,180833.33,6286,172.61,112800.0,9.62,80891.0,7.46,2025-08-29,29,1900,6640.0,92.34,5x 2BR
Grafton,1560,682000.0,4.0,170500.0,4224,161.46,47400.0,14.39,38411.0,5.63,2025-08-29,52,1920,9061.0,94.07,"2x 2BR, 2x 3BR"
Newton,2460,1120000.0,2.0,560000.0,2496,448.72,,,,,2025-08-29,8,1931,9887.0,106.67,"1x 2BR, 1x 3BR"
Lawrence,1841,860000.0,3.0,286666.67,3048,282.15,56400.0,15.25,56400.0,6.56,2025-08-29,12,1900,6003.0,101.18,"1x 2BR, 2x 3BR"
Northampton,1060,625000.0,2.0,312500.0,2406,259.77,,,,,2025-08-29,36,1914,3956.0,100.02,2x 2BR
Fairhaven,2719,650000.0,2.0,325000.0,2496,260.42,,,,,2025-08-29,9,1950,4180.0,100.05,"1x 3BR, 1x 4BR"
Worcester,1610,585000.0,3.0,195000.0,3085,189.63,63600.0,9.2,63600.0,10.87,2025-08-29,75,1890,7095.0,90.0,"1x 1BR, 1x 2BR, 1x 3BR"
Sterling,1564,395500.0,2.0,197750.0,2624,150.72,,,,,2025-08-29,83,1900,4422.0,101.44,"1x 2BR, 1x 3BR"
Leominster,1453,580000.0,4.0,145000.0,2550,227.45,57900.0,10.02,,,2025-08-29,82,1920,5828.0,100.87,"3x 1BR, 1x 2BR"
Lowell,1852,1300000.0,5.0,260000.0,7670,169.49,,,,,2025-08-29,100,1900,99.0,92.92,2x 4BR
Fall River,2724,689000.0,3.0,229666.67,3985,172.9,69000.0,9.99,69000.0,10.01,2025-08-29,37,1950,6540.0,98.44,3x 3BR
Boston,2119,1160000.0,2.0,580000.0,2359,491.73,84000.0,13.81,84000.0,7.24,2025-08-29,224,1900,9295.0,89.92,"1x 1BR, 1x 3BR"
Brockton,2301,675000.0,2.0,337500.0,2001,337.33,,,,,2025-08-29,22,1880,7168.0,103.86,"1x 1BR, 1x 3BR"
Arlington,2474,1720000.0,3.0,573333.33,4030,426.8,,,,,2025-08-29,25,1850,19809.0,98.34,"1x 1BR, 2x 2BR"
Springfield,1108,408000.0,2.0,204000.0,2962,137.74,49200.0,8.29,49200.0,12.06,2025-08-29,8,1900,4781.0,102.03,"1x 3BR, 1x 6BR"
Worcester,1604,550000.0,2.0,275000.0,2086,263.66,38400.0,14.32,38400.0,6.98,2025-08-29,14,1920,6003.0,104.78,2x 2BR
Salem,1970,1400000.0,4.0,350000.0,3647,383.88,115500.0,12.12,114444.0,8.17,2025-08-29,6,1900,12615.0,100.0,"3x 1BR, 1x 3BR"
Malden,2148,960000.0,2.0,480000.0,3159,303.89,56400.0,17.02,56400.0,5.88,2025-08-29,23,1900,9195.0,101.05,"1x 3BR, 1x 4BR"
Brookline,2446,2730000.0,2.0,1365000.0,4134,660.38,48000.0,56.88,48000.0,1.76,2025-08-29,21,1925,22601.0,95.79,"1x 3BR, 1x 4BR"
Attleboro,2703,685000.0,3.0,228333.33,1512,453.04,70800.0,9.68,70800.0,10.34,2025-08-29,73,1949,5049.0,98.0,"1x 1BR, 2x 2BR"
Boston,2136,915000.0,2.0,457500.0,3000,305.0,17016.0,53.77,17016.0,1.86,2025-08-29,36,1900,8505.0,101.68,2x 3BR
Watertown,2472,830000.0,2.0,415000.0,1300,638.46,47700.0,17.4,47700.0,5.75,2025-08-29,53,1920,8072.0,97.66,"1x 1BR, 1x 2BR"
Boston,2130,1747500.0,2.0,873750.0,3078,567.74,,,,,2025-08-29,13,1928,15162.0,97.35,2x 2BR
Canton,2021,975000.0,2.0,487500.0,2820,345.74,22800.0,42.76,22800.0,2.34,2025-08-29,21,1920,6664.0,108.35,"1x 2BR, 1x 3BR"
New Bedford,2745,670000.0,3.0,223333.33,3642,183.96,,,,,2025-08-29,11,1910,6025.0,111.69,"1x 2BR, 2x 3BR"
New Bedford,2740,560000.0,2.0,280000.0,2202,254.31,,,,,2025-08-29,29,1923,4745.0,103.72,"1x 2BR, 1x 3BR"
Weymouth,2189,910000.0,2.0,455000.0,2610,348.66,,,,,2025-08-29,25,1823,6937.0,101.22,2x 3BR
Winthrop,2152,830000.0,2.0,415000.0,2958,280.59,14400.0,57.64,14400.0,1.73,2025-08-30,48,1920,7733.0,92.32,"1x 2BR, 1x 4BR"
Boston,2128,830000.0,2.0,415000.0,2208,375.91,70800.0,11.72,70800.0,8.53,2025-08-30,43,1900,8333.0,100.03,"1x 2BR, 1x 3BR"
Amherst,1002,459000.0,2.0,229500.0,1510,303.97,33600.0,13.66,33200.0,7.23,2025-08-30,22,1987,8507.0,100.0,2x 2BR
Shirley,1464,650000.0,2.0,325000.0,2588,251.16,69600.0,9.34,69600.0,10.71,2025-09-01,57,1875,5307.0,103.67,2x 3BR
New Bedford,2744,508000.0,2.0,254000.0,2200,230.91,,,,,2025-09-02,20,1897,3700.0,101.6,"1x 2BR, 1x 4BR"
Boston,2128,1150000.0,2.0,575000.0,2806,409.84,30000.0,38.33,30000.0,2.61,2025-09-02,16,1930,7641.45,104.55,2x 2BR
Stoughton,2072,750000.0,3.0,250000.0,2280,328.95,24000.0,31.25,24000.0,3.2,2025-09-02,42,1930,7236.0,92.04,"2x 1BR, 1x 2BR"
Arlington,2476,1450000.0,2.0,725000.0,3853,376.33,,,,,2025-09-02,29,1965,12278.0,103.65,2x 3BR
Boston,2136,965000.0,3.0,321666.67,2856,337.89,,,,,2025-09-02,7,1925,9576.64,107.22,"1x 0BR, 2x 3BR"
Somerville,2143,2000000.0,5.0,400000.0,4715,424.18,108060.0,18.51,108060.0,5.4,2025-09-02,20,1900,17721.0,105.26,"4x 1BR, 1x 2BR"
Leominster,1453,555000.0,2.0,277500.0,2408,230.48,42000.0,13.21,38400.0,6.92,2025-09-02,21,1910,7227.0,101.83,2x 2BR
Dedham,2026,825000.0,2.0,412500.0,1704,484.15,,,,,2025-09-02,31,1920,8910.0,104.56,2x 2BR
Quincy,2171,1100000.0,3.0,366666.67,3614,304.37,,,,,2025-09-02,51,1900,13942.0,86.27,"1x 2BR, 2x 3BR"
Leominster,1453,520000.0,3.0,173333.33,4214,123.4,,,,,2025-09-02,8,1829,8244.0,104.21,"1x 2BR, 2x 3BR"
Falmouth,2540,1323000.0,7.0,189000.0,4072,324.9,49200.0,26.89,49200.0,3.72,2025-09-02,138,1900,6240.0,83.73,"4x 1BR, 1x 4BR"
Fall River,2720,925000.0,3.0,308333.33,3474,266.26,,,,,2025-09-02,0,1900,5935.0,84.1,"1x 2BR, 2x 3BR"
Worcester,1606,599900.0,2.0,299950.0,1728,347.16,13200.0,45.45,13200.0,2.2,2025-09-02,24,1941,4811.0,100.15,2x 2BR
Worcester,1605,840000.0,4.0,210000.0,5178,162.22,77532.0,10.83,68532.0,8.16,2025-09-02,32,1895,8606.0,93.44,4x 3BR
Worcester,1610,665000.0,3.0,221666.67,3948,168.44,42000.0,15.83,42000.0,6.32,2025-09-02,36,1880,7423.0,96.38,3x 3BR
Fall River,2724,605000.0,2.0,302500.0,2895,208.98,,,,,2025-09-02,26,1921,4637.0,96.82,"1x 2BR, 1x 3BR"
Revere,2151,1050000.0,2.0,525000.0,3017,348.03,,,,,2025-09-02,20,1920,7970.0,100.09,"1x 2BR, 1x 4BR"
Pittsfield,1201,375000.0,4.0,93750.0,2951,127.08,50700.0,7.4,50700.0,13.52,2025-09-02,167,1880,4577.0,90.41,"1x 1BR, 3x 2BR"
Freetown,2702,835000.0,2.0,417500.0,2839,294.12,,,,,2025-09-02,0,1900,6241.0,98.25,"1x 2BR, 1x 3BR"
Newton,2460,1359900.0,2.0,679950.0,2740,496.31,33600.0,40.47,33600.0,2.47,2025-09-02,37,1920,10416.0,100.0,2x 2BR
Fall River,2723,620000.0,3.0,206666.67,3405,182.09,30000.0,20.67,30000.0,4.84,2025-09-02,20,1900,5905.0,96.89,3x 3BR
Somerville,2145,1690000.0,3.0,563333.33,5686,297.22,,,,,2025-09-03,49,1920,17899.0,92.35,3x 3BR
Boston,2128,1350000.0,3.0,450000.0,3230,417.96,,,,,2025-09-03,21,1940,8260.01,96.5,"1x 0BR, 2x 3BR"
Norwood,2062,950000.0,3.0,316666.67,2604,364.82,54300.0,17.5,54300.0,5.72,2025-09-03,4,1910,7400.0,99.16,"1x 1BR, 2x 2BR"
Brookline,2446,2875000.0,2.0,1437500.0,4009,717.14,42000.0,68.45,42000.0,1.46,2025-09-03,21,1900,28092.0,102.68,"1x 1BR, 1x 3BR"
Leominster,1453,635000.0,2.0,317500.0,2115,300.24,66000.0,9.62,66000.0,10.39,2025-09-03,22,1945,6371.0,105.85,"1x 2BR, 1x 4BR"
Springfield,1108,460000.0,2.0,230000.0,3300,139.39,47400.0,9.7,47400.0,10.3,2025-09-03,65,1913,5464.0,102.22,"1x 3BR, 1x 6BR"
Westfield,1085,357000.0,2.0,178500.0,2598,137.41,31800.0,11.23,31800.0,8.91,2025-09-03,35,1870,4360.0,99.19,"1x 2BR, 1x 4BR"
Boston,2129,2330000.0,3.0,776666.67,3724,625.67,114900.0,20.28,84020.0,3.61,2025-09-03,50,1860,25492.28,97.08,3x 1BR
Boston,2122,1367000.0,3.0,455666.67,3714,368.07,106800.0,12.8,86020.0,6.29,2025-09-03,26,1920,13880.0,97.78,"1x 3BR, 2x 4BR"
Lawrence,1843,760000.0,2.0,380000.0,1910,397.91,,,,,2025-09-03,9,1880,3652.0,101.35,"1x 1BR, 1x 3BR"
Salem,1970,913500.0,2.0,456750.0,3108,293.92,,,,,2025-09-03,31,1926,8236.0,96.17,"1x 2BR, 1x 4BR"
Somerville,2145,1500000.0,4.0,375000.0,3320,451.81,59400.0,25.25,59400.0,3.96,2025-09-03,14,1900,14165.45,100.0,"1x 0BR, 2x 1BR, 1x 4BR"
Boston,2125,770000.0,2.0,385000.0,2983,258.13,,,,,2025-09-03,21,1910,6108.0,96.25,"1x 2BR, 1x 4BR"
Watertown,2472,955000.0,2.0,477500.0,2296,415.94,20400.0,46.81,20400.0,2.14,2025-09-03,127,1965,9985.0,93.17,2x 3BR
Worcester,1604,735000.0,3.0,245000.0,3852,190.81,64800.0,11.34,64800.0,8.82,2025-09-03,62,1900,7303.0,98.01,3x 3BR
Holyoke,1040,385000.0,2.0,192500.0,1920,200.52,,,,,2025-09-03,35,1880,3815.01,104.08,"1x 2BR, 1x 3BR"
Somerville,2144,1300000.0,2.0,650000.0,3215,404.35,,,,,2025-09-03,8,1915,12477.0,100.0,"1x 2BR, 1x 4BR"
Taunton,2780,725000.0,2.0,362500.0,2860,253.5,33600.0,21.58,33600.0,4.63,2025-09-03,37,1990,8146.0,97.99,2x 3BR
Taunton,2780,400000.0,2.0,200000.0,1567,255.26,27600.0,14.49,27600.0,6.9,2025-09-03,66,1896,4739.0,94.12,"1x 1BR, 1x 2BR"
Lowell,1851,370000.0,2.0,185000.0,1791,206.59,19800.0,18.69,19800.0,5.35,2025-09-03,357,1900,3477.0,88.31,2x 2BR
New Bedford,2740,700000.0,3.0,233333.33,3330,210.21,,,,,2025-09-03,25,1907,5524.0,107.71,3x 3BR
Springfield,1108,430000.0,3.0,143333.33,3854,111.57,24000.0,17.92,24000.0,5.58,2025-09-04,13,1907,5137.0,110.54,"1x 2BR, 2x 3BR"
Rockland,2370,930000.0,3.0,310000.0,4073,228.33,45600.0,20.39,45600.0,4.9,2025-09-04,22,1900,10285.0,106.29,"2x 2BR, 1x 3BR"
Medford,2155,1068000.0,2.0,534000.0,3484,306.54,55200.0,19.35,55200.0,5.17,2025-09-04,47,1905,7798.0,97.18,"1x 2BR, 1x 4BR"
Springfield,1108,290000.0,3.0,96666.67,3179,91.22,51000.0,5.69,51000.0,17.59,2025-09-04,144,1906,4110.0,90.63,3x 2BR
Natick,1760,1300000.0,7.0,185714.29,3644,356.75,99300.0,13.09,61225.0,4.71,2025-09-04,27,1930,12315.0,86.72,2x 1BR
Quincy,2169,1360000.0,4.0,340000.0,3243,419.36,24000.0,56.67,24000.0,1.76,2025-09-04,29,1930,8030.0,104.86,"2x 2BR, 2x 3BR"
Holyoke,1040,415000.0,3.0,138333.33,3390,122.42,,,,,2025-09-04,63,1880,4344.04,97.65,"1x 0BR, 2x 1BR"
Fall River,2723,549900.0,2.0,274950.0,2112,260.37,,,,,2025-09-04,31,1900,4557.0,100.16,2x 2BR
Lowell,1851,830000.0,3.0,276666.67,3303,251.29,20820.0,39.87,20820.0,2.51,2025-09-04,16,1900,7553.0,98.81,"1x 2BR, 2x 3BR"
Worcester,1609,620000.0,3.0,206666.67,6109,101.49,47400.0,13.08,47400.0,7.65,2025-09-04,12,1890,10754.49,112.73,"1x 0BR, 2x 2BR"
Lawrence,1843,920000.0,3.0,306666.67,3050,301.64,38400.0,23.96,38400.0,4.17,2025-09-04,9,1900,5870.0,105.14,"1x 1BR, 2x 3BR"
Belchertown,1007,420000.0,2.0,210000.0,1459,287.87,52440.0,8.01,43992.0,10.47,2025-09-04,17,1964,4616.0,105.0,"1x 1BR, 1x 3BR"
Brockton,2301,900000.0,5.0,180000.0,4317,208.48,99000.0,9.09,73808.0,8.2,2025-09-04,18,1900,8266.0,98.36,"2x 1BR, 3x 2BR"
Medford,2155,1075000.0,2.0,537500.0,2570,418.29,75600.0,14.22,75600.0,7.03,2025-09-04,6,1910,7767.0,104.88,"1x 3BR, 1x 4BR"
Boston,2121,1050000.0,3.0,350000.0,3004,349.53,,,,,2025-09-04,105,1900,8707.0,95.45,"2x 2BR, 1x 3BR"
Rockport,1966,1100000.0,2.0,550000.0,1302,844.85,,,,,2025-09-04,132,1900,8926.59,91.67,"1x 0BR, 1x 2BR"
Chicopee,1020,380000.0,2.0,190000.0,1524,249.34,,,,,2025-09-04,31,1880,4195.0,97.69,"1x 1BR, 1x 2BR"
Leominster,1453,375000.0,2.0,187500.0,2295,163.4,,,,,2025-09-04,35,1930,5720.0,93.75,"1x 2BR, 1x 3BR"
Boston,2125,1400000.0,3.0,466666.67,4071,343.9,125000.0,11.2,105000.0,7.5,2025-09-04,26,1905,14587.32,100.36,3x 3BR
Cambridge,2140,1800000.0,2.0,900000.0,3148,571.79,,,,,2025-09-04,2,1891,8469.87,112.5,"1x 2BR, 1x 3BR"
Boston,2130,1250000.0,3.0,416666.67,4086,305.92,43200.0,28.94,43200.0,3.46,2025-09-04,20,1896,13204.0,91.58,3x 2BR
North Adams,1247,163000.0,2.0,81500.0,1555,104.82,24000.0,6.79,24000.0,14.72,2025-09-04,177,1910,2386.0,90.61,2x 2BR
New Bedford,2745,340000.0,2.0,170000.0,2069,164.33,18000.0,18.89,18000.0,5.29,2025-09-04,101,1930,7750.0,38.68,"1x 2BR, 1x 3BR"
Haverhill,1835,730000.0,2.0,365000.0,1686,432.98,22800.0,32.02,22700.0,3.11,2025-09-04,21,1900,6080.0,108.15,2x 2BR
Fitchburg,1420,499000.0,2.0,249500.0,2488,200.56,58200.0,8.57,58200.0,11.66,2025-09-05,38,1910,4280.0,99.82,2x 3BR
Newton,2460,1230000.0,2.0,615000.0,1996,616.23,30600.0,40.2,30600.0,2.49,2025-09-05,4,1905,8645.0,102.5,2x 2BR
Boston,2113,2515000.0,6.0,419166.67,3000,838.33,148200.0,16.97,45354.0,1.8,2025-09-05,99,1910,18711.0,86.72,2x 2BR
Everett,2149,1030000.0,2.0,515000.0,2900,355.17,,,,,2025-09-05,37,1925,9060.0,103.1,"1x 2BR, 1x 4BR"
Wrentham,2093,800000.0,2.0,400000.0,3557,224.91,15000.0,53.33,15000.0,1.88,2025-09-05,47,1987,8606.0,94.23,"1x 1BR, 1x 4BR"
Haverhill,1830,518000.0,2.0,259000.0,1942,266.74,,,,,2025-09-05,9,1900,4808.0,91.04,2x 2BR
Westborough,1581,750000.0,2.0,375000.0,3224,232.63,,,,,2025-09-05,9,1815,11416.0,111.11,2x 2BR
Everett,2149,850000.0,2.0,425000.0,2160,393.52,,,,,2025-09-05,8,1920,8241.8,106.25,2x 3BR
New Bedford,2740,615000.0,3.0,205000.0,3312,185.69,,,,,2025-09-05,29,1913,5568.0,102.52,3x 3BR
Southwick,1077,285000.0,2.0,142500.0,1397,204.01,,,,,2025-09-05,167,1935,3985.0,103.64,"1x 1BR, 1x 2BR"
Adams,1220,112500.0,2.0,56250.0,1536,73.24,,,,,2025-09-05,27,1900,2761.0,80.41,2x 2BR
Boston,2127,1560000.0,2.0,780000.0,1952,799.18,118800.0,13.13,118800.0,7.62,2025-09-05,127,1890,11681.0,97.5,2x 3BR
Boston,2127,1450000.0,2.0,725000.0,2268,639.33,40800.0,35.54,40800.0,2.81,2025-09-05,66,1890,13932.0,96.73,"1x 1BR, 1x 2BR"
Malden,2148,950000.0,2.0,475000.0,2366,401.52,,,,,2025-09-05,11,1920,8332.0,105.57,"1x 2BR, 1x 3BR"
Somerville,2144,1399000.0,3.0,466333.33,3228,433.4,75000.0,18.65,75000.0,5.36,2025-09-05,40,1930,13869.0,99.94,3x 3BR
Westfield,1085,338000.0,2.0,169000.0,2178,155.19,,,,,2025-09-05,11,1900,4179.0,100.9,"1x 1BR, 1x 2BR"
Fall River,2723,650000.0,3.0,216666.67,2416,269.04,31200.0,20.83,31200.0,4.8,2025-09-05,9,1900,4022.0,108.51,"2x 2BR, 1x 3BR"
Waltham,2453,1049950.0,2.0,524975.0,2678,392.06,62400.0,16.83,62400.0,5.94,2025-09-05,23,1850,10203.0,100.0,"1x 2BR, 1x 3BR"
Everett,2149,975000.0,2.0,487500.0,2438,399.92,,,,,2025-09-05,4,1865,7098.0,108.45,"1x 2BR, 1x 3BR"
Springfield,1104,350000.0,2.0,175000.0,1920,182.29,10200.0,34.31,10200.0,2.91,2025-09-05,54,1925,4652.0,100.0,2x 2BR
Worcester,1609,600000.0,3.0,200000.0,4845,123.84,,,,,2025-09-05,7,1880,8147.0,109.09,3x 3BR
Gardner,1440,391500.0,2.0,195750.0,1728,226.56,12000.0,32.62,9300.0,2.38,2025-09-05,25,1900,3485.0,103.3,2x 2BR
Revere,2151,802000.0,2.0,401000.0,1756,456.72,,,,,2025-09-05,41,1938,6753.0,100.26,2x 2BR
Shrewsbury,1545,975000.0,2.0,487500.0,4022,242.42,57600.0,16.93,51927.0,5.33,2025-09-05,55,1776,10583.0,97.99,2x 3BR
Dudley,1571,350000.0,2.0,175000.0,3783,92.52,,,,,2025-09-05,16,1960,3176.0,92.11,2x 3BR
Springfield,1118,410000.0,2.0,205000.0,2412,169.98,9600.0,42.71,9600.0,2.34,2025-09-05,27,1925,4618.0,105.16,2x 3BR
Greenfield,1301,315000.0,3.0,105000.0,2315,136.07,26400.0,11.93,26400.0,8.38,2025-09-05,20,1907,4584.0,96.92,"1x 1BR, 2x 2BR"
Fall River,2724,735000.0,3.0,245000.0,2412,304.73,83400.0,8.81,83400.0,11.35,2025-09-05,36,1900,5829.0,98.01,3x 3BR
Lowell,1852,678000.0,3.0,226000.0,3984,170.18,56400.0,12.02,56400.0,8.32,2025-09-05,25,1900,6842.0,113.0,3x 3BR
Lowell,1851,625000.0,2.0,312500.0,2354,265.51,,,,,2025-09-05,29,1900,6567.0,101.63,"1x 1BR, 1x 3BR"
Worcester,1604,355000.0,3.0,118333.33,2599,136.59,,,,,2025-09-05,7,1850,0.0,114.55,"2x 1BR, 1x 4BR"
Malden,2148,1399000.0,2.0,699500.0,3350,417.61,72000.0,19.43,72000.0,5.15,2025-09-06,22,1900,12189.0,100.0,"1x 2BR, 1x 4BR"
Boston,2131,1275000.0,3.0,425000.0,3566,357.54,,,,,2025-09-08,25,1895,10020.0,102.01,"2x 2BR, 1x 3BR"
Clinton,1510,525000.0,3.0,175000.0,1825,287.67,66000.0,7.95,66000.0,12.57,2025-09-08,11,1900,5390.49,91.3,3x 2BR
Springfield,1104,415000.0,2.0,207500.0,2160,192.13,,,,,2025-09-08,15,1992,5802.0,96.51,"2x 0BR, 2x 3BR"
Lowell,1851,860000.0,2.0,430000.0,3215,267.5,68400.0,12.57,68400.0,7.95,2025-09-08,19,1930,8339.0,101.19,"1x 2BR, 1x 4BR"
Belchertown,1007,370000.0,2.0,185000.0,3807,97.19,,,,,2025-09-08,11,1956,5805.0,100.0,"1x 2BR, 1x 3BR"
Easthampton,1027,330000.0,2.0,165000.0,1616,204.21,,,,,2025-09-08,7,1900,4399.0,100.0,2x 2BR
Westfield,1085,359900.0,2.0,179950.0,1760,204.49,18000.0,19.99,11720.0,3.26,2025-09-08,17,1905,3330.0,102.86,2x 2BR
Fall River,2721,730000.0,4.0,182500.0,3172,230.14,,,,,2025-09-08,16,1900,5902.47,100.14,"1x 0BR, 1x 2BR, 2x 3BR"
Fall River,2721,792000.0,3.0,264000.0,3360,235.71,52800.0,15.0,52800.0,6.67,2025-09-08,77,1900,5667.0,100.0,3x 4BR
Winchendon,1475,409000.0,2.0,204500.0,1872,218.48,31200.0,13.11,31200.0,7.63,2025-09-08,13,1986,3907.0,102.25,2x 2BR
Chelsea,2150,1005000.0,3.0,335000.0,3853,260.84,,,,,2025-09-08,13,1910,11211.0,103.08,3x 2BR
Lawrence,1843,2000000.0,32.0,62500.0,9075,220.39,363720.0,5.5,184420.0,9.22,2025-09-08,4,1900,13506.0,100.0,4x 1BR
Blackstone,1504,500000.0,2.0,250000.0,1638,305.25,45600.0,10.96,39541.0,7.91,2025-09-08,25,1925,5006.0,105.26,"1x 1BR, 1x 3BR"
Medford,2155,850000.0,2.0,425000.0,2288,371.5,,,,,2025-09-08,35,1922,7764.84,94.55,2x 2BR
Somerville,2145,1360000.0,2.0,680000.0,3325,409.02,56400.0,24.11,56400.0,4.15,2025-09-08,17,1910,12494.0,101.64,"1x 2BR, 1x 4BR"
Leicester,1524,389000.0,2.0,194500.0,2340,166.24,,,,,2025-09-08,9,1952,4193.0,103.73,"1x 1BR, 1x 3BR"
Dudley,1571,877000.0,6.0,146166.67,5580,157.17,50100.0,17.5,50100.0,5.71,2025-09-08,4,1930,4828.0,109.76,5x 2BR
Amesbury,1913,1535000.0,2.0,767500.0,7015,218.82,36600.0,41.94,36600.0,2.38,2025-09-08,140,1860,35632.0,115.85,"1x 3BR, 1x 5BR"
Worcester,1604,705000.0,3.0,235000.0,3078,229.04,36600.0,19.26,36600.0,5.19,2025-09-08,37,1735,6840.0,99.3,"1x 1BR, 1x 2BR, 1x 3BR"
Orange,1364,350000.0,2.0,175000.0,2760,126.81,9600.0,36.46,9600.0,2.74,2025-09-08,42,1880,3785.0,100.0,2x 3BR
Southbridge,1550,590000.0,3.0,196666.67,4626,127.54,73620.0,8.01,61421.0,10.41,2025-09-08,76,1900,5955.0,99.16,3x 4BR
Attleboro,2703,575000.0,2.0,287500.0,2232,257.62,,,,,2025-09-08,31,1910,4669.0,115.02,2x 2BR
Southbridge,1550,477650.0,2.0,238825.0,2252,212.1,12600.0,37.91,12600.0,2.64,2025-09-08,3,1985,5867.84,107.1,"1x 2BR, 1x 3BR"
Boston,2127,1570000.0,3.0,523333.33,3048,515.09,,,,,2025-09-08,47,1905,16742.4,98.19,"1x 2BR, 2x 3BR"
Boston,2132,1370000.0,3.0,456666.67,3972,344.91,76200.0,17.98,32612.0,2.38,2025-09-08,22,1920,11228.0,97.93,3x 2BR
Whitman,2382,740000.0,2.0,370000.0,1592,464.82,,,,,2025-09-09,14,1900,6539.0,102.07,2x 2BR
Watertown,2472,1149900.0,2.0,574950.0,2935,391.79,26400.0,43.56,26400.0,2.3,2025-09-09,61,1925,11678.0,100.0,2x 2BR
Chicopee,1020,240000.0,2.0,120000.0,1748,137.3,28800.0,8.33,28800.0,12.0,2025-09-09,91,1900,4686.0,84.21,2x 2BR
Springfield,1151,365000.0,2.0,182500.0,2164,168.67,18000.0,20.28,18000.0,4.93,2025-09-09,4,1925,4023.0,104.32,2x 2BR
Ashland,1721,700000.0,3.0,233333.33,1998,350.35,56400.0,12.41,56400.0,8.06,2025-09-09,39,1964,8163.96,97.9,"2x 1BR, 1x 2BR"
Woburn,1801,1105000.0,2.0,552500.0,2720,406.25,43200.0,25.58,43200.0,3.91,2025-09-09,8,1965,6610.0,94.04,2x 3BR
Lowell,1852,440000.0,2.0,220000.0,4565,96.39,14400.0,30.56,14400.0,3.27,2025-09-09,21,1890,7526.0,70.41,2x 3BR
Southbridge,1550,520000.0,2.0,260000.0,2694,193.02,21600.0,24.07,21600.0,4.15,2025-09-09,22,1986,6381.0,104.02,2x 3BR
Somerville,2144,1205000.0,2.0,602500.0,2493,483.35,73800.0,16.33,56748.0,4.71,2025-09-09,29,1920,11469.0,96.48,"1x 1BR, 1x 3BR"
Boston,2121,970000.0,3.0,323333.33,3074,315.55,40800.0,23.77,40800.0,4.21,2025-09-09,24,1900,10900.0,102.21,"1x 2BR, 2x 3BR"
Quincy,2169,729000.0,2.0,364500.0,1392,523.71,21600.0,33.75,14700.0,2.02,2025-09-09,64,1920,6252.0,97.33,2x 2BR
Lowell,1851,435000.0,2.0,217500.0,2248,193.51,19200.0,22.66,19200.0,4.41,2025-09-09,9,1900,6926.0,103.57,2x 2BR
Lowell,1852,700000.0,2.0,350000.0,3024,231.48,40200.0,17.41,40200.0,5.74,2025-09-09,43,1900,8356.0,97.22,2x 3BR
Somerville,2144,1360000.0,2.0,680000.0,3282,414.38,,,,,2025-09-09,55,1896,15038.0,90.67,"1x 2BR, 1x 4BR"
Boston,2135,1400000.0,2.0,700000.0,3331,420.29,103440.0,13.53,103440.0,7.39,2025-09-09,141,1885,11225.0,93.34,"1x 2BR, 1x 6BR"
Boston,2122,1185000.0,3.0,395000.0,3207,369.5,64788.0,18.29,64788.0,5.47,2025-09-10,47,1910,11175.0,107.73,"1x 1BR, 2x 3BR"
Boston,2126,1850000.0,6.0,308333.33,7974,232.0,208800.0,8.86,159948.0,8.65,2025-09-10,47,1910,18918.0,97.88,"2x 2BR, 3x 3BR"
Walpole,2032,1030000.0,6.0,171666.67,4900,210.2,85800.0,12.0,60300.0,5.85,2025-09-10,42,1904,10133.0,103.52,"3x 1BR, 1x 2BR, 1x 3BR"
New Bedford,2745,480000.0,2.0,240000.0,4094,117.24,,,,,2025-09-10,10,1914,5211.64,104.35,2x 2BR
Leominster,1453,510000.0,2.0,255000.0,1326,384.62,36000.0,14.17,36000.0,7.06,2025-09-10,15,1880,4752.0,104.1,2x 2BR
Brockton,2301,710000.0,2.0,355000.0,1967,360.96,31800.0,22.33,31800.0,4.48,2025-09-10,35,1844,6967.0,97.26,2x 3BR
Fall River,2723,850000.0,6.0,141666.67,6096,139.44,105000.0,8.1,39000.0,4.59,2025-09-10,62,1900,7714.0,106.25,2x 3BR
Boston,2127,1465000.0,3.0,488333.33,2913,502.92,72000.0,20.35,72000.0,4.91,2025-09-10,60,1905,16814.0,87.46,3x 1BR
Ashburnham,1430,349900.0,2.0,174950.0,1987,176.09,24600.0,14.22,24600.0,7.03,2025-09-10,41,1850,4367.0,100.0,2x 2BR
Cambridge,2140,2050000.0,3.0,683333.33,4976,411.98,103320.0,19.84,96905.0,4.73,2025-09-10,54,1928,11855.0,100.0,3x 3BR
Boston,2124,1180000.0,3.0,393333.33,3225,365.89,79200.0,14.9,79200.0,6.71,2025-09-10,6,1925,13031.0,99.16,"1x 1BR, 1x 2BR, 1x 3BR"
Norwood,2062,915000.0,2.0,457500.0,3940,232.23,,,,,2025-09-10,43,1880,9755.0,96.32,"1x 1BR, 1x 4BR"
Malden,2148,818000.0,2.0,409000.0,1656,493.96,,,,,2025-09-10,25,1930,7604.0,99.77,"1x 1BR, 1x 3BR"
Springfield,1105,394000.0,2.0,197000.0,2252,174.96,,,,,2025-09-11,7,1896,2013.0,106.78,2x 3BR
Attleboro,2703,714000.0,2.0,357000.0,2376,300.51,18000.0,39.67,18000.0,2.52,2025-09-11,7,1993,6482.0,106.57,2x 3BR
Fall River,2721,548250.0,4.0,137062.5,2678,204.72,,,,,2025-09-11,144,1900,4256.0,97.92,"3x 1BR, 1x 2BR"
Watertown,2472,1270000.0,2.0,635000.0,2817,450.83,28800.0,44.1,28800.0,2.27,2025-09-11,15,1880,12171.0,101.6,"1x 2BR, 1x 3BR"
Worcester,1610,884000.0,4.0,221000.0,5497,160.81,103200.0,8.57,103200.0,11.67,2025-09-11,23,1890,8825.0,101.73,"2x 1BR, 2x 4BR"
Boston,2127,1300000.0,2.0,650000.0,2000,650.0,31200.0,41.67,31200.0,2.4,2025-09-11,146,1900,12934.0,92.86,2x 2BR
Worcester,1610,837500.0,4.0,209375.0,4480,186.94,74760.0,11.2,60000.0,7.16,2025-09-11,24,1910,8949.0,97.38,"1x 2BR, 3x 3BR"
Taunton,2780,350000.0,2.0,175000.0,2432,143.91,,,,,2025-09-11,16,1900,4439.0,129.68,2x 4BR
Worcester,1610,625000.0,2.0,312500.0,2456,254.48,43320.0,14.43,43320.0,6.93,2025-09-11,61,1923,7191.0,100.02,"1x 3BR, 1x 4BR"
Webster,1570,379900.0,2.0,189950.0,2040,186.23,34500.0,11.01,34500.0,9.08,2025-09-11,27,1880,3082.0,100.0,2x 2BR
Worcester,1606,1300000.0,6.0,216666.67,6306,206.15,83232.0,15.62,41687.0,3.21,2025-09-11,177,1898,6446.0,96.3,2x 6BR
Boston,2128,1025000.0,3.0,341666.67,2800,366.07,,,,,2025-09-11,36,1900,17410.9,93.27,"1x 2BR, 2x 3BR"
Haverhill,1835,660000.0,3.0,220000.0,3215,205.29,14400.0,45.83,14400.0,2.18,2025-09-11,19,1900,10026.0,101.55,"1x 0BR, 1x 1BR, 1x 2BR"
Uxbridge,1569,506250.0,4.0,126562.5,2876,176.03,60396.0,8.38,60396.0,11.93,2025-09-11,12,1900,5840.0,92.06,"1x 0BR, 2x 1BR, 2x 2BR"
Worcester,1606,600000.0,2.0,300000.0,1728,347.22,,,,,2025-09-11,8,1946,4878.0,100.17,2x 2BR
Greenfield,1301,390000.0,2.0,195000.0,2013,193.74,,,,,2025-09-11,77,1900,2474.0,97.74,2x 3BR
Haverhill,1835,450000.0,4.0,112500.0,2785,161.58,,,,,2025-09-11,16,1860,8695.0,100.0,2x 0BR
Gardner,1440,450000.0,2.0,225000.0,2511,179.21,,,,,2025-09-11,22,1910,4314.0,100.0,"1x 2BR, 1x 3BR"
Springfield,1108,517500.0,2.0,258750.0,3248,159.33,24000.0,21.56,24000.0,4.64,2025-09-12,26,1912,5908.0,98.57,"1x 4BR, 1x 5BR"
Fitchburg,1420,425000.0,2.0,212500.0,1688,251.78,18000.0,23.61,18000.0,4.24,2025-09-12,20,1900,4872.0,100.0,"1x 1BR, 1x 3BR"
Brockton,2301,700000.0,2.0,350000.0,2055,340.63,67200.0,10.42,67200.0,9.6,2025-09-12,32,1893,8609.0,100.0,2x 3BR
Worcester,1605,850000.0,3.0,283333.33,3564,238.5,86352.0,9.84,86352.0,10.16,2025-09-12,30,1890,9696.0,100.12,3x 3BR
Randolph,2368,455000.0,2.0,227500.0,1588,286.52,,,,,2025-09-12,22,1957,6522.0,137.88,"1x 1BR, 1x 2BR"
Woburn,1801,700000.0,2.0,350000.0,2592,270.06,,,,,2025-09-12,34,1880,5065.0,93.46,2x 2BR
North Brookfield,1535,440000.0,2.0,220000.0,2869,153.36,,,,,2025-09-12,29,1871,5108.0,110.03,"1x 2BR, 1x 4BR"
Worcester,1605,845000.0,3.0,281666.67,3480,242.82,88800.0,9.52,88800.0,10.51,2025-09-12,29,1900,8989.0,99.53,3x 3BR
Amesbury,1913,360000.0,2.0,180000.0,2364,152.28,18000.0,20.0,18000.0,5.0,2025-09-12,9,1870,8163.0,160.0,2x 2BR
Webster,1570,530000.0,2.0,265000.0,2545,208.25,49200.0,10.77,49200.0,9.28,2025-09-12,10,1900,4234.0,96.54,"1x 2BR, 1x 3BR"
Boston,2131,1049000.0,2.0,524500.0,2527,415.12,86400.0,12.14,86400.0,8.24,2025-09-12,13,1900,8814.0,100.0,"1x 2BR, 1x 4BR"
Boston,2131,1010000.0,2.0,505000.0,2879,350.82,30000.0,33.67,30000.0,2.97,2025-09-12,68,1890,9871.0,91.9,"1x 2BR, 1x 4BR"
Fall River,2721,480000.0,3.0,160000.0,2845,168.72,,,,,2025-09-12,77,1900,5083.0,91.43,"1x 2BR, 2x 3BR"
Watertown,2472,2305500.0,2.0,1152750.0,5518,417.81,,,,,2025-09-12,49,1898,13877.0,96.5,2x 4BR
Spencer,1562,495000.0,2.0,247500.0,2080,237.98,43200.0,11.46,43200.0,8.73,2025-09-12,22,1960,3685.0,100.0,2x 2BR
Taunton,2780,650000.0,2.0,325000.0,2000,325.0,,,,,2025-09-12,8,1900,4438.0,100.0,2x 2BR
Boston,2126,1200000.0,2.0,600000.0,2849,421.2,,,,,2025-09-12,34,1925,6994.0,100.0,"1x 2BR, 1x 3BR"
New Bedford,2744,650000.0,3.0,216666.67,3236,200.87,31200.0,20.83,31200.0,4.8,2025-09-12,23,1893,4854.0,103.17,"1x 2BR, 2x 3BR"
Everett,2149,1300000.0,6.0,216666.67,4365,297.82,,,,,2025-09-12,49,1897,14047.0,86.72,2x 0BR
Attleboro,2703,780000.0,4.0,195000.0,2711,287.72,78000.0,10.0,78000.0,10.0,2025-09-12,67,1900,7297.25,104.14,"1x 0BR, 2x 2BR"
Chicopee,1013,220000.0,2.0,110000.0,2108,104.36,38400.0,5.73,38400.0,17.45,2025-09-12,43,1900,2964.0,88.04,2x 3BR
Springfield,1108,376000.0,2.0,188000.0,2244,167.56,12000.0,31.33,12000.0,3.19,2025-09-12,1,1922,4299.0,101.65,"1x 2BR, 1x 3BR"
Boston,2131,967000.0,2.0,483500.0,2288,422.64,,,,,2025-09-12,8,1928,9074.0,107.56,"1x 2BR, 1x 3BR"
Boston,2131,1140000.0,3.0,380000.0,3171,359.51,67200.0,16.96,67200.0,5.89,2025-09-12,17,1920,10974.0,126.67,3x 2BR
Winthrop,2152,1050000.0,2.0,525000.0,2144,489.74,51600.0,20.35,51600.0,4.91,2025-09-12,7,1880,6868.0,105.54,2x 3BR
Bedford,1730,875000.0,2.0,437500.0,1624,538.79,,,,,2025-09-12,10,1959,7627.0,104.79,"1x 2BR, 1x 3BR"
New Bedford,2740,465000.0,2.0,232500.0,3194,145.59,18000.0,25.83,18000.0,3.87,2025-09-12,14,1897,6103.0,108.14,"1x 2BR, 1x 3BR"
Boston,2128,1050000.0,3.0,350000.0,2364,444.16,,,,,2025-09-12,20,2014,9923.0,95.45,"1x 2BR, 1x 3BR"
Weymouth,2191,820000.0,2.0,410000.0,2162,379.28,,,,,2025-09-12,15,1900,5429.0,102.63,2x 3BR
Somerville,2143,1300000.0,2.0,650000.0,3431,378.9,30000.0,43.33,30000.0,2.31,2025-09-12,29,1925,13135.0,92.86,"1x 2BR, 1x 4BR"
Westford,1886,750000.0,3.0,250000.0,3356,223.48,,,,,2025-09-12,33,1700,9570.0,93.87,"2x 1BR, 1x 3BR"
Fitchburg,1420,470000.0,2.0,235000.0,1990,236.18,,,,,2025-09-12,23,1947,4920.0,102.4,"1x 2BR, 1x 3BR"
Holyoke,1040,485000.0,3.0,161666.67,6049,80.18,,,,,2025-09-12,46,1890,3946.0,107.8,"2x 2BR, 1x 5BR"
Boston,2135,1200000.0,2.0,600000.0,3295,364.19,,,,,2025-09-12,10,1930,12233.0,96.0,"1x 1BR, 1x 3BR"
Worcester,1604,500900.0,2.0,250450.0,1812,276.43,,,,,2025-09-12,7,1890,4537.0,106.6,"1x 2BR, 1x 3BR"
Fall River,2721,620000.0,3.0,206666.67,2604,238.1,,,,,2025-09-12,36,1900,4325.0,97.03,3x 2BR
Franklin,2038,876000.0,3.0,292000.0,2640,331.82,62400.0,14.04,62400.0,7.12,2025-09-12,5,1900,8672.0,100.11,"1x 1BR, 2x 2BR"
Marlborough,1752,810000.0,2.0,405000.0,3059,264.79,,,,,2025-09-12,21,1890,6745.0,102.54,"1x 2BR, 1x 6BR"
Brockton,2301,1300000.0,6.0,216666.67,4924,264.01,136200.0,9.54,113700.0,8.75,2025-09-12,29,1900,10329.83,100.08,"1x 1BR, 4x 2BR"
Leominster,1453,800000.0,3.0,266666.67,3314,241.4,39600.0,20.2,39600.0,4.95,2025-09-12,19,1920,7969.0,106.67,"1x 1BR, 2x 2BR"
Gardner,1440,488000.0,2.0,244000.0,1746,279.5,,,,,2025-09-12,17,1900,2378.0,102.76,2x 2BR
Malden,2148,950000.0,3.0,316666.67,1917,495.57,75600.0,12.57,75600.0,7.96,2025-09-15,19,1900,8260.0,102.26,"2x 1BR, 1x 2BR"
Fitchburg,1420,545000.0,3.0,181666.67,2484,219.4,19200.0,28.39,19200.0,3.52,2025-09-15,23,1920,6274.0,99.11,3x 2BR
Somerville,2143,1127000.0,2.0,563500.0,1946,579.14,,,,,2025-09-15,14,1900,9086.0,107.44,2x 2BR
Worcester,1602,734900.0,2.0,367450.0,3288,223.51,,,,,2025-09-15,18,1910,9084.0,98.0,2x 3BR
Milford,1757,715000.0,2.0,357500.0,3399,210.36,42000.0,17.02,42000.0,5.87,2025-09-15,23,1900,8191.0,95.46,2x 4BR
Hardwick,1031,409900.0,2.0,204950.0,3229,126.94,18000.0,22.77,14058.0,3.43,2025-09-15,8,1913,3977.0,102.5,2x 3BR
Boston,2135,1275000.0,2.0,637500.0,2930,435.15,,,,,2025-09-15,37,1899,11443.0,91.07,2x 3BR
Lenox,1242,185000.0,2.0,92500.0,2000,92.5,42000.0,4.4,42000.0,22.7,2025-09-15,19,1900,2106.0,102.83,"1x 2BR, 1x 3BR"
Boston,2136,1040000.0,2.0,520000.0,2605,399.23,43800.0,23.74,43800.0,4.21,2025-09-15,27,2013,6994.67,104.01,"1x 3BR, 1x 4BR"
Worcester,1609,860000.0,3.0,286666.67,4413,194.88,82600.0,10.41,78300.0,9.1,2025-09-15,6,1870,7600.0,107.63,3x 4BR
Groveland,1834,800000.0,2.0,400000.0,2900,275.86,26400.0,30.3,26400.0,3.3,2025-09-15,14,1978,8715.0,100.13,"1x 2BR, 1x 3BR"
Provincetown,2657,1875000.0,3.0,625000.0,1737,1079.45,23040.0,81.38,23040.0,1.23,2025-09-15,224,1850,8350.0,85.27,"1x 1BR, 2x 2BR"
Norwood,2062,860000.0,2.0,430000.0,2574,334.11,,,,,2025-09-15,8,1915,7534.0,100.01,"1x 1BR, 1x 2BR"
Auburn,1501,1675000.0,8.0,209375.0,7056,237.39,115200.0,14.54,78700.0,4.7,2025-09-15,46,1984,13906.0,74.44,4x 2BR
Worcester,1610,780000.0,3.0,260000.0,3369,231.52,71160.0,10.96,71160.0,9.12,2025-09-15,21,1890,7725.0,98.11,3x 3BR
Maynard,1754,690000.0,2.0,345000.0,2700,255.56,30000.0,23.0,30000.0,4.35,2025-09-15,19,1985,9858.0,92.01,2x 3BR
Somerville,2144,1175000.0,2.0,587500.0,2350,500.0,78600.0,14.95,78600.0,6.69,2025-09-15,42,1920,11198.0,100.0,"1x 2BR, 1x 3BR"
Worcester,1604,560000.0,2.0,280000.0,1868,299.79,,,,,2025-09-15,24,1890,5213.0,102.0,2x 2BR
Everett,2149,890000.0,2.0,445000.0,2300,386.96,,,,,2025-09-15,106,1890,9967.0,99.0,2x 2BR
Dighton,2715,615000.0,2.0,307500.0,2717,226.35,,,,,2025-09-15,36,1951,6061.0,98.4,"1x 1BR, 1x 3BR"
Boston,2128,1050000.0,2.0,525000.0,3333,315.03,,,,,2025-09-15,60,1890,8613.0,105.53,"1x 2BR, 1x 5BR"
Cambridge,2139,3462000.0,6.0,577000.0,6576,526.46,,,,,2025-09-15,34,1910,19493.0,104.91,"1x 2BR, 4x 3BR"
Boston,2125,900000.0,2.0,450000.0,2424,371.29,31416.0,28.65,31416.0,3.49,2025-09-15,27,1880,4521.07,100.11,"1x 2BR, 1x 4BR"
Springfield,1107,455000.0,3.0,151666.67,3258,139.66,56400.0,8.07,56400.0,12.4,2025-09-15,29,1910,5038.0,109.64,3x 3BR
Boston,2127,2300000.0,3.0,766666.67,3627,634.13,148320.0,15.51,148320.0,6.45,2025-09-15,92,1905,23469.0,97.91,3x 3BR
Bedford,1730,1240000.0,2.0,620000.0,3500,354.29,,,,,2025-09-15,51,1956,0.0,185.1,"1x 2BR, 1x 5BR"
Springfield,1105,260000.0,2.0,130000.0,2200,118.18,10200.0,25.49,10200.0,3.92,2025-09-15,12,1925,3432.0,100.0,2x 3BR
Arlington,2474,1335000.0,3.0,445000.0,2240,595.98,13800.0,96.74,13800.0,1.03,2025-09-15,12,1930,13690.0,104.71,3x 1BR
Lowell,1851,838000.0,2.0,419000.0,4266,196.44,,,,,2025-09-15,60,1900,7573.0,100.98,2x 5BR
Brockton,2301,760000.0,2.0,380000.0,2286,332.46,32400.0,23.46,32400.0,4.26,2025-09-15,28,1915,7216.0,97.56,2x 3BR
Northampton,1062,515000.0,2.0,257500.0,2328,221.22,,,,,2025-09-15,65,1900,7451.0,93.81,2x 2BR
Lowell,1850,600000.0,2.0,300000.0,1964,305.5,,,,,2025-09-16,22,1920,5836.36,104.37,2x 2BR
Fall River,2720,670000.0,3.0,223333.33,3600,186.11,56400.0,11.88,56400.0,8.42,2025-09-16,8,1900,6104.0,95.85,"1x 2BR, 2x 3BR"
Lynn,1904,885000.0,2.0,442500.0,2840,311.62,,,,,2025-09-16,29,1910,5921.0,98.44,2x 4BR
Natick,1760,785000.0,2.0,392500.0,2074,378.5,18000.0,43.61,18000.0,2.29,2025-09-16,25,1900,7169.0,100.0,2x 3BR
Marlborough,1752,790000.0,2.0,395000.0,2548,310.05,,,,,2025-09-16,8,1938,7169.0,112.86,2x 3BR
Springfield,1108,345000.0,3.0,115000.0,3509,98.32,39540.0,8.73,39540.0,11.46,2025-09-16,60,1911,6532.0,92.0,3x 2BR
Fall River,2720,765000.0,3.0,255000.0,3852,198.6,36000.0,21.25,36000.0,4.71,2025-09-16,24,1900,6967.0,102.0,3x 3BR
Everett,2149,899900.0,2.0,449950.0,2413,372.94,70800.0,12.71,70800.0,7.87,2025-09-16,29,1920,9055.0,100.0,"1x 2BR, 1x 3BR"
Boston,2126,1050000.0,3.0,350000.0,4836,217.12,,,,,2025-09-16,24,1923,10397.0,100.0,3x 3BR
Boston,2124,1000000.0,2.0,500000.0,2704,369.82,,,,,2025-09-16,8,1900,10982.0,100.1,"1x 2BR, 1x 3BR"
Somerville,2144,1338000.0,2.0,669000.0,3120,428.85,,,,,2025-09-16,109,1920,11457.0,103.72,"1x 2BR, 1x 4BR"
Milford,1757,700000.0,2.0,350000.0,2893,241.96,24000.0,29.17,24000.0,3.43,2025-09-16,16,1900,7603.0,102.94,2x 2BR
Boston,2119,5500000.0,9.0,611111.11,10947,502.42,,,,,2025-09-16,87,1899,21715.14,91.68,"2x 1BR, 1x 2BR, 2x 3BR"
Scituate,2066,1325000.0,3.0,441666.67,5108,259.4,,,,,2025-09-16,29,1910,9649.0,110.42,"1x 1BR, 2x 2BR"
Plymouth,2360,825000.0,2.0,412500.0,2884,286.06,67800.0,12.17,67800.0,8.22,2025-09-16,58,1900,7218.0,97.17,"1x 2BR, 1x 3BR"
Revere,2151,1840000.0,6.0,306666.67,4614,398.79,166800.0,11.03,32200.0,1.75,2025-09-16,65,1900,12218.0,94.85,5x 2BR
Randolph,2368,1260000.0,4.0,315000.0,3284,383.68,106200.0,11.86,86680.0,6.88,2025-09-16,285,1880,7619.0,90.06,"2x 1BR, 2x 2BR"
Chelsea,2150,995000.0,2.0,497500.0,3472,286.58,93804.0,10.61,89004.0,8.95,2025-09-16,95,1920,9236.0,100.0,"1x 2BR, 1x 6BR"
Fitchburg,1420,565000.0,4.0,141250.0,2880,196.18,9600.0,58.85,5997.0,1.06,2025-09-16,72,1939,6821.0,94.18,4x 1BR
Framingham,1702,1300000.0,4.0,325000.0,4410,294.78,151200.0,8.6,151200.0,11.63,2025-09-16,94,1867,14609.0,93.59,"2x 2BR, 2x 4BR"
Worcester,1610,955000.0,3.0,318333.33,4161,229.51,61200.0,15.6,61200.0,6.41,2025-09-16,12,1915,8641.0,99.48,3x 3BR
Dudley,1571,630000.0,4.0,157500.0,4390,143.51,48000.0,13.12,48000.0,7.62,2025-09-16,17,1903,4721.0,126.03,"3x 2BR, 1x 3BR"
Boston,2135,868000.0,2.0,434000.0,1750,496.0,,,,,2025-09-16,28,1925,9269.0,96.44,2x 2BR
Canton,2021,975000.0,3.0,325000.0,2659,366.68,72000.0,13.54,72000.0,7.38,2025-09-17,13,1960,6481.0,100.0,"1x 0BR, 2x 2BR"
Attleboro,2703,575000.0,3.0,191666.67,3048,188.65,,,,,2025-09-17,90,1910,6593.0,95.85,"2x 1BR, 1x 3BR"
Quincy,2169,1165000.0,3.0,388333.33,3408,341.84,70800.0,16.45,70800.0,6.08,2025-09-17,24,1920,11563.0,116.62,"1x 1BR, 2x 2BR"
Lowell,1854,725000.0,2.0,362500.0,3414,212.36,,,,,2025-09-17,10,1915,7286.0,111.55,"1x 2BR, 1x 5BR"
Spencer,1562,625000.0,2.0,312500.0,2600,240.38,,,,,2025-09-17,45,1900,5444.0,100.0,"1x 3BR, 1x 4BR"
Boston,2125,1100000.0,3.0,366666.67,4431,248.25,,,,,2025-09-17,3,1900,13508.0,122.22,2x 3BR
Somerville,2143,1000000.0,2.0,500000.0,1426,701.26,53400.0,18.73,53400.0,5.34,2025-09-17,22,1885,8573.0,91.32,2x 2BR
East Bridgewater,2333,849900.0,2.0,424950.0,4092,207.7,19560.0,43.45,19560.0,2.3,2025-09-17,14,1800,7473.0,100.0,"1x 2BR, 1x 4BR"
New Bedford,2740,610000.0,3.0,203333.33,3202,190.51,35400.0,17.23,35400.0,5.8,2025-09-17,77,1876,5553.0,99.2,"1x 2BR, 2x 3BR"
Cambridge,2141,925000.0,2.0,462500.0,1568,589.92,,,,,2025-09-17,22,1873,5628.0,102.89,"1x 1BR, 1x 3BR"
Newburyport,1950,1700000.0,2.0,850000.0,4504,377.44,,,,,2025-09-17,12,1794,17305.0,97.14,"1x 1BR, 1x 4BR"
Brockton,2302,925000.0,3.0,308333.33,3360,275.3,48600.0,19.03,,,2025-09-17,61,1909,7895.0,100.0,3x 3BR
Braintree,2184,1000000.0,5.0,200000.0,5239,190.88,119400.0,8.38,119400.0,11.94,2025-09-17,33,1861,10778.0,66.67,"4x 1BR, 1x 3BR"
Revere,2151,890000.0,2.0,445000.0,2784,319.68,18000.0,49.44,18000.0,2.02,2025-09-18,25,1927,7046.0,104.72,"1x 1BR, 1x 4BR"
Boston,2128,990000.0,3.0,330000.0,3013,328.58,86400.0,11.46,76268.0,7.7,2025-09-18,10,1900,11380.0,99.5,3x 2BR
Springfield,1109,355000.0,2.0,177500.0,2044,173.68,16800.0,21.13,16800.0,4.73,2025-09-18,16,1899,2647.0,102.9,"1x 2BR, 1x 3BR"
Boston,2124,1125000.0,2.0,562500.0,3628,310.09,,,,,2025-09-18,24,1935,9330.0,107.14,"1x 2BR, 1x 3BR"
Fall River,2721,790000.0,3.0,263333.33,3271,241.52,,,,,2025-09-18,54,1900,5311.0,102.73,"1x 0BR, 1x 3BR, 2x 4BR"
Worcester,1609,1485000.0,9.0,165000.0,13174,112.72,,,,,2025-09-18,245,1890,23494.0,100.0,4x 3BR
Chelsea,2150,1100000.0,3.0,366666.67,3594,306.07,,,,,2025-09-18,13,1893,10870.0,118.29,3x 2BR
Boston,2124,1200000.0,3.0,400000.0,3579,335.29,73200.0,16.39,73200.0,6.1,2025-09-18,66,1905,9.0,96.08,3x 3BR
Somerville,2144,1430000.0,2.0,715000.0,2945,485.57,36000.0,39.72,36000.0,2.52,2025-09-18,114,1910,15993.0,96.95,"1x 2BR, 1x 4BR"
Stoneham,2180,666000.0,2.0,333000.0,1522,437.58,45600.0,14.61,45600.0,6.85,2025-09-18,100,1900,4735.0,95.28,"1x 1BR, 1x 2BR"
Leominster,1453,489000.0,2.0,244500.0,1789,273.34,12000.0,40.75,12000.0,2.45,2025-09-18,37,1900,5661.0,99.82,2x 2BR
Fall River,2721,660000.0,3.0,220000.0,3896,169.4,64800.0,10.19,,,2025-09-18,33,1900,5693.0,101.54,3x 3BR
North Attleboro,2760,1525000.0,9.0,169444.44,6764,225.46,117420.0,12.99,100346.0,6.58,2025-09-18,8,1890,13556.0,108.93,"1x 1BR, 1x 2BR"
Chelmsford,1863,855000.0,4.0,213750.0,3375,253.33,34800.0,24.57,34800.0,4.07,2025-09-18,158,1872,8123.0,95.11,"4x 1BR, 1x 2BR"
Revere,2151,1025000.0,2.0,512500.0,5101,200.94,82800.0,12.38,82800.0,8.08,2025-09-18,34,1900,8741.0,97.71,2x 5BR
Springfield,1104,515000.0,3.0,171666.67,3364,153.09,58800.0,8.76,18000.0,3.5,2025-09-19,24,1912,5505.0,103.02,"1x 2BR, 2x 3BR"
New Bedford,2740,410000.0,2.0,205000.0,2021,202.87,,,,,2025-09-19,19,1882,4394.0,97.64,2x 2BR
Springfield,1108,442000.0,2.0,221000.0,3262,135.5,34800.0,12.7,34800.0,7.87,2025-09-19,55,1913,5532.0,100.48,"1x 2BR, 1x 6BR"
New Bedford,2740,625000.0,3.0,208333.33,2967,210.65,34800.0,17.96,34800.0,5.57,2025-09-19,21,1900,5825.0,106.11,3x 3BR
Franklin,2038,649900.0,2.0,324950.0,2000,324.95,40800.0,15.93,40800.0,6.28,2025-09-19,24,1900,6626.0,100.0,"1x 1BR, 2x 2BR"
Monson,1057,570000.0,6.0,95000.0,3536,161.2,72600.0,7.85,72600.0,12.74,2025-09-19,136,1875,5202.0,95.02,"2x 1BR, 3x 2BR"
Braintree,2184,865000.0,2.0,432500.0,1896,456.22,239976.0,3.6,239976.0,27.74,2025-09-19,22,1880,7601.0,101.76,"1x 1BR, 1x 2BR"
Holyoke,1040,400000.0,2.0,200000.0,2532,157.98,,,,,2025-09-19,3,1925,7557.0,102.59,2x 3BR
Webster,1570,465000.0,3.0,155000.0,2418,192.31,41400.0,11.23,41400.0,8.9,2025-09-19,35,1890,2737.0,98.96,"1x 1BR, 2x 2BR"
New Bedford,2746,610000.0,3.0,203333.33,3480,175.29,,,,,2025-09-19,26,1892,6960.0,96.08,3x 3BR
Fall River,2720,450000.0,3.0,150000.0,2897,155.33,,,,,2025-09-19,22,1900,4533.0,85.07,"1x 1BR, 1x 2BR, 1x 3BR"
Lawrence,1841,850000.0,2.0,425000.0,2470,344.13,22800.0,37.28,22800.0,2.68,2025-09-19,8,1920,5843.0,106.26,"1x 3BR, 1x 5BR"
Fall River,2721,600000.0,3.0,200000.0,2974,201.75,,,,,2025-09-19,9,1900,1487.0,109.11,3x 2BR
Worcester,1602,650000.0,2.0,325000.0,2200,295.45,,,,,2025-09-19,81,1973,6344.0,97.01,2x 3BR
Lawrence,1843,1425000.0,6.0,237500.0,3720,383.06,135600.0,10.51,101200.0,7.1,2025-09-19,17,1970,7586.0,100.0,"1x 1BR, 4x 2BR"
Springfield,1109,515000.0,2.0,257500.0,2486,207.16,,,,,2025-09-19,19,2025,0.0,103.02,2x 3BR
Springfield,1109,385000.0,2.0,192500.0,1920,200.52,,,,,2025-09-19,42,1989,3534.84,98.72,"2x 0BR, 2x 3BR"
Leominster,1453,600000.0,3.0,200000.0,2100,285.71,59400.0,10.1,59400.0,9.9,2025-09-19,38,1950,6767.0,95.39,"2x 1BR, 1x 4BR"
Medford,2155,1368000.0,3.0,456000.0,3300,414.55,26400.0,51.82,26400.0,1.93,2025-09-19,32,1910,8424.0,114.0,"1x 1BR, 2x 2BR"
Taunton,2780,585000.0,3.0,195000.0,2592,225.69,57000.0,10.26,57000.0,9.74,2025-09-19,56,1850,5131.0,94.51,"1x 1BR, 2x 2BR"
Springfield,1109,490000.0,2.0,245000.0,3672,133.44,21600.0,22.69,21600.0,4.41,2025-09-19,3,1923,4989.0,108.91,"1x 3BR, 1x 6BR"
Boston,2124,1125000.0,3.0,375000.0,3159,356.13,74760.0,15.05,74760.0,6.65,2025-09-19,24,1900,10904.0,100.46,3x 2BR
New Bedford,2740,630000.0,2.0,315000.0,4007,157.22,,,,,2025-09-19,86,1875,7639.0,97.0,"1x 3BR, 1x 5BR"
Swansea,2777,560000.0,3.0,186666.67,3500,160.0,,,,,2025-09-19,23,1890,6379.0,78.98,"2x 1BR, 1x 2BR"
Salem,1970,1095000.0,3.0,365000.0,5265,207.98,73200.0,14.96,73200.0,6.68,2025-09-19,19,1915,7923.0,104.29,3x 3BR
Athol,1331,355000.0,2.0,177500.0,1830,193.99,18000.0,19.72,18000.0,5.07,2025-09-19,37,1880,3903.0,100.03,"1x 2BR, 1x 3BR"
Lowell,1851,1284000.0,5.0,256800.0,4676,274.59,,,,,2025-09-19,119,1900,99.0,98.85,2x 2BR
Fall River,2723,409000.0,2.0,204500.0,1950,209.74,,,,,2025-09-22,59,1925,1918.0,100.0,2x 2BR
Malden,2148,975000.0,2.0,487500.0,2691,362.32,26400.0,36.93,26400.0,2.71,2025-09-22,6,1925,8790.0,105.41,"1x 2BR, 1x 3BR"
Webster,1570,485000.0,3.0,161666.67,4156,116.7,37200.0,13.04,37200.0,7.67,2025-09-22,36,1890,4638.0,100.02,"1x 2BR, 2x 3BR"
Worcester,1605,910000.0,4.0,227500.0,5149,176.73,113400.0,8.02,113400.0,12.46,2025-09-22,37,1890,8746.0,95.89,"1x 1BR, 1x 2BR, 2x 4BR"
Arlington,2474,1389000.0,3.0,463000.0,2417,574.68,13200.0,105.23,13200.0,0.95,2025-09-22,9,1902,2417.0,100.73,3x 2BR
Danvers,1923,10000000.0,22.0,454545.45,41680,239.92,833040.0,12.0,560277.0,5.6,2025-09-22,14,1997,68433.0,105.26,2x 3BR
Fall River,2724,547499.0,2.0,273749.5,2822,194.01,39600.0,13.83,39600.0,7.23,2025-09-22,45,1935,3961.0,103.3,2x 2BR
Revere,2151,1120000.0,2.0,560000.0,3208,349.13,,,,,2025-09-22,10,1957,7933.0,99.12,"1x 3BR, 1x 5BR"
Attleboro,2703,535000.0,3.0,178333.33,2668,200.52,,,,,2025-09-22,8,1910,4168.0,104.92,"1x 1BR, 2x 3BR"
Dedham,2026,830000.0,2.0,415000.0,1909,434.78,,,,,2025-09-22,8,1893,8850.0,103.88,2x 3BR
Worcester,1606,765000.0,4.0,191250.0,6004,127.42,6600.0,115.91,6600.0,0.86,2025-09-22,48,1895,10668.0,90.01,4x 2BR
Taunton,2780,685000.0,3.0,228333.33,2470,277.33,50400.0,13.59,50400.0,7.36,2025-09-22,127,1900,5344.0,101.5,"1x 2BR, 2x 3BR"
Marblehead,1945,730000.0,2.0,365000.0,1455,501.72,,,,,2025-09-22,20,1880,6453.0,105.04,"1x 1BR, 1x 2BR"
Cohasset,2025,525000.0,2.0,262500.0,1370,383.21,,,,,2025-09-22,19,1949,5080.0,123.53,"1x 0BR, 1x 3BR"
Everett,2149,1090000.0,2.0,545000.0,2664,409.16,82800.0,13.16,82800.0,7.6,2025-09-22,40,1926,10013.0,96.55,"1x 2BR, 1x 4BR"
Quincy,2169,1320000.0,2.0,660000.0,2621,503.62,72000.0,18.33,72000.0,5.45,2025-09-22,21,1914,11212.0,110.01,"1x 2BR, 2x 3BR"
Boston,2119,700000.0,2.0,350000.0,2610,268.2,,,,,2025-09-22,48,1900,7792.0,87.61,2x 2BR
Southbridge,1550,520000.0,2.0,260000.0,2252,230.91,40800.0,12.75,40800.0,7.85,2025-09-22,19,1984,5738.0,111.83,"1x 2BR, 1x 3BR"
Haverhill,1832,880000.0,2.0,440000.0,5062,173.84,45600.0,19.3,45600.0,5.18,2025-09-22,27,1900,7738.0,112.97,"1x 6BR, 1x 7BR"
Worcester,1610,779000.0,3.0,259666.67,2800,278.21,68688.0,11.34,68688.0,8.82,2025-09-22,44,1898,7160.0,100.52,3x 3BR
Lowell,1854,300000.0,2.0,150000.0,1804,166.3,,,,,2025-09-23,9,1904,4982.0,100.03,2x 2BR
Springfield,1108,472375.0,4.0,118093.75,3358,140.67,47928.0,9.86,47928.0,10.15,2025-09-23,40,1922,5109.0,99.45,"2x 1BR, 2x 2BR"
Revere,2151,760000.0,2.0,380000.0,2111,360.02,78000.0,9.74,78000.0,10.26,2025-09-23,44,1910,6205.0,97.45,"1x 1BR, 1x 3BR"
Lynn,1904,820000.0,2.0,410000.0,2216,370.04,58800.0,13.95,58800.0,7.17,2025-09-23,19,1920,6876.0,103.81,"1x 2BR, 1x 3BR"
Revere,2151,900000.0,2.0,450000.0,2320,387.93,,,,,2025-09-23,19,1978,6916.0,100.01,"1x 1BR, 1x 3BR"
Worcester,1608,840000.0,3.0,280000.0,3490,240.69,28200.0,29.79,28200.0,3.36,2025-09-23,19,1856,8930.0,101.82,"1x 2BR, 2x 3BR"
Cambridge,2141,1110000.0,2.0,555000.0,1552,715.21,,,,,2025-09-23,61,1894,6226.0,94.55,2x 2BR
Boston,2132,1000000.0,2.0,500000.0,2790,358.42,,,,,2025-09-23,25,1920,6343.0,88.89,"1x 2BR, 1x 3BR"
Worcester,1605,560000.0,2.0,280000.0,2486,225.26,15600.0,35.9,15600.0,2.79,2025-09-23,31,1910,6311.0,105.88,"1x 2BR, 1x 3BR"
Fitchburg,1420,550000.0,2.0,275000.0,2640,208.33,,,,,2025-09-23,56,1890,6215.0,97.35,2x 3BR
Lynn,1902,4400000.0,23.0,191304.35,16052,274.11,368940.0,11.93,225565.0,5.13,2025-09-23,79,1910,35186.0,96.7,2x 2BR
Taunton,2780,850000.0,3.0,283333.33,2565,331.38,79800.0,10.65,79800.0,9.39,2025-09-23,17,1890,6364.0,106.26,"1x 2BR, 2x 3BR"
Fall River,2721,640000.0,2.0,320000.0,2840,225.35,24000.0,26.67,24000.0,3.75,2025-09-23,8,1900,5102.0,107.56,2x 3BR
Taunton,2780,660000.0,2.0,330000.0,2464,267.86,,,,,2025-09-23,17,1920,6824.0,101.69,"1x 2BR, 1x 3BR"
Hingham,2043,2105000.0,4.0,526250.0,5703,369.1,155880.0,13.5,113798.0,5.41,2025-09-23,124,1870,13463.0,95.68,"3x 2BR, 1x 3BR"
Fitchburg,1420,420000.0,2.0,210000.0,1440,291.67,,,,,2025-09-23,7,1920,4838.0,105.26,"1x 1BR, 1x 2BR"
New Bedford,2740,410000.0,2.0,205000.0,2879,142.41,,,,,2025-09-23,30,1870,4414.0,97.62,2x 3BR
Spencer,1562,480000.0,2.0,240000.0,2750,174.55,14400.0,33.33,14400.0,3.0,2025-09-24,12,1945,5231.0,96.97,"1x 1BR, 1x 2BR"
Auburn,1501,730000.0,4.0,182500.0,3476,210.01,80532.0,9.06,80532.0,11.03,2025-09-24,5,1837,9141.0,100.0,"1x 1BR, 3x 2BR"
Southbridge,1550,520000.0,3.0,173333.33,4479,116.1,,,53524.0,10.29,2025-09-24,24,1905,4979.0,94.56,3x 3BR
New Bedford,2740,600000.0,3.0,200000.0,3298,181.93,,,,,2025-09-24,28,1888,5488.0,100.17,3x 3BR
Hardwick,1037,435000.0,3.0,145000.0,3080,141.23,17400.0,25.0,17400.0,4.0,2025-09-24,22,1880,5499.0,87.17,"1x 1BR, 2x 3BR"
Pittsfield,1201,160000.0,2.0,80000.0,1872,85.47,,,,,2025-09-24,106,1900,3495.0,88.91,"1x 2BR, 1x 3BR"
Leominster,1453,485000.0,2.0,242500.0,1872,259.08,43200.0,11.23,42855.0,8.84,2025-09-24,33,1948,5389.0,99.0,2x 2BR
Plymouth,2360,965000.0,3.0,321666.67,2856,337.89,76800.0,12.57,76800.0,7.96,2025-09-24,99,1870,6491.0,83.91,3x 3BR
Attleboro,2703,775000.0,3.0,258333.33,4724,164.06,88800.0,8.73,88800.0,11.46,2025-09-24,18,1900,6220.0,100.0,"2x 2BR, 1x 3BR"
Watertown,2472,1200000.0,2.0,600000.0,2769,433.37,36000.0,33.33,36000.0,3.0,2025-09-24,7,1910,12022.0,100.93,"1x 2BR, 1x 3BR"
South Hadley,1075,400000.0,2.0,200000.0,1776,225.23,,,,,2025-09-24,11,1870,3667.0,103.9,2x 2BR
Uxbridge,1569,515000.0,2.0,257500.0,2496,206.33,37200.0,13.84,37200.0,7.22,2025-09-24,11,1927,4932.0,103.0,2x 3BR
Webster,1570,378000.0,2.0,189000.0,1581,239.09,33600.0,11.25,33600.0,8.89,2025-09-24,19,1900,2818.0,111.21,2x 2BR
Bellingham,2019,730000.0,3.0,243333.33,3584,203.68,67200.0,10.86,51659.0,7.08,2025-09-24,23,1940,6399.0,108.15,"2x 2BR, 1x 4BR"
Mansfield,2048,810000.0,2.0,405000.0,2575,314.56,,,,,2025-09-24,18,1820,8955.06,101.38,"1x 2BR, 1x 3BR"
Haverhill,1830,985000.0,5.0,197000.0,3862,255.05,112460.0,8.76,110400.0,11.21,2025-09-24,23,1900,7499.0,98.99,"1x 1BR, 4x 2BR"
Everett,2149,900000.0,2.0,450000.0,1960,459.18,69600.0,12.93,69600.0,7.73,2025-09-24,80,1900,6702.0,100.0,"1x 2BR, 1x 4BR"
Northampton,1060,435000.0,2.0,217500.0,1520,286.18,7800.0,55.77,7800.0,1.79,2025-09-25,56,1900,6307.0,95.6,2x 1BR
Lawrence,1841,815000.0,2.0,407500.0,2392,340.72,,,,,2025-09-25,7,1880,3723.0,105.86,"1x 2BR, 1x 4BR"
Arlington,2474,1350000.0,2.0,675000.0,2709,498.34,,,,,2025-09-25,22,1923,12213.0,108.87,2x 2BR
Chicopee,1020,180000.0,2.0,90000.0,2288,78.67,,,,,2025-09-25,6,1890,4839.0,94.99,2x 2BR
Salem,1970,715000.0,2.0,357500.0,2190,326.48,19200.0,37.24,19200.0,2.69,2025-09-25,22,1976,6476.0,92.27,"1x 1BR, 1x 3BR"
Watertown,2472,1310000.0,2.0,655000.0,2647,494.9,96000.0,13.65,73200.0,5.59,2025-09-25,20,1950,12796.0,101.55,"1x 3BR, 1x 5BR"
Holyoke,1040,425000.0,3.0,141666.67,2761,153.93,,,,,2025-09-25,19,1920,4755.0,100.0,"2x 1BR, 1x 3BR"
Everett,2149,956000.0,2.0,478000.0,2583,370.11,,,,,2025-09-25,23,1900,8514.0,106.24,"1x 1BR, 1x 4BR"
Melrose,2176,985000.0,2.0,492500.0,2342,420.58,51600.0,19.09,51600.0,5.24,2025-09-25,25,1900,8338.0,103.7,2x 2BR
Taunton,2780,610000.0,2.0,305000.0,2024,301.38,,,,,2025-09-25,24,1900,6102.0,106.09,2x 2BR
Fall River,2723,400000.0,3.0,133333.33,3894,102.72,8400.0,47.62,8400.0,2.1,2025-09-25,12,1900,5376.0,72.74,3x 3BR
Worcester,1604,840000.0,3.0,280000.0,4374,192.04,10200.0,82.35,10200.0,1.21,2025-09-25,24,1920,9766.0,107.01,3x 2BR
Waltham,2453,2130000.0,4.0,532500.0,4042,526.97,181200.0,11.75,181200.0,8.51,2025-09-25,32,1925,14312.0,92.81,"2x 2BR, 2x 4BR"
Springfield,1151,550000.0,4.0,137500.0,6186,88.91,63300.0,8.69,63300.0,11.51,2025-09-25,30,1928,6073.0,91.67,4x 3BR
Scituate,2066,826000.0,3.0,275333.33,2231,370.24,65280.0,12.65,65280.0,7.9,2025-09-25,123,1880,6173.0,97.19,"1x 0BR, 1x 1BR, 1x 2BR"
Needham,2492,1050000.0,2.0,525000.0,1246,842.7,48000.0,21.88,48000.0,4.57,2025-09-25,1,1860,9606.0,95.45,2x 3BR
Bridgewater,2324,775000.0,2.0,387500.0,2530,306.32,63600.0,12.19,63600.0,8.21,2025-09-25,72,1892,6531.0,104.73,"1x 2BR, 1x 3BR"
Worcester,1605,690000.0,3.0,230000.0,3279,210.43,22800.0,30.26,19309.0,2.8,2025-09-25,60,1880,8099.0,100.73,3x 3BR
Taunton,2780,600000.0,2.0,300000.0,2494,240.58,24000.0,25.0,24000.0,4.0,2025-09-25,31,1988,5442.0,96.02,"1x 2BR, 1x 3BR"
Gardner,1440,549000.0,2.0,274500.0,3230,169.97,,,,,2025-09-25,31,1900,5440.0,101.86,"1x 2BR, 1x 3BR"
Lynn,1902,840000.0,2.0,420000.0,1819,461.79,,,,,2025-09-25,16,1892,5261.0,106.33,2x 2BR
Springfield,1109,525000.0,2.0,262500.0,2486,211.18,,,,,2025-09-26,20,2025,0.0,105.02,2x 3BR
Boston,2126,1250000.0,3.0,416666.67,4320,289.35,,,,,2025-09-26,15,1905,8961.0,100.0,3x 3BR
Salem,1970,701000.0,2.0,350500.0,2128,329.42,,,,,2025-09-26,21,1900,7675.0,116.83,"1x 1BR, 1x 3BR"
New Bedford,2745,640000.0,2.0,320000.0,2226,287.51,,,,,2025-09-26,48,1919,7360.55,100.16,2x 3BR
Weymouth,2190,960000.0,2.0,480000.0,3553,270.19,,,,,2025-09-26,23,1878,8595.0,100.0,"1x 1BR, 1x 4BR"
Clinton,1510,635500.0,2.0,317750.0,2184,290.98,18000.0,35.31,18000.0,2.83,2025-09-26,55,1930,4768.0,99.45,2x 3BR
New Bedford,2740,565000.0,3.0,188333.33,3460,163.29,,,,,2025-09-26,29,1900,6494.0,102.75,"1x 2BR, 2x 3BR"
Boston,2124,1125000.0,2.0,562500.0,2178,516.53,,,,,2025-09-26,10,1930,9117.0,107.15,"1x 2BR, 1x 3BR"
New Bedford,2740,575000.0,2.0,287500.0,2084,275.91,,,,,2025-09-26,40,1912,4801.0,101.05,2x 3BR
Springfield,1108,298000.0,2.0,149000.0,2118,140.7,,,,,2025-09-26,69,1922,4478.0,99.37,2x 2BR
Palmer,1080,360000.0,2.0,180000.0,2156,166.98,31800.0,11.32,31800.0,8.83,2025-09-26,97,1915,5454.0,102.86,2x 2BR
Worcester,1604,628000.0,2.0,314000.0,2028,309.66,,,,,2025-09-26,5,1970,5997.0,109.24,"1x 2BR, 1x 3BR"
Somerset,2726,775000.0,3.0,258333.33,2793,277.48,44400.0,17.45,44400.0,5.73,2025-09-26,16,2003,7215.0,97.0,3x 2BR
Southbridge,1550,435000.0,2.0,217500.0,1976,220.14,,,,,2025-09-26,17,1915,4619.0,103.6,2x 3BR
Boston,2131,1248000.0,3.0,416000.0,3528,353.74,,,,,2025-09-26,13,1920,12433.0,104.09,3x 3BR
Northborough,1532,1095000.0,2.0,547500.0,3905,280.41,,,,,2025-09-26,61,1860,0.0,93.19,"1x 3BR, 1x 4BR"
Bridgewater,2324,561300.0,2.0,280650.0,2000,280.65,,,,,2025-09-26,22,1900,4744.0,106.91,2x 2BR
Greenfield,1301,260000.0,2.0,130000.0,2148,121.04,,,,,2025-09-26,7,1900,3756.0,110.64,2x 2BR
Medford,2155,1130000.0,2.0,565000.0,2975,379.83,39300.0,28.75,39300.0,3.48,2025-09-26,88,1920,8306.0,94.25,"1x 2BR, 1x 4BR"
Peabody,1960,955000.0,2.0,477500.0,2248,424.82,50040.0,19.08,35934.0,3.76,2025-09-26,15,1973,7113.0,106.23,"1x 0BR, 2x 3BR"
Brockton,2301,665000.0,2.0,332500.0,1970,337.56,,,,,2025-09-26,27,1900,7391.0,106.42,2x 3BR
Leicester,1524,390000.0,2.0,195000.0,2056,189.69,,,,,2025-09-26,118,1958,4680.0,91.76,"1x 2BR, 1x 3BR"
Worcester,1609,650000.0,3.0,216666.67,6056,107.33,26400.0,24.62,,,2025-09-26,9,1880,9678.82,118.18,"1x 0BR, 2x 4BR"
Boston,2136,925000.0,2.0,462500.0,5045,183.35,239976.0,3.85,239976.0,25.94,2025-09-26,70,1900,99999999.0,108.82,"1x 3BR, 1x 6BR"
Fitchburg,1420,575000.0,3.0,191666.67,2918,197.05,60000.0,9.58,60000.0,10.43,2025-09-26,55,1900,6024.0,102.68,"2x 2BR, 1x 3BR"
Lynn,1904,705000.0,2.0,352500.0,2269,310.71,20400.0,34.56,20400.0,2.89,2025-09-26,84,1900,6314.0,102.19,"1x 2BR, 1x 4BR"
Stoughton,2072,750000.0,2.0,375000.0,2322,323.0,,,,,2025-09-26,9,1920,6750.0,101.69,"1x 2BR, 1x 3BR"
Fall River,2720,500000.0,2.0,250000.0,2736,182.75,18000.0,27.78,18000.0,3.6,2025-09-26,140,1900,4799.0,98.04,2x 3BR
Taunton,2780,650000.0,2.0,325000.0,2414,269.26,13200.0,49.24,13200.0,2.03,2025-09-26,43,1870,5750.0,100.15,"1x 2BR, 1x 3BR"
Hudson,1749,561000.0,2.0,280500.0,1749,320.75,,,,,2025-09-26,26,1920,6078.0,105.87,"1x 1BR, 1x 2BR"
Malden,2148,970000.0,2.0,485000.0,2900,334.48,66600.0,14.56,61450.0,6.34,2025-09-29,33,1896,8895.0,97.1,"1x 2BR, 1x 4BR"
Worcester,1603,690000.0,3.0,230000.0,4252,162.28,,,,,2025-09-29,43,1890,8241.0,95.85,3x 3BR
Holyoke,1040,402000.0,2.0,201000.0,2718,147.9,,,,,2025-09-29,34,1920,6422.0,89.35,2x 2BR
Danvers,1923,805000.0,2.0,402500.0,2076,387.76,,,,,2025-09-29,19,1867,7844.0,103.22,"1x 2BR, 1x 3BR"
Somerville,2145,1626800.0,2.0,813400.0,3620,449.39,108000.0,15.06,108000.0,6.64,2025-09-29,54,1900,17876.0,93.01,"1x 2BR, 1x 5BR"
Somerville,2144,1295000.0,2.0,647500.0,1932,670.29,,,,,2025-09-29,43,1960,10918.0,100.0,2x 3BR
Fall River,2723,660000.0,3.0,220000.0,3510,188.03,48900.0,13.5,47400.0,7.18,2025-09-29,24,1900,5743.0,97.07,3x 3BR
Springfield,1109,325000.0,2.0,162500.0,1710,190.06,33600.0,9.67,33600.0,10.34,2025-09-29,29,1968,3653.0,95.62,2x 2BR
South Hadley,1075,330000.0,2.0,165000.0,1760,187.5,42000.0,7.86,39470.0,11.96,2025-09-29,25,1940,3853.0,97.09,"1x 2BR, 1x 3BR"
Springfield,1108,275000.0,2.0,137500.0,3457,79.55,30000.0,9.17,30000.0,10.91,2025-09-29,57,1913,3557.0,91.67,2x 4BR
Milford,1757,520000.0,2.0,260000.0,1792,290.18,57600.0,9.03,57600.0,11.08,2025-09-29,6,1920,4920.0,104.02,2x 2BR
Salisbury,1952,740000.0,2.0,370000.0,2340,316.24,,,,,2025-09-29,9,1967,4420.0,105.87,"1x 2BR, 1x 3BR"
Boston,2124,1050000.0,2.0,525000.0,2612,401.99,55800.0,18.82,55800.0,5.31,2025-09-29,17,1920,5637.0,95.45,"1x 2BR, 1x 3BR"
Hamilton,1982,900000.0,2.0,450000.0,2713,331.74,,,,,2025-09-29,54,1900,13118.0,100.01,2x 2BR
Springfield,1108,335000.0,2.0,167500.0,3156,106.15,36576.0,9.16,36576.0,10.92,2025-09-29,122,1917,4518.0,101.52,"1x 2BR, 1x 6BR"
Fitchburg,1420,515000.0,2.0,257500.0,2580,199.61,,,,,2025-09-29,21,1920,5035.0,100.0,2x 3BR
Revere,2151,850000.0,2.0,425000.0,3468,245.1,,,,,2025-09-29,59,1900,5817.0,94.97,"1x 2BR, 1x 3BR"
Taunton,2780,777000.0,3.0,259000.0,3020,257.28,54240.0,14.33,54240.0,6.98,2025-09-29,4,1900,7528.0,107.93,"1x 2BR, 2x 3BR"
Springfield,1151,430000.0,3.0,143333.33,2676,160.69,48000.0,8.96,48000.0,11.16,2025-09-29,39,1915,4163.0,103.61,"1x 2BR, 1x 4BR"
Lowell,1852,605000.0,2.0,302500.0,2106,287.27,,,,,2025-09-29,78,1910,6559.0,100.83,2x 2BR
Boston,2121,1440000.0,3.0,480000.0,3395,424.15,118944.0,12.11,118944.0,8.26,2025-09-29,28,1915,11874.0,94.43,"1x 2BR, 2x 3BR"
Waltham,2453,1160000.0,3.0,386666.67,3940,294.42,,,,,2025-09-30,23,1910,8998.0,92.8,3x 2BR
Nantucket,2564,3900000.0,2.0,1950000.0,2105,1852.73,,,,,2025-09-30,526,1880,5599.0,97.62,"1x 1BR, 1x 3BR"
Randolph,2368,500000.0,2.0,250000.0,1580,316.46,,,,,2025-09-30,4,1870,6469.0,90.91,2x 2BR
Somerville,2143,1300000.0,2.0,650000.0,2526,514.65,67440.0,19.28,67440.0,5.19,2025-09-30,23,1900,14772.0,100.0,"1x 1BR, 1x 3BR"
Haverhill,1830,600000.0,3.0,200000.0,2266,264.78,25800.0,23.26,25800.0,4.3,2025-09-30,50,1910,6838.0,100.02,"1x 1BR, 2x 2BR"
New Bedford,2740,1925000.0,7.0,275000.0,5914,325.5,,,,,2025-09-30,17,1820,9488.0,227.03,"1x 0BR, 2x 1BR, 1x 2BR"
Hudson,1749,715000.0,3.0,238333.33,2856,250.35,78600.0,9.1,78600.0,10.99,2025-09-30,46,1920,7288.0,95.35,"2x 2BR, 1x 3BR"
Wilbraham,1095,310000.0,2.0,155000.0,1821,170.24,45600.0,6.8,45600.0,14.71,2025-09-30,21,1850,4295.0,88.57,2x 1BR
New Bedford,2740,475000.0,2.0,237500.0,1930,246.11,12000.0,39.58,12000.0,2.53,2025-09-30,40,1879,4726.45,98.96,2x 2BR
New Bedford,2746,820000.0,6.0,136666.67,5856,140.03,93600.0,8.76,93600.0,11.41,2025-09-30,23,1924,7803.0,82.84,5x 2BR
Cambridge,2139,2500000.0,3.0,833333.33,3429,729.08,,,,,2025-09-30,49,1916,12145.2,90.91,3x 3BR
Quincy,2169,635000.0,2.0,317500.0,1977,321.19,,,,,2025-09-30,67,1901,7316.0,87.6,"1x 1BR, 1x 2BR"
Springfield,1108,450000.0,3.0,150000.0,3671,122.58,,,,,2025-09-30,68,1909,5273.0,101.12,3x 3BR
Methuen,1844,710000.0,2.0,355000.0,1936,366.74,,,,,2025-09-30,8,1925,6300.0,101.57,"1x 3BR, 1x 4BR"
Springfield,1108,457000.0,3.0,152333.33,3246,140.79,60000.0,7.62,60000.0,13.13,2025-09-30,25,1898,5483.0,101.56,"2x 2BR, 1x 3BR"
Milton,2186,882000.0,2.0,441000.0,2735,322.49,,,,,2025-09-30,55,1925,8899.0,98.0,2x 3BR
Webster,1570,600000.0,4.0,150000.0,6300,95.24,76200.0,7.87,76200.0,12.7,2025-09-30,43,1870,4655.0,92.31,"1x 0BR, 3x 2BR, 1x 5BR"
Worcester,1604,925000.0,4.0,231250.0,3264,283.39,81000.0,11.42,66977.0,7.24,2025-09-30,5,1988,8124.0,97.38,4x 2BR
Lowell,1854,625000.0,2.0,312500.0,2688,232.51,,,,,2025-09-30,27,1880,4509.0,104.18,"1x 2BR, 1x 4BR"
Leominster,1453,402000.0,2.0,201000.0,3980,101.01,,,,,2025-09-30,101,1785,7249.0,110.17,"1x 2BR, 1x 3BR"
North Andover,1845,931000.0,2.0,465500.0,3364,276.75,98400.0,9.46,98400.0,10.57,2025-09-30,9,1920,7986.0,100.11,"1x 3BR, 1x 4BR"
Somerville,2143,1205000.0,2.0,602500.0,3498,344.48,29400.0,40.99,29400.0,2.44,2025-09-30,25,1900,9370.0,100.42,"1x 2BR, 1x 4BR"
Whitman,2382,724000.0,2.0,362000.0,2196,329.69,,,,,2025-09-30,15,1900,7275.0,104.94,"1x 2BR, 1x 3BR"
Chicopee,1013,342572.0,2.0,171286.0,1680,203.91,15600.0,21.96,15600.0,4.55,2025-09-30,72,1890,3892.0,101.05,2x 2BR
Groveland,1834,1050000.0,2.0,525000.0,5267,199.35,,,,,2025-09-30,86,1703,15244.0,100.48,"2x 1BR, 1x 4BR"
Lowell,1854,750000.0,3.0,250000.0,3276,228.94,75600.0,9.92,66825.0,8.91,2025-09-30,30,1880,6983.0,100.01,3x 3BR
Sturbridge,1518,525000.0,2.0,262500.0,1646,318.96,,,,,2025-09-30,20,1969,6386.0,105.21,"1x 1BR, 1x 2BR"
New Bedford,2740,450000.0,2.0,225000.0,2527,178.08,41712.0,10.79,41712.0,9.27,2025-09-30,15,1885,4737.0,128.57,2x 1BR
Boston,2130,1840000.0,2.0,920000.0,3236,568.6,,,,,2025-09-30,33,1865,15930.0,96.84,"1x 3BR, 1x 4BR"
Webster,1570,431000.0,2.0,215500.0,2040,211.27,29400.0,14.66,29400.0,6.82,2025-09-30,4,1950,4848.0,111.95,2x 2BR
Brockton,2301,919900.0,4.0,229975.0,4717,195.02,33000.0,27.88,33000.0,3.59,2025-09-30,26,1915,7959.0,102.22,"2x 1BR, 2x 2BR"
Somerville,2144,1400000.0,2.0,700000.0,4083,342.89,239976.0,5.83,239976.0,17.14,2025-09-30,63,1850,18861.0,93.33,"1x 2BR, 1x 4BR"
Boston,2127,1310000.0,3.0,436666.67,1740,752.87,102000.0,12.84,102000.0,7.79,2025-09-30,35,1890,10955.0,95.27,3x 1BR
Winthrop,2152,975000.0,2.0,487500.0,3970,245.59,,,,,2025-09-30,11,1910,10983.58,108.35,"1x 2BR, 1x 3BR"
Clinton,1510,700000.0,3.0,233333.33,3005,232.95,58800.0,11.9,58800.0,8.4,2025-09-30,4,1914,5986.0,101.45,"1x 2BR, 2x 3BR"
Auburn,1501,825000.0,2.0,412500.0,3052,270.31,,,,,2025-09-30,40,1964,5659.0,100.61,"1x 2BR, 1x 3BR"
Northbridge,1588,605000.0,2.0,302500.0,2592,233.41,28800.0,21.01,28800.0,4.76,2025-09-30,21,1900,4924.0,100.92,2x 3BR
Southbridge,1550,490000.0,3.0,163333.33,2352,208.33,57600.0,8.51,45100.0,9.2,2025-09-30,30,1910,5141.0,100.0,3x 3BR
Barnstable,2632,775000.0,2.0,387500.0,1192,650.17,19200.0,40.36,19200.0,2.48,2025-09-30,72,1850,4943.24,97.48,"1x 1BR, 1x 2BR"
Plymouth,2360,790000.0,3.0,263333.33,2808,281.34,,,,,2025-09-30,66,1900,6585.0,100.01,3x 3BR
New Bedford,2740,660000.0,3.0,220000.0,3201,206.19,,,,,2025-09-30,45,1910,5714.0,103.16,3x 3BR
Boston,2116,2827500.0,4.0,706875.0,3925,720.38,,,,,2025-09-30,141,1910,15331.0,88.36,"2x 1BR, 2x 2BR"
Newburyport,1950,915000.0,2.0,457500.0,3564,256.73,42977.0,21.29,66600.0,7.28,2025-09-30,172,1850,8846.0,93.85,"1x 2BR, 1x 4BR"
Leominster,1453,800000.0,3.0,266666.67,5021,159.33,56400.0,14.18,56400.0,7.05,2025-09-30,56,1920,8658.0,97.56,"2x 3BR, 1x 4BR"
Somerville,2143,1050000.0,2.0,525000.0,2167,484.54,,,,,2025-09-30,14,1900,8956.0,100.0,"1x 1BR, 1x 4BR"
Fitchburg,1420,480000.0,3.0,160000.0,2308,207.97,,,,,2025-09-30,73,1900,4783.0,96.02,"1x 1BR, 2x 2BR"
Malden,2148,950000.0,2.0,475000.0,2780,341.73,,,,,2025-09-30,19,1920,9435.0,102.15,"1x 2BR, 1x 3BR"
Medford,2155,1265000.0,2.0,632500.0,2812,449.86,18000.0,70.28,18000.0,1.42,2025-09-30,6,1920,8688.0,110.1,2x 3BR
Revere,2151,750000.0,2.0,375000.0,1940,386.6,,,,,2025-09-30,10,1900,5728.0,105.78,"1x 2BR, 1x 3BR"
Revere,2151,850000.0,2.0,425000.0,1840,461.96,,,,,2025-09-30,8,1900,6461.0,100.01,2x 2BR
Boston,2121,1200000.0,3.0,400000.0,4104,292.4,,,,,2025-09-30,84,1905,13714.0,94.19,3x 4BR
New Bedford,2740,1925000.0,8.0,240625.0,7015,274.41,4.0,481250.0,,,2025-09-30,17,1834,12241.0,203.08,"3x 1BR, 1x 2BR"
Haverhill,1832,700000.0,2.0,350000.0,2510,278.88,,,,,2025-09-30,21,1917,5458.0,100.01,2x 2BR
Boston,2124,975000.0,2.0,487500.0,3190,305.64,,,,,2025-09-30,19,1925,8987.0,111.43,"1x 3BR, 1x 4BR"
Winthrop,2152,1270000.0,3.0,423333.33,2775,457.66,24000.0,52.92,24000.0,1.89,2025-09-30,6,1900,8956.0,101.68,3x 3BR
Worcester,1602,710000.0,3.0,236666.67,2958,240.03,66600.0,10.66,50631.0,7.13,2025-09-30,10,1930,7469.0,102.16,"2x 1BR, 1x 2BR"
Middleboro,2346,663000.0,2.0,331500.0,2200,301.36,57600.0,11.51,57600.0,8.69,2025-09-30,43,1900,6480.0,102.16,2x 2BR
Orange,1364,150000.0,2.0,75000.0,1858,80.73,,,,,2025-09-30,63,1880,3119.0,65.22,"1x 1BR, 1x 2BR"
Malden,2148,860000.0,2.0,430000.0,2518,341.54,,,,,2025-09-30,9,1896,7918.0,107.51,"1x 1BR, 1x 4BR"
Lowell,1852,630000.0,2.0,315000.0,2802,224.84,52800.0,11.93,52800.0,8.38,2025-09-30,7,1910,6616.0,96.94,"1x 2BR, 1x 4BR"
Winthrop,2152,860000.0,2.0,430000.0,2308,372.62,,,,,2025-09-30,20,1900,5878.0,101.19,"1x 1BR, 1x 4BR"
Quincy,2169,975000.0,5.0,195000.0,3540,275.42,118200.0,8.25,81813.0,8.39,2025-10-01,3,1830,11233.0,102.74,"4x 1BR, 1x 2BR"
Northampton,1060,600000.0,2.0,300000.0,2036,294.7,21600.0,27.78,21600.0,3.6,2025-10-01,26,1910,6200.0,95.39,2x 2BR
Fall River,2720,1085000.0,6.0,180833.33,6262,173.27,,,,,2025-10-01,14,1900,11635.0,83.53,5x 3BR
Springfield,1109,364900.0,2.0,182450.0,2229,163.71,33900.0,10.76,33900.0,9.29,2025-10-01,24,1897,3040.0,100.0,"1x 1BR, 1x 3BR"
Fitchburg,1420,555000.0,3.0,185000.0,4584,121.07,54600.0,10.16,54600.0,9.84,2025-10-01,15,1910,6242.0,106.73,3x 4BR
Medford,2155,850000.0,2.0,425000.0,2876,295.55,,,,,2025-10-01,27,1910,8048.0,89.47,2x 4BR
Whitman,2382,630000.0,2.0,315000.0,1442,436.89,46800.0,13.46,46800.0,7.43,2025-10-01,19,1900,6252.0,103.28,2x 2BR
East Bridgewater,2333,859900.0,2.0,429950.0,2642,325.47,,,,,2025-10-01,17,1880,5590.0,101.18,2x 0BR
Worcester,1604,615000.0,2.0,307500.0,2448,251.23,43200.0,14.24,43200.0,7.02,2025-10-01,24,1968,6640.0,97.63,2x 2BR
Lowell,1852,775000.0,2.0,387500.0,4420,175.34,,,,,2025-10-01,11,1987,7810.0,98.11,2x 2BR
Cambridge,2138,2620000.0,3.0,873333.33,4244,617.34,24000.0,109.17,24000.0,0.92,2025-10-01,27,1916,17820.82,105.22,"2x 2BR, 1x 3BR"
Winchendon,1475,549900.0,3.0,183300.0,3744,146.88,24000.0,22.91,36000.0,6.55,2025-10-01,132,1859,5768.0,100.0,"2x 1BR, 1x 3BR"
Medford,2155,1000500.0,2.0,500250.0,3447,290.25,,,,,2025-10-01,21,1900,9026.0,101.07,"1x 1BR, 1x 6BR"
Medford,2155,1150000.0,2.0,575000.0,2208,520.83,,,,,2025-10-01,11,1920,6815.0,97.54,"1x 2BR, 1x 3BR"
Lunenburg,1462,640000.0,2.0,320000.0,4500,142.22,32400.0,19.75,32400.0,5.06,2025-10-01,39,1976,8351.0,106.68,"1x 1BR, 1x 5BR"
Cambridge,2138,18200000.0,33.0,551515.15,30505,596.62,239976.0,75.84,239976.0,1.32,2025-10-01,93,1930,9.0,88.89,2x 9BR
Watertown,2472,1200000.0,3.0,400000.0,2818,425.83,78468.0,15.29,78468.0,6.54,2025-10-01,34,1880,12326.0,97.09,"1x 0BR, 1x 2BR, 1x 3BR"
Boston,2127,2023700.0,3.0,674566.67,4442,455.58,54000.0,37.48,54000.0,2.67,2025-10-01,52,1885,18304.0,91.99,3x 3BR
Worcester,1602,645000.0,3.0,215000.0,3243,198.89,31200.0,20.67,31200.0,4.84,2025-10-01,8,1929,6818.0,95.56,"1x 1BR, 2x 2BR"
Melrose,2176,1150000.0,2.0,575000.0,3318,346.59,,,,,2025-10-01,20,1910,9898.0,104.64,"1x 2BR, 1x 4BR"
North Attleboro,2760,760000.0,3.0,253333.33,3344,227.27,,,,,2025-10-01,27,1900,6704.0,101.35,3x 2BR
Worcester,1604,1030000.0,4.0,257500.0,4825,213.47,100188.0,10.28,100188.0,9.73,2025-10-01,114,1920,8821.0,95.81,"1x 1BR, 3x 3BR"
Belmont,2478,1466500.0,3.0,488833.33,3683,398.18,78600.0,18.66,78600.0,5.36,2025-10-01,17,1915,17962.0,97.83,"2x 2BR, 1x 3BR"
Springfield,1109,365000.0,2.0,182500.0,2772,131.67,6000.0,60.83,6000.0,1.64,2025-10-02,21,1928,4503.0,102.82,2x 2BR
New Bedford,2744,1800000.0,12.0,150000.0,11142,161.55,26700.0,67.42,26700.0,1.48,2025-10-02,18,1925,6988.0,104.35,2x 2BR
Haverhill,1830,2030000.0,9.0,225555.56,8796,230.79,200040.0,10.15,112320.0,5.53,2025-10-02,19,1910,20091.0,99.02,"1x 1BR, 4x 2BR"
Abington,2351,510000.0,2.0,255000.0,1976,258.1,,,,,2025-10-02,11,1890,7521.0,113.33,"1x 1BR, 1x 2BR"
Arlington,2476,1315000.0,2.0,657500.0,3344,393.24,,,,,2025-10-02,64,1926,12230.0,97.48,"1x 2BR, 1x 4BR"
Natick,1760,980000.0,3.0,326666.67,2668,367.32,75300.0,13.01,68452.0,6.98,2025-10-02,45,1850,8996.0,85.22,"1x 1BR, 2x 2BR"
Boston,2128,970000.0,3.0,323333.33,2268,427.69,,,,,2025-10-02,16,1915,8230.0,97.01,3x 1BR
Worcester,1604,565000.0,2.0,282500.0,2459,229.77,57600.0,9.81,57600.0,10.19,2025-10-02,20,1905,6042.0,100.91,2x 3BR
Revere,2151,850000.0,2.0,425000.0,1600,531.25,37200.0,22.85,37200.0,4.38,2025-10-02,17,1910,5180.0,110.4,2x 2BR
Gill,1354,390000.0,3.0,130000.0,2822,138.2,45000.0,8.67,45000.0,11.54,2025-10-02,33,1932,4599.0,91.76,"1x 1BR, 2x 3BR"
Westfield,1085,322000.0,2.0,161000.0,1868,172.38,28800.0,11.18,28800.0,8.94,2025-10-02,20,1900,3658.0,97.61,2x 2BR
Boston,2127,1710000.0,3.0,570000.0,2256,757.98,131400.0,13.01,131400.0,7.68,2025-10-02,71,1905,13798.0,95.05,3x 2BR
Amesbury,1913,610000.0,2.0,305000.0,2512,242.83,18000.0,33.89,18000.0,2.95,2025-10-03,9,1795,7612.0,101.84,"1x 2BR, 1x 4BR"
Westborough,1581,1700000.0,15.0,113333.33,4449,382.11,231420.0,7.35,147222.0,8.66,2025-10-03,37,1900,15907.0,94.44,2x 1BR
Cambridge,2139,2180000.0,3.0,726666.67,3105,702.09,97200.0,22.43,97200.0,4.46,2025-10-03,23,1916,11472.0,95.82,3x 2BR
Boston,2119,1100000.0,2.0,550000.0,3200,343.75,,,,,2025-10-03,91,1905,6714.0,100.0,2x 3BR
Lowell,1854,640000.0,2.0,320000.0,1713,373.61,,,,,2025-10-03,35,1910,4684.0,102.42,2x 2BR
Everett,2149,730000.0,2.0,365000.0,2808,259.97,,,,,2025-10-03,6,1910,8725.0,104.29,2x 2BR
Worcester,1605,1000000.0,6.0,166666.67,6396,156.35,83400.0,11.99,83400.0,8.34,2025-10-03,28,1940,9641.0,80.0,5x 2BR
Cambridge,2141,1406000.0,3.0,468666.67,2946,477.26,,,,,2025-10-03,4,1873,7283.0,93.8,"1x 1BR, 2x 2BR"
Springfield,1104,415000.0,2.0,207500.0,2808,147.79,16800.0,24.7,16800.0,4.05,2025-10-03,5,1932,5181.0,109.24,2x 3BR
Worcester,1605,1000000.0,6.0,166666.67,5589,178.92,88000.0,11.36,88000.0,8.8,2025-10-03,28,1962,9511.0,83.33,5x 2BR
Worcester,1603,649000.0,3.0,216333.33,4690,138.38,16800.0,38.63,16800.0,2.59,2025-10-03,25,1920,7056.65,100.0,"1x 0BR, 2x 3BR"
Springfield,1104,436000.0,2.0,218000.0,2280,191.23,,,,,2025-10-03,3,1924,5209.0,114.77,"1x 3BR, 1x 4BR"
Lawrence,1841,990000.0,3.0,330000.0,4035,245.35,,,,,2025-10-03,23,1920,4531.0,103.23,3x 3BR
Worcester,1606,595000.0,2.0,297500.0,1728,344.33,19800.0,30.05,19800.0,3.33,2025-10-03,22,1941,5544.0,102.76,2x 2BR
Franklin,2038,850000.0,4.0,212500.0,2599,327.05,84600.0,10.05,80121.0,9.43,2025-10-03,10,1900,8844.0,101.2,"2x 1BR, 2x 2BR"
Fitchburg,1420,729900.0,4.0,182475.0,4452,163.95,,,,,2025-10-03,21,1986,8910.0,100.0,4x 2BR
Fall River,2723,680000.0,4.0,170000.0,4902,138.72,,,,,2025-10-03,20,1900,6784.0,98.57,"1x 1BR, 1x 2BR, 2x 3BR"
Malden,2148,925000.0,2.0,462500.0,1997,463.19,20400.0,45.34,20400.0,2.21,2025-10-03,20,1880,8036.0,103.93,"1x 2BR, 1x 4BR"
Norwood,2062,825000.0,2.0,412500.0,2022,408.01,,,,,2025-10-03,33,1907,6595.0,103.14,"1x 2BR, 1x 3BR"
Boston,2122,1377000.0,3.0,459000.0,3600,382.5,96000.0,14.34,96000.0,6.97,2025-10-03,19,2020,6510.27,91.8,"1x 0BR, 2x 2BR"
Whitman,2382,550000.0,2.0,275000.0,2409,228.31,,,,,2025-10-03,20,1800,5966.0,100.0,"1x 2BR, 1x 3BR"
Quincy,2169,830000.0,2.0,415000.0,2046,405.67,24000.0,34.58,24000.0,2.89,2025-10-03,71,1900,8253.0,97.65,"1x 1BR, 1x 2BR"
Malden,2148,950000.0,2.0,475000.0,3067,309.75,81600.0,11.64,67765.0,7.13,2025-10-03,25,1910,4971.24,105.79,"1x 1BR, 2x 2BR"
Haverhill,1830,1095000.0,4.0,273750.0,5445,201.1,22200.0,49.32,22200.0,2.03,2025-10-03,64,1910,10396.0,99.64,"2x 2BR, 2x 3BR"
Boston,2124,1589000.0,3.0,529666.67,3420,464.62,132000.0,12.04,132000.0,8.31,2025-10-03,52,2024,8503.0,96.3,"1x 3BR, 2x 4BR"
Northampton,1062,696200.0,4.0,174050.0,2152,323.51,86535.0,8.05,61274.0,8.8,2025-10-03,109,1900,6569.0,96.03,"3x 1BR, 1x 2BR"
Boston,2130,1270000.0,3.0,423333.33,3663,346.71,72000.0,17.64,72000.0,5.67,2025-10-06,14,1921,14381.0,84.67,3x 3BR
Cambridge,2138,1800000.0,2.0,900000.0,2178,826.45,,,,,2025-10-06,59,1905,15272.0,105.88,2x 2BR
Braintree,2184,1000000.0,2.0,500000.0,3194,313.09,,,,,2025-10-06,33,1928,8787.0,102.15,"1x 2BR, 1x 5BR"
Boston,2134,2274600.0,3.0,758200.0,4629,491.38,163200.0,13.94,155400.0,6.83,2025-10-06,89,1920,24262.0,96.83,3x 4BR
Springfield,1109,430000.0,2.0,215000.0,2973,144.64,,,,,2025-10-06,0,1908,4633.0,102.38,"1x 3BR, 1x 6BR"
Boston,2121,1260000.0,3.0,420000.0,3757,335.37,,,,,2025-10-06,3,1910,9058.0,99.21,"1x 2BR, 1x 3BR, 1x 4BR"
Chicopee,1013,435000.0,4.0,108750.0,3604,120.7,,,,,2025-10-06,13,1902,0.0,87.79,"1x 0BR, 3x 2BR"
Malden,2148,902500.0,2.0,451250.0,2600,347.12,,,,,2025-10-06,28,1915,8328.0,100.29,2x 2BR
Somerville,2144,1500000.0,2.0,750000.0,3331,450.32,,,,,2025-10-06,22,1900,14535.0,94.4,2x 3BR
Boston,2126,1525000.0,6.0,254166.67,7095,214.94,78348.0,19.46,72198.0,4.73,2025-10-06,26,1910,9460.0,101.67,"2x 2BR, 3x 3BR"
New Bedford,2746,762500.0,3.0,254166.67,4608,165.47,111600.0,6.83,111600.0,14.64,2025-10-06,6,1908,6353.0,101.67,3x 5BR
Barre,1005,405000.0,2.0,202500.0,2508,161.48,,,,,2025-10-06,6,1929,3267.0,101.28,"1x 1BR, 1x 3BR"
Haverhill,1830,750000.0,2.0,375000.0,3444,217.77,,,,,2025-10-06,23,1850,6400.0,108.71,"1x 3BR, 1x 4BR"
Springfield,1108,1120000.0,8.0,140000.0,10580,105.86,172800.0,6.48,43200.0,3.86,2025-10-06,25,1896,12386.0,102.75,2x 3BR
Somerville,2143,950000.0,2.0,475000.0,2854,332.87,,,,,2025-10-06,10,1900,11359.0,86.36,"1x 2BR, 1x 3BR"
Belmont,2478,1600000.0,2.0,800000.0,3260,490.8,,,,,2025-10-06,21,1940,19944.0,112.28,"1x 2BR, 1x 4BR"
Taunton,2780,765000.0,2.0,382500.0,2712,282.08,13200.0,57.95,13200.0,1.73,2025-10-06,20,1860,6063.0,109.3,"1x 2BR, 1x 3BR"
Haverhill,1830,632000.0,2.0,316000.0,2118,298.39,,,,,2025-10-06,21,1900,5239.0,105.35,2x 2BR
Framingham,1702,739000.0,2.0,369500.0,2780,265.83,14400.0,51.32,14400.0,1.95,2025-10-07,47,1847,8726.0,98.66,"1x 1BR, 1x 2BR"
Methuen,1844,850000.0,2.0,425000.0,2578,329.71,28800.0,29.51,28800.0,3.39,2025-10-07,41,1923,7208.0,106.26,2x 3BR
Quincy,2169,893800.0,3.0,297933.33,2506,356.66,,,,,2025-10-07,30,1930,8971.0,99.42,"1x 1BR, 1x 2BR, 1x 3BR"
Worcester,1604,870000.0,4.0,217500.0,5599,155.38,70200.0,12.39,70200.0,8.07,2025-10-07,14,1900,12284.1,100.12,"1x 2BR, 3x 3BR"
Medway,2053,734500.0,2.0,367250.0,2550,288.04,72000.0,10.2,72000.0,9.8,2025-10-07,42,1860,9560.0,94.29,"1x 2BR, 1x 4BR"
Boston,2122,1100000.0,3.0,366666.67,3082,356.91,46800.0,23.5,46800.0,4.25,2025-10-07,11,1880,9433.0,100.0,"1x 1BR, 1x 2BR, 1x 4BR"
Springfield,1108,443000.0,3.0,147666.67,3996,110.86,58800.0,7.53,58800.0,13.27,2025-10-07,135,1906,5629.0,100.7,3x 3BR
Worcester,1604,600000.0,3.0,200000.0,3333,180.02,50400.0,11.9,50400.0,8.4,2025-10-07,23,1900,8322.0,82.76,3x 3BR
Gardner,1440,705000.0,6.0,117500.0,4338,162.52,95700.0,7.37,54907.0,7.79,2025-10-07,22,1900,6682.0,102.32,5x 1BR
Walpole,2081,695000.0,2.0,347500.0,1960,354.59,43200.0,16.09,39600.0,5.7,2025-10-07,40,1900,7848.0,92.93,2x 2BR
Randolph,2368,900000.0,2.0,450000.0,2969,303.13,,,,,2025-10-07,64,1967,8344.0,100.01,"1x 2BR, 1x 3BR"
Springfield,1108,259000.0,2.0,129500.0,3515,73.68,,,,,2025-10-07,31,1900,3621.0,92.53,2x 3BR
North Andover,1845,600000.0,2.0,300000.0,2195,273.35,,,,,2025-10-07,18,1861,7089.0,92.31,"1x 2BR, 1x 3BR"
Fall River,2720,450000.0,2.0,225000.0,5036,89.36,,,,,2025-10-07,32,1893,8306.0,100.0,"1x 2BR, 1x 5BR"
Springfield,1109,320000.0,2.0,160000.0,2897,110.46,,,,,2025-10-07,22,1916,4042.0,100.03,"1x 2BR, 1x 5BR"
Boston,2127,1175000.0,3.0,391666.67,3053,384.87,,,,,2025-10-07,69,1880,18112.0,83.93,"2x 1BR, 1x 3BR"
Fitchburg,1420,550000.0,2.0,275000.0,2738,200.88,24.0,22916.67,24.0,0.0,2025-10-08,3,1900,6315.93,103.97,2x 2BR
Quincy,2169,920000.0,3.0,306666.67,2419,380.32,75120.0,12.25,75120.0,8.17,2025-10-08,14,1920,9412.0,99.14,3x 2BR
Worcester,1602,567825.0,2.0,283912.5,2696,210.62,13200.0,43.02,13200.0,2.32,2025-10-08,64,1943,6184.79,99.64,"1x 1BR, 1x 3BR"
Brockton,2301,765000.0,3.0,255000.0,3115,245.59,359964.0,2.13,359964.0,47.05,2025-10-08,91,1898,8049.0,98.08,"2x 2BR, 1x 3BR"
Boston,2127,1000000.0,3.0,333333.33,4427,225.89,,,,,2025-10-08,56,2026,0.0,95.33,3x 2BR
Springfield,1108,445000.0,3.0,148333.33,3950,112.66,19800.0,22.47,19800.0,4.45,2025-10-08,105,1903,4866.0,100.0,"1x 2BR, 2x 3BR"
Watertown,2472,1130000.0,3.0,376666.67,4000,282.5,,,,,2025-10-08,65,1880,11844.0,91.88,"1x 1BR, 1x 3BR, 1x 4BR"
Malden,2148,1125000.0,2.0,562500.0,3875,290.32,,,,,2025-10-08,23,1935,10999.64,103.31,2x 2BR
Springfield,1151,365000.0,2.0,182500.0,1865,195.71,16800.0,21.73,16800.0,4.6,2025-10-08,41,1915,4166.0,104.58,"1x 2BR, 1x 3BR"
Webster,1570,350000.0,2.0,175000.0,2592,135.03,,,,,2025-10-08,24,1910,4689.0,125.0,2x 3BR
Franklin,2038,2020000.0,11.0,183636.36,6248,323.3,199624.0,10.12,147413.0,7.3,2025-10-08,22,1860,14535.0,101.0,"1x 0BR, 1x 1BR, 1x 2BR"
Haverhill,1832,840000.0,2.0,420000.0,2468,340.36,25800.0,32.56,25800.0,3.07,2025-10-08,17,1900,5878.0,105.01,2x 3BR
Fall River,2720,920000.0,6.0,153333.33,3987,230.75,47100.0,19.53,47100.0,5.12,2025-10-08,38,1924,6612.0,96.84,"2x 1BR, 3x 2BR"
Taunton,2780,804000.0,2.0,402000.0,2791,288.07,,,,,2025-10-08,327,1900,5770.0,100.63,2x 3BR
Lowell,1852,700000.0,2.0,350000.0,2516,278.22,58200.0,12.03,58200.0,8.31,2025-10-08,32,1910,6439.0,110.24,"1x 1BR, 1x 3BR"
Boston,2114,9000000.0,10.0,900000.0,6826,1318.49,539400.0,16.69,436161.0,4.85,2025-10-08,67,1899,75598.0,91.37,"2x 1BR, 3x 2BR"
Boston,2122,905000.0,2.0,452500.0,2288,395.54,,,,,2025-10-08,6,1905,8015.0,103.43,2x 2BR
Webster,1570,585000.0,3.0,195000.0,4428,132.11,74400.0,7.86,74400.0,12.72,2025-10-09,1,1900,4707.0,112.52,3x 4BR
Whitman,2382,680000.0,2.0,340000.0,2208,307.97,,,,,2025-10-09,12,1880,7157.0,113.33,2x 2BR
Revere,2151,920000.0,2.0,460000.0,2154,427.11,59400.0,15.49,60600.0,6.59,2025-10-09,86,1900,7209.0,100.55,"1x 2BR, 1x 3BR"
Boston,2136,2065000.0,5.0,413000.0,5000,413.0,175548.0,11.76,144948.0,7.02,2025-10-09,25,1910,12759.0,94.34,"1x 2BR, 4x 3BR"
Springfield,1108,472500.0,2.0,236250.0,2284,206.87,,,,,2025-10-09,33,1924,5195.0,102.72,2x 3BR
Orange,1364,325000.0,2.0,162500.0,1490,218.12,9600.0,33.85,9600.0,2.95,2025-10-09,7,2006,3756.0,101.56,"1x 2BR, 1x 3BR"
Billerica,1821,850000.0,2.0,425000.0,3149,269.93,,,,,2025-10-09,8,1959,9063.0,101.2,"1x 1BR, 1x 3BR"
Worcester,1606,1350000.0,6.0,225000.0,7600,177.63,71400.0,18.91,71400.0,5.29,2025-10-09,48,1908,15000.0,97.83,3x 3BR
Boston,2127,1556000.0,3.0,518666.67,2841,547.69,,,,,2025-10-09,15,1900,16467.0,97.55,"2x 1BR, 1x 3BR"
Boston,2127,1600000.0,3.0,533333.33,2808,569.8,51000.0,31.37,29319.0,1.83,2025-10-09,116,1910,16070.0,94.17,"2x 2BR, 1x 3BR"
Methuen,1844,618000.0,2.0,309000.0,2701,228.8,,,,,2025-10-09,5,1930,6964.0,103.02,"1x 2BR, 1x 3BR"
Springfield,1108,455000.0,2.0,227500.0,3465,131.31,,,,,2025-10-09,20,1905,4532.0,103.41,"1x 2BR, 1x 5BR"
Haverhill,1830,750000.0,2.0,375000.0,1980,378.79,,,,,2025-10-09,8,1930,5726.0,104.18,2x 2BR
Westford,1886,970000.0,2.0,485000.0,2880,336.81,25620.0,37.86,25620.0,2.64,2025-10-09,40,1880,12053.0,97.01,"1x 2BR, 1x 4BR"
Webster,1570,500000.0,2.0,250000.0,2228,224.42,,,,,2025-10-09,19,1920,2778.0,100.2,2x 3BR
Boston,2135,1075000.0,2.0,537500.0,2316,464.16,,,,,2025-10-09,62,1890,12431.0,93.48,2x 2BR
Chicopee,1013,293800.0,2.0,146900.0,1782,164.87,,,,,2025-10-10,6,1920,3740.0,104.97,"1x 1BR, 1x 2BR"
Watertown,2472,1200000.0,2.0,600000.0,2784,431.03,58200.0,20.62,58200.0,4.85,2025-10-10,41,1940,11511.0,96.0,2x 3BR
Worcester,1606,490000.0,2.0,245000.0,1860,263.44,36000.0,13.61,36000.0,7.35,2025-10-10,39,1905,4919.0,98.0,2x 2BR
Worcester,1610,725000.0,3.0,241666.67,2727,265.86,16800.0,43.15,16800.0,2.32,2025-10-10,30,1890,6848.0,100.0,"1x 2BR, 2x 3BR"
Spencer,1562,535000.0,2.0,267500.0,2607,205.22,24600.0,21.75,24600.0,4.6,2025-10-10,100,1750,5049.0,100.0,"1x 2BR, 1x 3BR"
Quincy,2170,825000.0,2.0,412500.0,2013,409.84,,,,,2025-10-10,7,1920,8044.0,103.13,"1x 2BR, 1x 4BR"
Uxbridge,1569,575000.0,2.0,287500.0,2100,273.81,22500.0,25.56,22500.0,3.91,2025-10-10,28,1860,4894.0,100.0,"1x 2BR, 1x 4BR"
Boston,2113,3000000.0,4.0,750000.0,3700,810.81,223200.0,13.44,223200.0,7.44,2025-10-10,157,1900,1570758.0,96.0,4x 3BR
Chelsea,2150,700000.0,2.0,350000.0,3088,226.68,25200.0,27.78,25200.0,3.6,2025-10-10,24,1900,8963.0,116.69,"1x 2BR, 1x 3BR"
Boston,2136,577500.0,2.0,288750.0,2184,264.42,,,,,2025-10-10,1,1935,6875.0,110.0,2x 2BR
Belmont,2478,1605000.0,2.0,802500.0,3137,511.64,,,,,2025-10-10,13,1911,15080.0,107.14,2x 3BR
Essex,1929,1155000.0,2.0,577500.0,1961,588.99,,,,,2025-10-10,26,1982,11600.0,89.19,2x 2BR
Taunton,2780,691000.0,2.0,345500.0,2277,303.47,24000.0,28.79,24000.0,3.47,2025-10-10,22,1920,5733.0,102.39,"1x 2BR, 1x 3BR"
New Bedford,2746,550000.0,2.0,275000.0,3233,170.12,16800.0,32.74,16800.0,3.05,2025-10-10,52,1922,5255.0,94.99,"1x 2BR, 1x 4BR"
Gloucester,1930,685000.0,2.0,342500.0,2876,238.18,,,,,2025-10-10,36,1850,7416.99,85.73,"1x 1BR, 1x 4BR"
Lynn,1902,800000.0,2.0,400000.0,2388,335.01,50400.0,15.87,50400.0,6.3,2025-10-10,68,1880,7968.0,100.01,3x 2BR
Gardner,1440,449900.0,3.0,149966.67,1870,240.59,12000.0,37.49,12000.0,2.67,2025-10-10,8,1920,4903.0,100.0,3x 2BR
Weymouth,2190,850000.0,2.0,425000.0,2596,327.43,,,,,2025-10-10,78,1913,7274.0,96.6,"1x 1BR, 1x 3BR"
Boston,2134,1200000.0,2.0,600000.0,2217,541.27,86400.0,13.89,86400.0,7.2,2025-10-10,44,1900,12425.0,100.0,"1x 2BR, 1x 5BR"
Winchendon,1475,560000.0,5.0,112000.0,4416,126.81,66600.0,8.41,58620.0,10.47,2025-10-10,13,1900,3337.0,95.73,"1x 1BR, 4x 2BR"
Haverhill,1832,955000.0,4.0,238750.0,5054,188.96,67800.0,14.09,67800.0,7.1,2025-10-10,28,1920,8779.0,106.12,"2x 2BR, 2x 5BR"
West Springfield,1089,450000.0,2.0,225000.0,3019,149.06,18600.0,24.19,18600.0,4.13,2025-10-10,40,1900,4684.0,100.02,"1x 2BR, 1x 5BR"
Gill,1354,495000.0,3.0,165000.0,4058,121.98,51000.0,9.71,51000.0,10.3,2025-10-10,26,1894,7219.0,94.29,"2x 2BR, 1x 3BR"
West Springfield,1089,594000.0,3.0,198000.0,4083,145.48,36000.0,16.5,36000.0,6.06,2025-10-10,36,1912,5599.0,99.17,3x 3BR
Boston,2129,1500000.0,2.0,750000.0,2711,553.3,,,,,2025-10-10,15,1890,16667.0,103.45,"1x 2BR, 1x 3BR"
Holyoke,1040,210000.0,2.0,105000.0,2388,87.94,,,,,2025-10-10,40,1907,3696.0,120.07,2x 2BR
Needham,2492,922000.0,2.0,461000.0,2200,419.09,52800.0,17.46,50450.0,5.47,2025-10-10,8,1890,8509.0,102.46,"1x 2BR, 1x 3BR"
Abington,2351,1040000.0,2.0,520000.0,2800,371.43,,,,,2025-10-10,21,2025,8444.81,99.14,2x 2BR
Springfield,1129,430000.0,2.0,215000.0,2160,199.07,,,,,2025-10-10,6,1993,5534.0,97.73,"2x 0BR, 2x 3BR"
Waltham,2453,1795000.0,6.0,299166.67,4428,405.37,165600.0,10.84,134683.0,7.5,2025-10-10,42,1910,12804.0,94.47,"1x 1BR, 1x 2BR"
Worcester,1604,635000.0,2.0,317500.0,1981,320.55,18000.0,35.28,18000.0,2.83,2025-10-10,28,1925,6166.0,110.43,"1x 2BR, 1x 3BR"
Framingham,1702,632500.0,4.0,158125.0,1942,325.7,66300.0,9.54,59603.0,9.42,2025-10-10,47,1860,9687.0,86.66,4x 1BR
Watertown,2472,1515000.0,3.0,505000.0,5839,259.46,65400.0,23.17,65400.0,4.32,2025-10-10,123,1940,15743.0,101.34,"2x 2BR, 1x 3BR"
Springfield,1108,355000.0,2.0,177500.0,3181,111.6,15600.0,22.76,15600.0,4.39,2025-10-10,41,1898,4339.0,98.64,"1x 2BR, 1x 5BR"
New Bedford,2740,720000.0,5.0,144000.0,4970,144.87,,,,,2025-10-10,24,1915,7018.99,105.9,"4x 2BR, 1x 3BR"
Arlington,2474,1340000.0,2.0,670000.0,2980,449.66,,,,,2025-10-10,6,1925,11587.0,111.76,"1x 2BR, 1x 5BR"
Fitchburg,1420,525000.0,3.0,175000.0,2160,243.06,35400.0,14.83,35400.0,6.74,2025-10-14,27,1920,5100.0,101.96,3x 2BR
Lawrence,1841,710000.0,2.0,355000.0,2236,317.53,,,,,2025-10-14,22,1910,5475.0,102.16,2x 2BR
Boston,2134,1600000.0,2.0,800000.0,4062,393.89,45600.0,35.09,45600.0,2.85,2025-10-14,35,1900,18534.0,95.52,2x 5BR
Oxford,1537,525000.0,3.0,175000.0,3036,172.92,53400.0,9.83,50990.0,9.71,2025-10-14,6,1850,5300.0,100.0,"2x 2BR, 1x 3BR"
Lowell,1850,1190000.0,3.0,396666.67,6050,196.69,,,,,2025-10-14,16,1900,12290.0,99.58,"1x 2BR, 2x 4BR"
Brockton,2301,738000.0,2.0,369000.0,2473,298.42,,,,,2025-10-14,14,1870,8399.0,98.43,"1x 2BR, 1x 3BR"
Worcester,1607,690000.0,2.0,345000.0,2363,292.0,,,,,2025-10-14,13,1920,6020.0,110.4,2x 3BR
Newton,2461,1200000.0,2.0,600000.0,2980,402.68,69000.0,17.39,69000.0,5.75,2025-10-14,10,1920,9879.0,89.02,"1x 1BR, 2x 3BR"
Melrose,2176,1130000.0,2.0,565000.0,2390,472.8,28500.0,39.65,28500.0,2.52,2025-10-14,8,1929,9423.0,103.67,"1x 2BR, 1x 3BR"
Boston,2125,2100000.0,3.0,700000.0,3705,566.8,193500.0,10.85,146788.0,6.99,2025-10-15,90,2019,21417.0,91.3,3x 5BR
Lowell,1850,429900.0,2.0,214950.0,1933,222.4,,,,,2025-10-15,68,1900,5151.0,97.73,2x 2BR
East Brookfield,1515,540000.0,2.0,270000.0,1920,281.25,27300.0,19.78,24700.0,4.57,2025-10-15,62,1990,3964.0,98.2,2x 2BR
Medford,2155,985000.0,2.0,492500.0,3312,297.4,,,,,2025-10-15,76,1910,9264.0,89.55,"1x 3BR, 1x 4BR"
Ware,1082,250000.0,2.0,125000.0,2450,102.04,11400.0,21.93,11400.0,4.56,2025-10-15,35,1875,1011.0,96.34,2x 2BR
Springfield,1109,349000.0,2.0,174500.0,1710,204.09,16800.0,20.77,16800.0,4.81,2025-10-15,101,1968,4339.0,94.58,2x 2BR
Amesbury,1913,560000.0,2.0,280000.0,2350,238.3,,,,,2025-10-15,61,1850,7904.0,103.9,"1x 2BR, 1x 3BR"
Salisbury,1952,2500000.0,2.0,1250000.0,4146,602.99,40000.0,62.5,39600.0,1.58,2025-10-15,4,2016,14489.0,100.0,"1x 3BR, 1x 4BR"
Boston,2122,1410000.0,3.0,470000.0,3558,396.29,90600.0,15.56,90600.0,6.43,2025-10-15,21,1925,12296.0,97.24,3x 3BR
Revere,2151,2450000.0,1.0,2450000.0,6117,400.52,,,,,2025-10-15,17,1900,16628.0,94.23,2x 1BR
Lowell,1854,1175000.0,4.0,293750.0,5031,233.55,,,,,2025-10-15,19,1920,10082.0,100.0,"1x 2BR, 1x 3BR, 2x 4BR"
New Bedford,2740,580000.0,2.0,290000.0,3792,152.95,,,,,2025-10-15,101,1999,6668.0,92.81,2x 2BR
Worcester,1602,460000.0,2.0,230000.0,1719,267.6,,,,,2025-10-15,122,1756,4408.0,87.62,"1x 1BR, 1x 3BR"
Boston,2119,1080000.0,2.0,540000.0,3037,355.61,239976.0,4.5,239976.0,22.22,2025-10-15,11,1860,7930.33,102.86,"1x 1BR, 1x 4BR"
Worcester,1606,608500.0,2.0,304250.0,1980,307.32,,,,,2025-10-15,7,1898,5235.0,104.91,"1x 2BR, 1x 3BR"
Belmont,2478,1995000.0,3.0,665000.0,4446,448.72,,,,,2025-10-15,12,1910,15923.0,100.0,3x 3BR
Chicopee,1013,225000.0,2.0,112500.0,2140,105.14,23400.0,9.62,23400.0,10.4,2025-10-15,14,1880,4174.0,100.0,2x 2BR
Worcester,1604,835000.0,3.0,278333.33,2916,286.35,56400.0,14.8,56400.0,6.75,2025-10-15,21,1890,6246.8,98.24,3x 3BR
Haverhill,1832,771000.0,4.0,192750.0,2534,304.26,,,,,2025-10-15,63,1940,6338.0,101.31,4x 2BR
Athol,1331,225000.0,2.0,112500.0,1476,152.44,,,,,2025-10-15,19,1930,2712.0,98.25,"1x 1BR, 1x 3BR"
Boston,2125,3575000.0,9.0,397222.22,5388,663.51,262656.0,13.61,207614.0,5.81,2025-10-15,133,1900,99999.0,100.0,5x 1BR
Worcester,1606,530000.0,2.0,265000.0,2011,263.55,28800.0,18.4,28800.0,5.43,2025-10-15,34,1913,5329.0,88.33,2x 2BR
Watertown,2472,1085000.0,2.0,542500.0,2691,403.2,21000.0,51.67,21000.0,1.94,2025-10-16,71,1920,12844.0,98.64,"1x 2BR, 1x 3BR"
New Bedford,2740,565000.0,3.0,188333.33,2166,260.85,57600.0,9.81,57600.0,10.19,2025-10-16,150,1871,4650.0,95.78,"1x 1BR, 1x 2BR, 1x 3BR"
Worcester,1604,535000.0,2.0,267500.0,1603,333.75,44400.0,12.05,44400.0,8.3,2025-10-16,37,1924,6052.0,101.92,2x 2BR
Westfield,1085,464900.0,3.0,154966.67,2974,156.32,51000.0,9.12,33300.0,7.16,2025-10-16,23,1890,5829.0,101.09,"1x 1BR, 1x 2BR, 1x 3BR"
Boston,2122,1200000.0,2.0,600000.0,2920,410.96,,,,,2025-10-16,17,1925,10188.0,109.09,"1x 2BR, 1x 3BR"
Salem,1970,2900000.0,8.0,362500.0,10164,285.32,99600.0,29.12,99600.0,3.43,2025-10-16,23,1890,22922.0,82.86,"3x 1BR, 2x 3BR"
North Attleboro,2760,635000.0,2.0,317500.0,1372,462.83,48000.0,13.23,48000.0,7.56,2025-10-16,21,1930,4946.0,105.83,2x 2BR
Taunton,2780,850000.0,3.0,283333.33,3714,228.86,86400.0,9.84,86400.0,10.16,2025-10-16,21,1925,7074.0,106.25,"1x 2BR, 2x 3BR"
Taunton,2780,750000.0,4.0,187500.0,2908,257.91,32400.0,23.15,32400.0,4.32,2025-10-16,3,1965,6831.0,108.71,"1x 0BR, 3x 1BR, 1x 3BR"
Worcester,1610,639000.0,3.0,213000.0,2652,240.95,22200.0,28.78,22200.0,3.47,2025-10-16,50,1890,7401.0,98.32,3x 2BR
Brookline,2445,5300000.0,14.0,378571.43,11064,479.03,382355.0,13.86,235094.0,4.44,2025-10-16,16,1860,54609.0,103.92,"1x 1BR, 1x 2BR"
Spencer,1562,365000.0,2.0,182500.0,1632,223.65,38040.0,9.6,38040.0,10.42,2025-10-16,49,1890,2974.0,104.58,2x 2BR
Boston,2135,1200000.0,2.0,600000.0,2856,420.17,,,,,2025-10-16,20,1935,9466.0,109.09,2x 2BR
Fall River,2720,800000.0,5.0,160000.0,4048,197.63,84000.0,9.52,84000.0,10.5,2025-10-16,98,1900,8123.0,88.89,"4x 1BR, 1x 3BR"
Revere,2151,870000.0,2.0,435000.0,2309,376.79,74400.0,11.69,74400.0,8.55,2025-10-16,32,1969,6124.0,98.86,"1x 2BR, 1x 4BR"
Taunton,2780,700000.0,3.0,233333.33,2568,272.59,90600.0,7.73,79598.0,11.37,2025-10-16,47,1875,6612.0,100.01,3x 3BR
Shelburne,1370,658500.0,2.0,329250.0,2838,232.03,,,,,2025-10-16,38,2012,6538.0,99.92,"1x 1BR, 1x 4BR"
Leominster,1453,502000.0,2.0,251000.0,2613,192.12,,,,,2025-10-16,15,1900,5964.0,143.47,"1x 3BR, 1x 4BR"
Everett,2149,1250000.0,3.0,416666.67,4118,303.55,108000.0,11.57,108000.0,8.64,2025-10-16,15,1900,1101.0,100.0,3x 3BR
Boston,2136,700000.0,2.0,350000.0,2221,315.17,,,,,2025-10-16,30,1900,7572.0,96.02,2x 2BR
Orange,1364,210000.0,2.0,105000.0,1992,105.42,36000.0,5.83,36000.0,17.14,2025-10-16,47,1900,3063.0,93.33,2x 3BR
Fall River,2720,639900.0,3.0,213300.0,3240,197.5,7536.0,84.91,7536.0,1.18,2025-10-16,31,1900,5170.0,100.0,3x 3BR
Fitchburg,1420,391000.0,4.0,97750.0,5121,76.35,,,,,2025-10-16,14,1900,2910.0,105.96,4x 2BR
Danvers,1923,740000.0,2.0,370000.0,1716,431.24,,,,,2025-10-16,45,1900,6973.0,98.01,"1x 1BR, 1x 2BR"
Cambridge,2138,2450000.0,2.0,1225000.0,2882,850.1,74400.0,32.93,74400.0,3.04,2025-10-16,48,1921,13287.0,98.0,"1x 2BR, 1x 3BR"
Gloucester,1930,675000.0,2.0,337500.0,1558,433.25,28200.0,23.94,28200.0,4.18,2025-10-16,23,1900,4573.0,103.85,"1x 1BR, 1x 3BR"
Webster,1570,627000.0,5.0,125400.0,5280,118.75,71400.0,8.78,71400.0,11.39,2025-10-16,43,1900,5614.0,92.89,"2x 1BR, 1x 2BR, 2x 3BR"
Mansfield,2048,735000.0,2.0,367500.0,2400,306.25,,,,,2025-10-17,4,1976,8966.0,100.85,2x 3BR
Haverhill,1832,630000.0,2.0,315000.0,1533,410.96,,,,,2025-10-17,9,1890,5912.0,105.0,"1x 1BR, 1x 2BR"
Fall River,2720,650000.0,2.0,325000.0,3052,212.98,,,,,2025-10-17,19,1900,5641.0,100.02,2x 3BR
Blackstone,1504,485000.0,2.0,242500.0,2863,169.4,42000.0,11.55,42000.0,8.66,2025-10-17,47,1890,4897.0,97.59,2x 3BR
Newton,2459,1895000.0,2.0,947500.0,3096,612.08,,,,,2025-10-17,21,1898,15495.0,97.18,2x 3BR
Boston,2131,940000.0,2.0,470000.0,2284,411.56,,,,,2025-10-17,12,1900,8826.0,106.94,"1x 2BR, 1x 3BR"
Newburyport,1950,975000.0,2.0,487500.0,1950,500.0,,,,,2025-10-17,20,1889,7640.0,108.35,2x 2BR
Lowell,1851,985000.0,4.0,246250.0,3593,274.14,100800.0,9.77,100800.0,10.23,2025-10-17,25,1900,6068.0,110.69,"2x 1BR, 1x 2BR, 1x 3BR"
North Attleboro,2760,635000.0,3.0,211666.67,3538,179.48,45600.0,13.93,45600.0,7.18,2025-10-17,64,1875,6659.0,99.37,2x 2BR
Fitchburg,1420,475000.0,2.0,237500.0,2179,217.99,21600.0,21.99,21600.0,4.55,2025-10-17,30,1900,4997.0,105.79,"1x 2BR, 1x 3BR"
Fall River,2720,720000.0,3.0,240000.0,3723,193.39,,,,,2025-10-17,20,1885,6391.0,105.88,3x 2BR
Chicopee,1013,215000.0,2.0,107500.0,2220,96.85,,,,,2025-10-17,15,1890,3942.0,100.0,2x 2BR
Everett,2149,930000.0,2.0,465000.0,2873,323.7,,,,,2025-10-17,22,1915,9229.0,104.61,"1x 2BR, 1x 4BR"
Worcester,1602,550000.0,2.0,275000.0,3274,167.99,39600.0,13.89,39600.0,7.2,2025-10-17,18,1920,7454.0,100.18,"1x 2BR, 1x 4BR"
Fall River,2724,660000.0,2.0,330000.0,3059,215.76,22800.0,28.95,22800.0,3.45,2025-10-17,50,1900,4798.0,100.02,"1x 3BR, 1x 5BR"
Lowell,1852,863000.0,4.0,215750.0,5670,152.2,,,,,2025-10-17,12,1900,9814.0,101.54,"1x 2BR, 3x 3BR"
Boston,2131,985000.0,2.0,492500.0,2788,353.3,30000.0,32.83,26109.0,2.65,2025-10-17,26,1919,9393.0,98.51,2x 3BR
Lawrence,1841,610000.0,2.0,305000.0,2233,273.18,,,,,2025-10-17,15,2003,5281.0,111.11,2x 2BR
Springfield,1108,310000.0,2.0,155000.0,2181,142.14,27600.0,11.23,27600.0,8.9,2025-10-17,52,1899,5312.0,106.93,"1x 1BR, 1x 3BR"
Springfield,1108,640000.0,4.0,160000.0,10600,60.38,99000.0,6.46,99000.0,15.47,2025-10-17,74,1908,8669.0,93.43,"2x 3BR, 2x 4BR"
Dracut,1826,735000.0,3.0,245000.0,2933,250.6,45900.0,16.01,45900.0,6.24,2025-10-17,55,1945,5954.12,94.85,"1x 1BR, 2x 2BR"
Lynn,1902,1185000.0,3.0,395000.0,3981,297.66,78000.0,15.19,78000.0,6.58,2025-10-17,20,1900,9742.0,100.85,"2x 3BR, 1x 4BR"
Lowell,1851,965000.0,5.0,193000.0,4536,212.74,,,,,2025-10-17,142,1890,99.0,91.99,"4x 1BR, 1x 2BR"
Gloucester,1930,980000.0,6.0,163333.33,4330,226.33,24000.0,40.83,,,2025-10-17,3,1900,7470.0,111.49,"2x 1BR, 3x 2BR"
Belmont,2478,1170000.0,2.0,585000.0,2587,452.26,21600.0,54.17,21600.0,1.85,2025-10-17,89,1928,13167.0,95.51,2x 2BR
South Hadley,1075,515000.0,3.0,171666.67,4022,128.05,,,,,2025-10-17,16,1900,5591.0,103.02,"1x 2BR, 1x 3BR, 1x 4BR"
Chelmsford,1863,650000.0,2.0,325000.0,2555,254.4,,,,,2025-10-17,128,1827,7613.0,100.0,"1x 1BR, 1x 3BR"
Lawrence,1841,800000.0,3.0,266666.67,2631,304.07,78756.0,10.16,60914.0,7.61,2025-10-17,63,1910,5735.0,96.97,"1x 1BR, 2x 3BR"
Milford,1757,725000.0,2.0,362500.0,3450,210.14,27600.0,26.27,27600.0,3.81,2025-10-17,21,1900,7950.0,101.41,"1x 3BR, 1x 4BR"
Weymouth,2191,725000.0,2.0,362500.0,1664,435.7,55800.0,12.99,55800.0,7.7,2025-10-17,66,1943,6600.0,92.36,2x 2BR
Chicopee,1013,375000.0,5.0,75000.0,3179,117.96,34200.0,10.96,34200.0,9.12,2025-10-17,22,1910,5127.0,94.82,5x 1BR
Methuen,1844,525000.0,2.0,262500.0,2000,262.5,,,,,2025-10-17,15,1980,5771.0,109.4,"1x 2BR, 1x 3BR"
Springfield,1104,533500.0,4.0,133375.0,4420,120.7,46200.0,11.55,46200.0,8.66,2025-10-17,37,1941,5300.0,97.0,"2x 2BR, 2x 3BR"
Lawrence,1843,1050000.0,5.0,210000.0,3600,291.67,51600.0,20.35,51600.0,4.91,2025-10-20,1,2020,8161.0,105.0,"3x 1BR, 2x 3BR"
Springfield,1105,325000.0,2.0,162500.0,2308,140.81,15600.0,20.83,15600.0,4.8,2025-10-20,55,1880,4452.0,110.17,2x 2BR
Norwood,2062,850000.0,2.0,425000.0,2676,317.64,,,,,2025-10-20,5,1973,8101.0,103.03,2x 3BR
Millis,2054,810000.0,6.0,135000.0,2356,343.8,,,,,2025-10-20,19,1900,8861.0,105.33,2x 0BR
Boston,2122,975000.0,2.0,487500.0,2119,460.12,69600.0,14.01,69600.0,7.14,2025-10-20,18,1926,8684.0,100.0,2x 2BR
Attleboro,2703,353000.0,2.0,176500.0,1768,199.66,,,,,2025-10-20,21,1973,4503.0,83.08,2x 2BR
Boston,2121,1000000.0,2.0,500000.0,2268,440.92,,,,,2025-10-20,33,1900,9749.0,105.27,"1x 2BR, 1x 3BR"
Westfield,1085,356000.0,2.0,178000.0,2646,134.54,31200.0,11.41,31200.0,8.76,2025-10-20,6,1920,4815.0,100.31,2x 2BR
Rockport,1966,775000.0,2.0,387500.0,1954,396.62,32400.0,23.92,32400.0,4.18,2025-10-20,22,1866,5795.0,100.0,"1x 1BR, 1x 2BR"
Hull,2045,600000.0,2.0,300000.0,1576,380.71,30000.0,20.0,30000.0,5.0,2025-10-20,3,1910,4359.0,104.53,2x 2BR
Quincy,2169,900000.0,2.0,450000.0,2080,432.69,,,,,2025-10-20,12,1930,7793.0,100.11,"1x 2BR, 1x 3BR"
Ware,1082,360000.0,2.0,180000.0,2366,152.16,,,,,2025-10-20,20,1890,3884.0,107.46,2x 2BR
Stoughton,2072,680000.0,2.0,340000.0,1653,411.37,,,,,2025-10-20,99,1925,7145.34,85.53,2x 1BR
Southbridge,1550,412000.0,2.0,206000.0,2296,179.44,32400.0,12.72,32400.0,7.86,2025-10-20,15,1920,4968.0,103.03,2x 3BR
Cambridge,2141,1280000.0,3.0,426666.67,3294,388.59,82200.0,15.57,68400.0,5.34,2025-10-20,106,1873,8515.0,94.85,3x 2BR
Fall River,2724,650000.0,3.0,216666.67,3222,201.74,28800.0,22.57,28800.0,4.43,2025-10-20,24,1900,5418.0,108.51,"1x 2BR, 2x 3BR"
Greenfield,1301,450000.0,2.0,225000.0,2578,174.55,,,,,2025-10-20,16,1905,6529.0,100.02,"1x 1BR, 1x 3BR"
Chicopee,1020,370000.0,2.0,185000.0,1908,193.92,,,,,2025-10-21,6,1925,4026.0,112.16,2x 2BR
Newburyport,1950,1330000.0,2.0,665000.0,3634,365.99,26400.0,50.38,26400.0,1.98,2025-10-21,37,1949,10970.0,95.34,2x 3BR
Springfield,1109,225000.0,2.0,112500.0,1878,119.81,13200.0,17.05,13200.0,5.87,2025-10-21,25,1897,3058.0,100.0,2x 2BR
Boston,2126,1800000.0,6.0,300000.0,5616,320.51,67800.0,26.55,67800.0,3.77,2025-10-21,22,1920,10107.0,100.28,2x 3BR
Worcester,1610,660000.0,2.0,330000.0,2642,249.81,70200.0,9.4,70200.0,10.64,2025-10-21,7,1860,6421.0,103.94,2x 3BR
New Bedford,2740,550000.0,3.0,183333.33,2816,195.31,,,,,2025-10-21,78,1905,5295.0,94.99,2x 2BR
Everett,2149,1135000.0,2.0,567500.0,2653,427.82,,,,,2025-10-21,50,1900,9981.0,97.01,"1x 2BR, 1x 3BR"
Salisbury,1952,920000.0,6.0,153333.33,4320,212.96,73000.0,12.6,39397.0,4.28,2025-10-21,30,1946,6636.0,94.37,"4x 1BR, 1x 2BR"
Lowell,1850,775000.0,2.0,387500.0,3696,209.69,,,,,2025-10-21,63,1900,6356.0,99.37,2x 4BR
Somerset,2726,539000.0,2.0,269500.0,2051,262.8,,,,,2025-10-21,0,1850,5965.0,100.0,"1x 2BR, 1x 3BR"
Somerville,2143,1080000.0,2.0,540000.0,1864,579.4,73800.0,14.63,73800.0,6.83,2025-10-21,12,1920,10789.0,108.54,"1x 2BR, 1x 4BR"
Somerville,2144,1410000.0,2.0,705000.0,3392,415.68,,,,,2025-10-21,14,1920,13885.0,100.79,"1x 3BR, 1x 4BR"
Brookline,2446,2862500.0,2.0,1431250.0,4166,687.11,,,,,2025-10-21,20,1912,26326.0,102.23,2x 4BR
Quincy,2169,3650000.0,13.0,280769.23,6825,534.8,358380.0,10.18,254873.0,6.98,2025-10-21,9,1955,33021.0,93.59,3x 1BR
Taunton,2780,865000.0,3.0,288333.33,5100,169.61,,,,,2025-10-21,1,1900,8003.0,108.13,"1x 2BR, 2x 3BR"
New Bedford,2740,550000.0,2.0,275000.0,2646,207.86,,,,,2025-10-21,4,1873,5664.0,103.77,2x 2BR
Ipswich,1938,741000.0,2.0,370500.0,2125,348.71,,,,,2025-10-22,21,1830,5620.0,106.01,"1x 1BR, 1x 2BR"
Lowell,1852,713000.0,2.0,356500.0,3041,234.46,30000.0,23.77,30000.0,4.21,2025-10-22,76,1900,7283.0,99.04,2x 2BR
Lowell,1852,1028000.0,4.0,257000.0,6054,169.81,29040.0,35.4,23451.0,2.28,2025-10-22,22,1900,9613.0,107.08,"2x 1BR, 1x 3BR, 1x 4BR"
Westfield,1085,404300.0,2.0,202150.0,2304,175.48,26700.0,15.14,26700.0,6.6,2025-10-22,7,2005,6031.0,107.81,"1x 2BR, 1x 3BR"
Groton,1450,535000.0,2.0,267500.0,1722,310.69,39600.0,13.51,39600.0,7.4,2025-10-22,38,1900,8519.0,98.17,"1x 1BR, 1x 2BR"
Taunton,2780,900000.0,3.0,300000.0,2625,342.86,,,,,2025-10-22,10,1900,6541.0,94.74,"1x 1BR, 1x 3BR, 1x 4BR"
Revere,2151,820000.0,2.0,410000.0,2103,389.92,119988.0,6.83,119988.0,14.63,2025-10-22,29,1997,7123.0,96.47,2x 3BR
Dracut,1826,605000.0,2.0,302500.0,1800,336.11,29400.0,20.58,29400.0,4.86,2025-10-22,67,1984,5248.0,93.08,2x 2BR
Springfield,1108,360000.0,2.0,180000.0,3058,117.72,,,,,2025-10-22,20,1916,4878.0,100.03,"1x 2BR, 1x 5BR"
Falmouth,2536,760000.0,2.0,380000.0,2072,366.8,,,,,2025-10-22,69,1960,4124.0,92.68,"1x 1BR, 1x 2BR"
Fall River,2723,1450000.0,6.0,241666.67,7327,197.9,91200.0,15.9,91200.0,6.29,2025-10-22,21,1921,17993.0,96.67,"1x 2BR, 2x 3BR, 1x 4BR"
Malden,2148,910000.0,2.0,455000.0,2522,360.82,,,,,2025-10-22,120,1968,8224.0,95.89,"1x 3BR, 1x 4BR"
Fitchburg,1420,570000.0,3.0,190000.0,3708,153.72,,,,,2025-10-22,20,1911,6239.0,118.75,3x 2BR
Lawrence,1843,715000.0,3.0,238333.33,3418,209.19,43800.0,16.32,43800.0,6.13,2025-10-22,15,1895,6431.0,110.02,3x 3BR
Swampscott,1907,1345000.0,2.0,672500.0,2864,469.62,84000.0,16.01,84000.0,6.25,2025-10-22,35,1920,12540.0,96.42,"1x 2BR, 1x 3BR"
Newton,2458,1050000.0,2.0,525000.0,2932,358.12,,,,,2025-10-22,42,1925,8884.0,87.87,"1x 1BR, 2x 2BR"
West Springfield,1089,380000.0,2.0,190000.0,2890,131.49,18000.0,21.11,18000.0,4.74,2025-10-22,24,1900,4477.0,108.57,2x 3BR
Somerville,2145,1750000.0,3.0,583333.33,3322,526.79,152004.0,11.51,152004.0,8.69,2025-10-22,64,1910,9.0,97.28,"1x 2BR, 2x 4BR"
Montague,1349,431000.0,2.0,215500.0,2782,154.92,53400.0,8.07,40310.0,9.35,2025-10-23,19,1900,3646.95,108.02,2x 3BR
Wakefield,1880,850000.0,2.0,425000.0,2754,308.64,,,,,2025-10-23,12,1920,9627.0,94.44,"1x 2BR, 1x 3BR"
Boston,2124,1260000.0,3.0,420000.0,4066,309.89,118980.0,10.59,120180.0,9.54,2025-10-23,74,1885,11458.0,93.33,"2x 3BR, 1x 5BR"
Springfield,1109,535000.0,2.0,267500.0,2912,183.72,,,,,2025-10-23,30,2025,0.0,101.9,"1x 3BR, 1x 4BR"
Springfield,1108,425000.0,2.0,212500.0,2590,164.09,42000.0,10.12,42000.0,9.88,2025-10-23,32,1922,5223.0,101.21,2x 3BR
Worcester,1609,650000.0,2.0,325000.0,3386,191.97,,,,,2025-10-23,65,1880,5804.0,100.0,"1x 3BR, 1x 4BR"
North Adams,1247,275000.0,3.0,91666.67,2302,119.46,31800.0,8.65,31800.0,11.56,2025-10-23,124,1900,2882.0,94.86,"1x 1BR, 2x 3BR"
Springfield,1107,600000.0,4.0,150000.0,6696,89.61,72012.0,8.33,72012.0,12.0,2025-10-23,89,1925,6504.0,100.17,4x 3BR
Lawrence,1841,580000.0,2.0,290000.0,1948,297.74,,,,,2025-10-23,20,1900,4659.0,100.89,"1x 2BR, 1x 3BR"
Worcester,1602,625000.0,2.0,312500.0,1971,317.1,40800.0,15.32,40800.0,6.53,2025-10-23,69,1890,3873.9,96.17,"1x 0BR, 2x 3BR"
Southbridge,1550,490000.0,3.0,163333.33,3099,158.12,39000.0,12.56,23377.0,4.77,2025-10-23,15,1900,4482.0,100.02,3x 3BR
Gardner,1440,445000.0,7.0,63571.43,5434,81.89,117600.0,3.78,117600.0,26.43,2025-10-23,25,2025,1395.0,89.18,"1x 0BR, 1x 7BR"
Waltham,2453,885000.0,2.0,442500.0,1732,510.97,,,,,2025-10-23,20,1942,7369.0,101.14,2x 2BR
Wareham,2558,577500.0,1.0,577500.0,1575,366.67,,,,,2025-10-23,48,1910,4919.0,98.72,"1x 2BR, 1x 3BR"
Everett,2149,810000.0,2.0,405000.0,2419,334.85,,,,,2025-10-23,9,1882,8750.94,109.47,"1x 2BR, 1x 4BR"
Brockton,2301,962500.0,3.0,320833.33,4400,218.75,88800.0,10.84,88800.0,9.23,2025-10-24,78,1904,9614.0,98.21,3x 3BR
Fitchburg,1420,650000.0,3.0,216666.67,3490,186.25,43200.0,15.05,43200.0,6.65,2025-10-24,8,1920,6377.0,100.02,"1x 2BR, 2x 3BR"
Fitchburg,1420,360000.0,2.0,180000.0,1579,227.99,16800.0,21.43,16800.0,4.67,2025-10-24,16,1900,4693.0,92.31,2x 2BR
Springfield,1104,395000.0,2.0,197500.0,1710,230.99,19800.0,19.95,19800.0,5.01,2025-10-24,25,1988,4771.0,98.77,2x 2BR
Lowell,1850,699900.0,3.0,233300.0,2898,241.51,,,,,2025-10-24,23,1900,6151.0,100.0,"1x 1BR, 2x 2BR"
Fitchburg,1420,440000.0,2.0,220000.0,1667,263.95,18000.0,24.44,18000.0,4.09,2025-10-24,19,1946,4873.06,103.53,"1x 1BR, 1x 2BR"
Somerville,2143,1625000.0,3.0,541666.67,3796,428.08,,,,,2025-10-24,116,1890,18053.0,92.86,"2x 1BR, 1x 4BR"
Chelsea,2150,1185000.0,3.0,395000.0,3105,381.64,83400.0,14.21,83400.0,7.04,2025-10-24,18,1900,8022.0,100.0,3x 2BR
Chicopee,1013,620000.0,4.0,155000.0,4172,148.61,76800.0,8.07,69679.0,11.24,2025-10-24,21,1910,5132.0,103.51,4x 2BR
Cambridge,2138,2400000.0,3.0,800000.0,3297,727.93,86400.0,27.78,77067.0,3.21,2025-10-24,24,1911,17505.0,92.49,"1x 1BR, 2x 2BR"
Boston,2135,1630000.0,2.0,815000.0,3456,471.64,136800.0,11.92,136800.0,8.39,2025-10-24,22,1920,14188.0,98.79,2x 4BR
Fall River,2720,645000.0,3.0,215000.0,3294,195.81,,,,,2025-10-24,20,1900,5335.0,105.74,3x 3BR
Waltham,2453,800000.0,2.0,400000.0,1876,426.44,,,,,2025-10-24,40,1880,5255.13,94.13,"1x 2BR, 1x 3BR"
Springfield,1108,315000.0,2.0,157500.0,3794,83.03,41400.0,7.61,29234.0,9.28,2025-10-24,8,1897,4154.0,95.48,"1x 3BR, 1x 4BR"
Revere,2151,825000.0,2.0,412500.0,2074,397.78,34800.0,23.71,34800.0,4.22,2025-10-24,40,1930,6245.0,97.17,2x 2BR
Milford,1757,750000.0,3.0,250000.0,3233,231.98,14400.0,52.08,14400.0,1.92,2025-10-24,56,1917,99999.0,88.24,3x 3BR
Somerset,2726,582000.0,2.0,291000.0,2318,251.08,,,,,2025-10-24,22,1920,6053.0,105.82,2x 3BR
Waltham,2453,1375000.0,4.0,343750.0,4851,283.45,34200.0,40.2,34200.0,2.49,2025-10-24,28,1900,14821.51,98.21,"1x 0BR, 1x 1BR, 2x 2BR"
Belmont,2478,1419000.0,2.0,709500.0,2873,493.91,34800.0,40.78,34800.0,2.45,2025-10-24,8,1924,13805.0,103.65,"1x 3BR, 1x 4BR"
Lynn,1902,615000.0,2.0,307500.0,1907,322.5,,,,,2025-10-24,11,1772,7242.0,94.63,"1x 1BR, 1x 2BR"
Boston,2132,1000000.0,2.0,500000.0,3674,272.18,,,,,2025-10-24,28,1910,10513.0,100.1,2x 4BR
Worcester,1604,685000.0,3.0,228333.33,2650,258.49,66816.0,10.25,66816.0,9.75,2025-10-24,22,1915,6748.0,106.2,3x 2BR
Easthampton,1027,540000.0,3.0,180000.0,2094,257.88,57972.0,9.31,57972.0,10.74,2025-10-24,8,1920,5558.0,98.18,"1x 1BR, 2x 2BR"
Pittsfield,1201,320000.0,2.0,160000.0,1800,177.78,30000.0,10.67,30000.0,9.38,2025-10-24,155,1910,3446.0,97.59,2x 2BR
Boston,2125,950000.0,3.0,316666.67,3718,255.51,,,,,2025-10-24,0,1900,9680.87,95.01,3x 2BR
Worcester,1602,660000.0,2.0,330000.0,3344,197.37,62400.0,10.58,62400.0,9.45,2025-10-24,29,1927,7123.0,101.69,2x 3BR
Millville,1529,255000.0,2.0,127500.0,2720,93.75,,,,,2025-10-24,72,1900,2773.0,78.46,"1x 2BR, 1x 6BR"
Boston,2124,1350000.0,3.0,450000.0,4446,303.64,108000.0,12.5,108000.0,8.0,2025-10-24,18,1929,14216.0,103.93,3x 3BR
Haverhill,1832,850000.0,4.0,212500.0,3708,229.23,70500.0,12.06,64736.0,7.62,2025-10-24,20,1900,7455.0,103.03,"3x 1BR, 1x 3BR"
Worcester,1604,710000.0,3.0,236666.67,2886,246.02,60600.0,11.72,59320.0,8.35,2025-10-24,85,1898,8111.0,101.44,3x 2BR
Haverhill,1835,790000.0,2.0,395000.0,2452,322.19,,,,,2025-10-24,18,1890,6686.0,105.33,"1x 2BR, 1x 3BR"
Fall River,2721,520000.0,2.0,260000.0,2088,249.04,43200.0,12.04,43200.0,8.31,2025-10-24,47,1993,4827.0,99.05,2x 2BR
Worcester,1605,1275000.0,4.0,318750.0,6246,204.13,117300.0,10.87,117300.0,9.2,2025-10-24,84,1900,12484.0,91.4,"1x 2BR, 3x 4BR"
Brockton,2301,900000.0,5.0,180000.0,4316,208.53,96000.0,9.38,96000.0,10.67,2025-10-24,120,1900,8323.0,83.72,"4x 2BR, 1x 3BR"
Boston,2128,935000.0,2.0,467500.0,2253,415.0,81600.0,11.46,65219.0,6.98,2025-10-24,32,1910,8473.0,85.01,"1x 1BR, 1x 4BR"
Brockton,2301,560000.0,2.0,280000.0,2608,214.72,,,,,2025-10-24,15,1925,5418.0,112.02,2x 2BR
Boston,2130,1395000.0,3.0,465000.0,3636,383.66,,,,,2025-10-24,13,1910,16214.0,100.0,3x 3BR
Pittsfield,1201,185000.0,2.0,92500.0,1680,110.12,21600.0,8.56,21600.0,11.68,2025-10-24,123,1940,2725.0,92.5,2x 3BR
Palmer,1069,562500.0,2.0,281250.0,3350,167.91,,,,,2025-10-24,14,1900,8157.0,93.91,"1x 3BR, 1x 4BR"
Webster,1570,685000.0,5.0,137000.0,4572,149.83,86400.0,7.93,86400.0,12.61,2025-10-24,21,1908,4309.0,102.25,5x 2BR
Southbridge,1550,340000.0,2.0,170000.0,1872,181.62,16800.0,20.24,16800.0,4.94,2025-10-24,20,1939,3919.0,106.28,2x 2BR
Fairhaven,2719,615000.0,2.0,307500.0,2060,298.54,18000.0,34.17,18000.0,2.93,2025-10-24,106,1920,3831.0,100.02,"1x 2BR, 1x 3BR"
Taunton,2780,525000.0,3.0,175000.0,2438,215.34,25200.0,20.83,25200.0,4.8,2025-10-24,10,1900,5264.0,100.02,"2x 2BR, 1x 3BR"
Hull,2045,505000.0,3.0,168333.33,1884,268.05,14400.0,35.07,14400.0,2.85,2025-10-27,39,1920,4266.0,91.82,3x 1BR
Seekonk,2771,625000.0,3.0,208333.33,2121,294.67,66000.0,9.47,66000.0,10.56,2025-10-27,77,1880,4980.0,104.17,"2x 1BR, 1x 3BR"
Boston,2113,1600000.0,2.0,800000.0,2040,784.31,239976.0,6.67,232498.0,14.53,2025-10-27,9,1890,15907.0,88.89,"1x 2BR, 1x 3BR"
Methuen,1844,760000.0,2.0,380000.0,2472,307.44,,,,,2025-10-27,23,1930,6613.0,100.01,"1x 2BR, 1x 3BR"
Malden,2148,720000.0,2.0,360000.0,2872,250.7,13800.0,52.17,13800.0,1.92,2025-10-27,29,1900,8881.0,90.11,"1x 3BR, 1x 5BR"
Boston,2124,1095000.0,2.0,547500.0,3309,330.92,33600.0,32.59,33600.0,3.07,2025-10-27,112,1870,7311.0,91.33,2x 3BR
Springfield,1151,375000.0,4.0,93750.0,4455,84.18,28800.0,13.02,28800.0,7.68,2025-10-27,56,1882,6002.0,98.71,"2x 1BR, 2x 3BR"
Newton,2465,1495000.0,2.0,747500.0,3462,431.83,,,,,2025-10-27,6,1920,12952.0,103.1,"1x 2BR, 1x 3BR"
Dedham,2026,904657.79,2.0,452328.9,3121,289.86,,,,,2025-10-27,23,1925,10666.0,100.63,"1x 3BR, 1x 5BR"
Springfield,1108,450000.0,2.0,225000.0,3177,141.64,21600.0,20.83,21600.0,4.8,2025-10-27,3,1915,3548.0,105.88,"1x 3BR, 1x 5BR"
Hudson,1749,685000.0,2.0,342500.0,1924,356.03,64200.0,10.67,64200.0,9.37,2025-10-27,16,1880,6202.0,114.17,"1x 2BR, 1x 4BR"
Quincy,2170,1020000.0,2.0,510000.0,2201,463.43,57300.0,17.8,57300.0,5.62,2025-10-27,22,1925,8696.0,107.37,"1x 2BR, 1x 3BR"
Quincy,2169,1168000.0,2.0,584000.0,2480,470.97,,,,,2025-10-28,38,1900,9223.0,98.32,"1x 2BR, 1x 3BR"
Worcester,1605,930000.0,3.0,310000.0,4519,205.8,91920.0,10.12,91920.0,9.88,2025-10-28,8,1905,6884.0,116.4,"1x 3BR, 2x 4BR"
Webster,1570,535000.0,3.0,178333.33,3654,146.41,66000.0,8.11,50203.0,9.38,2025-10-28,7,1900,4815.0,111.48,3x 3BR
Palmer,1069,270000.0,2.0,135000.0,2620,103.05,13200.0,20.45,13200.0,4.89,2025-10-28,43,1880,4106.0,83.08,"1x 2BR, 1x 3BR"
Worcester,1604,555000.0,2.0,277500.0,2184,254.12,19200.0,28.91,19200.0,3.46,2025-10-28,23,1920,5732.0,114.43,2x 2BR
Worcester,1604,700000.0,3.0,233333.33,3258,214.86,63600.0,11.01,62034.0,8.86,2025-10-28,19,1915,6868.0,100.01,3x 3BR
Belmont,2478,1429000.0,3.0,476333.33,3393,421.16,49200.0,29.04,49200.0,3.44,2025-10-28,21,1912,10764.0,110.01,"1x 2BR, 2x 3BR"
Everett,2149,1000000.0,2.0,500000.0,2625,380.95,26400.0,37.88,26400.0,2.64,2025-10-28,10,1925,10081.0,100.5,"1x 2BR, 1x 4BR"
Lowell,1854,620000.0,2.0,310000.0,3452,179.61,,,,,2025-10-28,5,1900,7428.0,107.83,2x 2BR
Clinton,1510,706000.0,3.0,235333.33,3016,234.08,,,,,2025-10-28,24,1915,5899.0,95.42,"1x 1BR, 1x 2BR, 1x 4BR"
Fall River,2724,583000.0,2.0,291500.0,2688,216.89,,,,,2025-10-28,27,1925,4856.0,102.82,2x 3BR
Springfield,1108,446000.0,2.0,223000.0,3418,130.49,,,,,2025-10-28,33,1913,5198.0,104.94,2x 3BR
Beverly,1915,746000.0,2.0,373000.0,2874,259.57,53400.0,13.97,53400.0,7.16,2025-10-28,32,1830,7874.0,99.6,"1x 2BR, 1x 3BR"
Boston,2130,2000000.0,3.0,666666.67,4267,468.71,161820.0,12.36,128531.0,6.43,2025-10-28,52,1905,19334.12,93.02,"2x 3BR, 1x 6BR"
Southbridge,1550,595000.0,3.0,198333.33,3709,160.42,28200.0,21.1,20585.0,3.46,2025-10-28,64,1900,5355.0,99.18,3x 4BR
Holyoke,1040,375000.0,2.0,187500.0,2550,147.06,10200.0,36.76,10200.0,2.72,2025-10-28,36,1910,4732.0,98.68,"1x 2BR, 1x 3BR"
Waltham,2451,1075000.0,2.0,537500.0,2660,404.14,55800.0,19.27,55800.0,5.19,2025-10-28,17,1910,9175.0,97.74,2x 2BR
Fitchburg,1420,670000.0,2.0,335000.0,3251,206.09,60000.0,11.17,60000.0,8.96,2025-10-28,29,1966,6671.0,103.89,"1x 2BR, 1x 5BR"
Middleboro,2346,505000.0,2.0,252500.0,2268,222.66,,,,,2025-10-28,15,1900,6650.0,91.99,"1x 1BR, 1x 3BR"
Ware,1082,339000.0,2.0,169500.0,2707,125.23,,,,,2025-10-28,30,1900,3346.0,100.0,2x 3BR
Springfield,1109,282800.0,2.0,141400.0,1716,164.8,9600.0,29.46,9600.0,3.39,2025-10-29,24,1923,3435.0,97.52,2x 2BR
Attleboro,2703,675000.0,3.0,225000.0,2592,260.42,46200.0,14.61,46200.0,6.84,2025-10-29,20,1900,5606.0,100.0,"1x 1BR, 1x 2BR, 1x 3BR"
Holyoke,1040,700000.0,8.0,87500.0,9400,74.47,12000.0,58.33,12000.0,1.71,2025-10-29,144,1900,9045.0,92.23,"1x 2BR, 1x 3BR"
Hopedale,1747,680000.0,2.0,340000.0,2047,332.19,,,,,2025-10-29,19,1956,7433.0,113.35,"1x 2BR, 1x 3BR"
Chicopee,1020,437000.0,2.0,218500.0,3006,145.38,20400.0,21.42,20400.0,4.67,2025-10-29,39,1920,5227.0,100.46,2x 4BR
Fall River,2721,620000.0,3.0,206666.67,2972,208.61,,,,,2025-10-29,10,1900,5629.96,101.66,"1x 2BR, 2x 3BR"
Revere,2151,990000.0,2.0,495000.0,3039,325.77,,,,,2025-10-29,44,1977,8411.0,99.01,"1x 2BR, 1x 3BR"
Salisbury,1952,970000.0,2.0,485000.0,1850,524.32,,,,,2025-10-29,18,1930,6667.0,98.08,"1x 2BR, 1x 3BR"
Mansfield,2048,640000.0,2.0,320000.0,2329,274.8,,,,,2025-10-29,54,1900,6274.0,98.48,"1x 3BR, 1x 4BR"
Holyoke,1040,423000.0,2.0,211500.0,2800,151.07,14400.0,29.38,14400.0,3.4,2025-10-29,7,1920,6183.0,94.02,2x 2BR
Arlington,2476,1450000.0,2.0,725000.0,3030,478.55,,,,,2025-10-29,21,1930,13210.0,103.58,"1x 3BR, 1x 6BR"
Chicopee,1020,280000.0,3.0,93333.33,3748,74.71,,,,,2025-10-29,43,1930,6038.0,100.04,3x 2BR
North Attleboro,2760,699900.0,2.0,349950.0,2544,275.12,,,,,2025-10-29,36,1875,5751.0,100.0,"1x 1BR, 1x 3BR"
Woburn,1801,575000.0,3.0,191666.67,1480,388.51,,,,,2025-10-29,14,1890,4901.0,109.52,"1x 0BR, 2x 2BR"
Revere,2151,870000.0,2.0,435000.0,2256,385.64,,,,,2025-10-29,64,1920,6296.0,98.87,2x 2BR
Chicopee,1020,495000.0,3.0,165000.0,2768,178.83,30000.0,16.5,10051.0,2.03,2025-10-29,34,1910,4433.0,99.02,3x 2BR
Brockton,2301,650000.0,3.0,216666.67,5172,125.68,,,,,2025-10-29,19,1864,5966.59,105.69,"1x 0BR, 1x 2BR, 1x 3BR"
Springfield,1108,650000.0,6.0,108333.33,6400,101.56,91500.0,7.1,91500.0,14.08,2025-10-29,119,1911,7513.0,95.73,"3x 1BR, 2x 2BR"
Fall River,2720,695000.0,3.0,231666.67,3660,189.89,,,,,2025-10-29,56,1900,6380.0,99.43,3x 3BR
Cambridge,2139,1650000.0,2.0,825000.0,2030,812.81,80400.0,20.52,80400.0,4.87,2025-10-29,37,1886,9973.53,97.12,2x 2BR
Springfield,1108,469000.0,2.0,234500.0,4386,106.93,54000.0,8.69,54000.0,11.51,2025-10-29,86,1911,3533.0,100.0,"1x 3BR, 1x 7BR"
Lowell,1852,815000.0,3.0,271666.67,3426,237.89,58680.0,13.89,42750.0,5.25,2025-10-30,33,1880,7508.0,97.04,"1x 1BR, 1x 3BR, 1x 4BR"
New Bedford,2745,505000.0,2.0,252500.0,2508,201.36,,,,,2025-10-30,12,1928,5597.0,101.02,2x 3BR
Springfield,1109,250000.0,2.0,125000.0,2879,86.84,,,,,2025-10-30,10,1909,3247.0,100.0,"1x 2BR, 1x 4BR"
Norwood,2062,875000.0,2.0,437500.0,2295,381.26,,,,,2025-10-30,22,1900,7179.0,109.39,2x 3BR
Lawrence,1841,680000.0,2.0,340000.0,3094,219.78,,,,,2025-10-30,24,1920,6375.0,103.19,"1x 1BR, 1x 4BR"
Taunton,2780,520000.0,2.0,260000.0,2428,214.17,26400.0,19.7,26400.0,5.08,2025-10-30,16,1800,5298.0,100.02,"1x 2BR, 1x 3BR"
Palmer,1080,414000.0,2.0,207000.0,2100,197.14,34320.0,12.06,34320.0,8.29,2025-10-30,98,2009,6408.0,100.0,2x 3BR
Lawrence,1843,875000.0,2.0,437500.0,3259,268.49,,,,,2025-10-30,21,1920,5570.0,112.19,2x 3BR
Chicopee,1020,495000.0,4.0,123750.0,4760,103.99,46800.0,10.58,46800.0,9.45,2025-10-30,42,1900,4860.0,92.52,4x 2BR
Springfield,1129,372000.0,2.0,186000.0,1764,210.88,,,,,2025-10-30,24,1984,5110.11,106.29,2x 2BR
Somerville,2144,1025000.0,2.0,512500.0,1903,538.62,,,,,2025-10-30,6,1910,10159.0,103.55,"1x 1BR, 1x 3BR"
Webster,1570,550000.0,3.0,183333.33,3045,180.62,31200.0,17.63,31200.0,5.67,2025-10-30,19,1900,5131.0,100.02,"1x 1BR, 1x 2BR, 1x 3BR"
Quincy,2169,1050000.0,2.0,525000.0,2902,361.82,119988.0,8.75,119988.0,11.43,2025-10-30,14,1920,9899.0,95.45,"1x 2BR, 1x 3BR"
Worcester,1603,620000.0,3.0,206666.67,3451,179.66,41400.0,14.98,41400.0,6.68,2025-10-30,9,1900,6480.0,99.2,"1x 2BR, 2x 3BR"
Attleboro,2703,625000.0,2.0,312500.0,2238,279.27,24000.0,26.04,24000.0,3.84,2025-10-30,46,1900,7615.0,94.71,"1x 2BR, 1x 3BR"
Brockton,2301,752000.0,2.0,376000.0,2692,279.35,,,,,2025-10-30,21,1925,8297.0,100.27,"1x 2BR, 1x 3BR"
Leominster,1453,545000.0,2.0,272500.0,2093,260.39,36000.0,15.14,36000.0,6.61,2025-10-30,32,1915,5877.0,99.27,"1x 2BR, 1x 3BR"
Peabody,1960,673000.0,2.0,336500.0,1980,339.9,18000.0,37.39,18000.0,2.67,2025-10-30,15,1870,5775.0,97.68,"1x 1BR, 1x 3BR"
Chelsea,2150,1070000.0,3.0,356666.67,3580,298.88,110400.0,9.69,110400.0,10.32,2025-10-30,78,1920,8502.0,93.12,"1x 3BR, 2x 4BR"
Malden,2148,930000.0,2.0,465000.0,2273,409.15,26400.0,35.23,26400.0,2.84,2025-10-30,7,1880,8613.0,103.34,2x 2BR
New Bedford,2745,477375.0,2.0,238687.5,1943,245.69,,,,,2025-10-30,18,1920,4240.0,97.44,2x 2BR
Acton,1720,2010000.0,6.0,335000.0,5880,341.84,165000.0,12.18,106427.0,5.29,2025-10-30,97,1963,31915.0,91.36,5x 2BR
Worcester,1604,715000.0,3.0,238333.33,3816,187.37,,,,,2025-10-30,21,1918,8436.0,102.16,3x 3BR
Somerville,2145,1220000.0,2.0,610000.0,3521,346.49,,,,,2025-10-30,23,1900,11937.0,101.75,"1x 2BR, 1x 4BR"
New Bedford,2740,505000.0,2.0,252500.0,2190,230.59,,,,,2025-10-30,92,1887,4922.0,101.02,"1x 2BR, 1x 3BR"
Springfield,1109,345000.0,2.0,172500.0,2156,160.02,18000.0,19.17,18000.0,5.22,2025-10-30,14,1896,2158.0,95.83,2x 3BR
Malden,2148,1200000.0,3.0,400000.0,2956,405.95,41400.0,28.99,41400.0,3.45,2025-10-31,19,1927,10776.0,100.42,"2x 1BR, 1x 4BR"
Worcester,1602,788000.0,3.0,262666.67,3432,229.6,38700.0,20.36,38700.0,4.91,2025-10-31,22,1914,7265.0,100.06,3x 2BR
Pittsfield,1201,235000.0,2.0,117500.0,1872,125.53,,,,,2025-10-31,23,1880,2643.0,97.92,"1x 1BR, 1x 2BR"
Marlborough,1752,600000.0,2.0,300000.0,2237,268.22,19200.0,31.25,19200.0,3.2,2025-10-31,53,1880,5356.0,92.32,2x 2BR
Boston,2124,650000.0,2.0,325000.0,2897,224.37,88800.0,7.32,88800.0,13.66,2025-10-31,12,1890,8103.0,68.42,2x 4BR
Worcester,1604,620000.0,3.0,206666.67,3257,190.36,51600.0,12.02,51600.0,8.32,2025-10-31,26,1904,6323.0,95.4,3x 2BR
Pittsfield,1201,321000.0,2.0,160500.0,2736,117.32,18000.0,17.83,18000.0,5.61,2025-10-31,6,1900,4198.0,107.04,2x 3BR
Quincy,2169,1100000.0,2.0,550000.0,2184,503.66,,,,,2025-10-31,9,1900,9792.0,110.55,"1x 3BR, 1x 4BR"
Worcester,1610,720000.0,3.0,240000.0,3530,203.97,76200.0,9.45,63372.0,8.8,2025-10-31,23,1912,7787.0,99.31,3x 3BR
Lynn,1905,1100000.0,3.0,366666.67,3064,359.01,,,,,2025-10-31,28,1910,8769.0,100.01,3x 2BR
Lawrence,1841,800000.0,2.0,400000.0,2518,317.71,,,,,2025-10-31,8,1910,5295.0,106.68,2x 3BR
Winchendon,1475,385000.0,2.0,192500.0,2560,150.39,15000.0,25.67,15000.0,3.9,2025-10-31,21,1900,2497.0,100.0,2x 2BR
Haverhill,1832,660000.0,2.0,330000.0,2554,258.42,,,,,2025-10-31,19,1900,4235.0,113.99,"1x 2BR, 1x 5BR"
Fall River,2721,520000.0,2.0,260000.0,3002,173.22,,,,,2025-10-31,64,1921,4960.0,104.02,2x 2BR
Quincy,2169,1000000.0,2.0,500000.0,2767,361.4,,,,,2025-10-31,12,1910,9736.0,111.12,2x 3BR
New Bedford,2745,665000.0,3.0,221666.67,3996,166.42,,,,,2025-10-31,41,1910,7118.51,98.53,3x 4BR
Boston,2116,7500000.0,4.0,1875000.0,7339,1021.94,321600.0,23.32,171220.0,2.28,2025-10-31,171,1900,90101.51,93.81,"1x 0BR, 2x 1BR, 1x 2BR, 1x 3BR"
New Bedford,2746,825000.0,4.0,206250.0,4179,197.42,75000.0,11.0,,,2025-10-31,22,1904,6962.0,103.25,"3x 3BR, 1x 4BR"
Milton,2186,990000.0,2.0,495000.0,2700,366.67,,,,,2025-10-31,50,1920,8875.0,100.0,2x 2BR
Southbridge,1550,437500.0,2.0,218750.0,2240,195.31,18000.0,24.31,,,2025-10-31,83,1920,4690.0,97.24,2x 2BR
Boston,2130,1490000.0,2.0,745000.0,2168,687.27,60600.0,24.59,60600.0,4.07,2025-10-31,43,1985,15706.0,93.42,"1x 1BR, 1x 3BR"
Watertown,2472,1345000.0,2.0,672500.0,3492,385.17,,,,,2025-10-31,66,1927,13517.0,98.97,"1x 2BR, 1x 4BR"
New Bedford,2740,480000.0,2.0,240000.0,1702,282.02,,,,,2025-10-31,12,1878,5047.0,106.9,2x 2BR
Leominster,1453,600000.0,2.0,300000.0,2456,244.3,,,,,2025-10-31,8,1945,5070.0,108.13,2x 3BR
Easthampton,1027,585000.0,2.0,292500.0,3060,191.18,40800.0,14.34,40800.0,6.97,2025-10-31,15,1900,6629.0,111.45,"1x 2BR, 1x 3BR"
New Bedford,2745,735000.0,3.0,245000.0,3738,196.63,,,,,2025-10-31,25,1923,6395.0,101.52,"1x 2BR, 2x 3BR"
Boston,2124,1385000.0,3.0,461666.67,3582,386.66,44400.0,31.19,44400.0,3.21,2025-10-31,27,1905,11038.0,106.54,"1x 3BR, 2x 4BR"
Milton,2186,950000.0,2.0,475000.0,2630,361.22,48000.0,19.79,48000.0,5.05,2025-10-31,41,1870,9186.95,95.1,"1x 2BR, 1x 3BR"
Lowell,1854,700000.0,2.0,350000.0,2831,247.26,23400.0,29.91,23400.0,3.34,2025-10-31,77,1930,3524.22,95.24,2x 2BR
Boston,2136,1120000.0,3.0,373333.33,3651,306.77,51600.0,21.71,51600.0,4.61,2025-10-31,12,1895,9961.0,101.83,"2x 2BR, 1x 4BR"
North Attleboro,2760,624000.0,3.0,208000.0,2238,278.82,45084.0,13.84,45084.0,7.22,2025-10-31,92,1930,5302.0,97.5,"2x 1BR, 1x 2BR"
Barnstable,2648,1737500.0,2.0,868750.0,4377,396.96,24.0,72395.83,24.0,0.0,2025-10-31,57,2004,9063.0,93.41,"1x 1BR, 1x 3BR"
New Bedford,2740,550000.0,2.0,275000.0,2776,198.13,,,,,2025-10-31,86,1886,5255.76,100.94,"1x 3BR, 1x 4BR"
Waltham,2451,1150000.0,3.0,383333.33,3906,294.42,14400.0,79.86,14400.0,1.25,2025-10-31,51,1948,10821.0,93.88,"1x 1BR, 2x 2BR"
Quincy,2170,1150000.0,6.0,191666.67,4272,269.19,101950.0,11.28,54161.0,4.71,2025-10-31,26,1900,14848.0,82.44,"4x 1BR, 1x 2BR"
Framingham,1702,900000.0,3.0,300000.0,2509,358.71,66000.0,13.64,66000.0,7.33,2025-10-31,3,1867,9113.0,102.28,"1x 1BR, 2x 2BR"
Brookline,2445,1800000.0,2.0,900000.0,2252,799.29,,,,,2025-10-31,19,1920,16709.0,112.5,"1x 2BR, 1x 3BR"
Springfield,1104,355000.0,3.0,118333.33,3366,105.47,42600.0,8.33,42600.0,12.0,2025-10-31,58,1909,4657.0,88.77,3x 3BR
Wakefield,1880,955000.0,2.0,477500.0,2625,363.81,21000.0,45.48,21000.0,2.2,2025-10-31,22,1920,8526.0,106.12,"1x 1BR, 2x 3BR"
Springfield,1107,475000.0,2.0,237500.0,3111,152.68,,,,,2025-10-31,11,1912,3410.0,100.0,"1x 3BR, 1x 5BR"
Springfield,1107,385000.0,3.0,128333.33,3130,123.0,38160.0,10.09,38160.0,9.91,2025-10-31,51,1900,3827.0,97.47,"1x 2BR, 1x 3BR, 1x 4BR"
Lawrence,1841,900000.0,3.0,300000.0,4356,206.61,,,,,2025-10-31,34,1900,6537.52,103.46,3x 3BR
Everett,2149,735000.0,2.0,367500.0,2100,350.0,16800.0,43.75,16800.0,2.29,2025-10-31,24,1974,7008.0,98.0,"1x 1BR, 1x 4BR"
Revere,2151,855000.0,2.0,427500.0,2254,379.33,,,,,2025-10-31,38,1940,7054.0,98.39,"1x 1BR, 1x 3BR"
Arlington,2474,1300000.0,2.0,650000.0,2240,580.36,,,,,2025-10-31,18,1915,11452.0,118.72,2x 2BR
Haverhill,1832,1250000.0,5.0,250000.0,5380,232.34,129000.0,9.69,115800.0,9.26,2025-10-31,92,1920,10206.0,100.0,"2x 2BR, 3x 3BR"
Fitchburg,1420,490000.0,2.0,245000.0,2815,174.07,,,,,2025-10-31,31,1900,5161.0,98.02,"1x 2BR, 1x 4BR"
Fall River,2724,820000.0,5.0,164000.0,7161,114.51,52800.0,15.53,44851.0,5.47,2025-10-31,45,1900,8661.92,99.39,"1x 0BR, 1x 2BR, 3x 3BR"
New Bedford,2740,450000.0,2.0,225000.0,1762,255.39,,,,,2025-10-31,44,1893,3428.0,97.85,"1x 1BR, 1x 2BR"
Attleboro,2703,390000.0,2.0,195000.0,1681,232.0,36000.0,10.83,36000.0,9.23,2025-10-31,29,1940,4744.0,102.66,2x 1BR
Ludlow,1056,440000.0,2.0,220000.0,2708,162.48,,,,,2025-10-31,23,1910,5228.0,111.53,2x 3BR
Lynn,1905,665000.0,2.0,332500.0,2190,303.65,24000.0,27.71,18300.0,2.75,2025-10-31,8,1880,6820.0,111.02,"1x 1BR, 1x 4BR"
Boston,2127,1800000.0,2.0,900000.0,4000,450.0,123600.0,14.56,123600.0,6.87,2025-10-31,47,1980,20638.0,94.74,"1x 2BR, 1x 5BR"
Lancaster,1523,416000.0,4.0,104000.0,2992,139.04,9000.0,46.22,9000.0,2.16,2025-10-31,6,1920,6758.0,97.88,"2x 1BR, 2x 2BR"
Weymouth,2189,950000.0,3.0,316666.67,2700,351.85,71400.0,13.31,52307.0,5.51,2025-10-31,60,2017,10383.0,95.1,3x 2BR
West Springfield,1089,443000.0,2.0,221500.0,3180,139.31,24000.0,18.46,24000.0,5.42,2025-10-31,29,1880,4277.0,98.47,"1x 3BR, 1x 5BR"
Brockton,2301,650000.0,2.0,325000.0,2298,282.85,,,,,2025-10-31,7,1900,7574.0,103.17,"1x 2BR, 1x 3BR"
Norwood,2062,900000.0,2.0,450000.0,2826,318.47,21600.0,41.67,21600.0,2.4,2025-10-31,62,1928,7858.0,97.3,2x 3BR
Boston,2128,765000.0,2.0,382500.0,2184,350.27,,,,,2025-11-01,1,1912,7877.0,100.0,2x 2BR
Peabody,1960,815000.0,2.0,407500.0,1428,570.73,,,,,2025-11-03,17,1940,5370.0,108.81,2x 2BR
Boston,2128,800000.0,2.0,400000.0,2591,308.76,34800.0,22.99,34800.0,4.35,2025-11-03,27,1880,10413.0,88.9,"1x 2BR, 1x 3BR"
Greenfield,1301,550000.0,3.0,183333.33,3984,138.05,57670.0,9.54,40145.0,7.3,2025-11-03,146,2003,7849.0,98.39,"1x 1BR, 2x 2BR"
Lynn,1902,675000.0,2.0,337500.0,2601,259.52,14400.0,46.88,14400.0,2.13,2025-11-03,23,1900,7451.0,103.86,"1x 2BR, 1x 3BR"
Fall River,2720,510000.0,3.0,170000.0,2450,208.16,51600.0,9.88,51600.0,10.12,2025-11-03,18,1860,4619.17,91.23,2x 2BR
Springfield,1108,263000.0,2.0,131500.0,3780,69.58,,,,,2025-11-03,22,1915,3782.0,131.57,"1x 3BR, 1x 7BR"
Worcester,1606,656000.0,3.0,218666.67,3323,197.41,41400.0,15.85,32199.0,4.91,2025-11-03,28,1902,7261.0,97.19,3x 3BR
Leominster,1453,617000.0,2.0,308500.0,2709,227.76,,,,,2025-11-03,63,1925,5034.0,105.47,"1x 1BR, 1x 4BR"
Fitchburg,1420,502000.0,2.0,251000.0,3421,146.74,26400.0,19.02,,,2025-11-03,30,1890,5666.0,99.41,2x 4BR
Boston,2121,900000.0,2.0,450000.0,1790,502.79,36000.0,25.0,36000.0,4.0,2025-11-03,0,1910,6914.0,101.12,"1x 2BR, 1x 3BR"
Fitchburg,1420,620000.0,2.0,310000.0,2064,300.39,30000.0,20.67,30000.0,4.84,2025-11-03,24,1890,4100.0,105.1,2x 3BR
Salem,1970,875000.0,2.0,437500.0,2808,311.61,22800.0,38.38,22800.0,2.61,2025-11-03,20,1850,6821.0,105.43,"1x 2BR, 1x 5BR"
Milton,2186,985000.0,2.0,492500.0,3312,297.4,66000.0,14.92,66000.0,6.7,2025-11-03,15,1910,9025.0,103.7,"1x 2BR, 1x 3BR"
Easthampton,1027,439000.0,2.0,219500.0,2218,197.93,19200.0,22.86,18040.0,4.11,2025-11-03,27,1910,4709.0,100.0,2x 2BR
Brockton,2301,610000.0,2.0,305000.0,2080,293.27,,,,,2025-11-03,68,1880,6859.0,100.02,2x 2BR
Merrimac,1860,710000.0,2.0,355000.0,2859,248.34,,,,,2025-11-03,21,1873,7836.0,103.05,2x 3BR
New Bedford,2740,280000.0,2.0,140000.0,2030,137.93,,,,,2025-11-03,38,1890,4817.0,70.18,2x 2BR
Boston,2126,620000.0,2.0,310000.0,1387,447.01,50400.0,12.3,50400.0,8.13,2025-11-03,20,1930,6110.0,103.51,"1x 1BR, 1x 2BR"
New Bedford,2740,452700.0,2.0,226350.0,1760,257.22,8400.0,53.89,8400.0,1.86,2025-11-03,60,1886,4047.0,101.12,2x 2BR
Weymouth,2189,525000.0,2.0,262500.0,2104,249.52,,,,,2025-11-03,25,1893,7175.0,91.3,2x 2BR
Uxbridge,1569,600000.0,2.0,300000.0,2807,213.75,,,,,2025-11-03,10,1910,5934.0,100.02,"1x 2BR, 1x 3BR"
Lowell,1850,580000.0,2.0,290000.0,3121,185.84,28800.0,20.14,28800.0,4.97,2025-11-03,20,1920,5571.0,116.02,2x 3BR
Franklin,2038,600000.0,2.0,300000.0,2081,288.32,41880.0,14.33,41880.0,6.98,2025-11-03,13,1880,6632.0,100.02,2x 2BR
Hingham,2043,780000.0,2.0,390000.0,1954,399.18,,,,,2025-11-03,30,1950,6617.0,101.31,"1x 2BR, 1x 3BR"
Revere,2151,945000.0,2.0,472500.0,3177,297.45,,,,,2025-11-03,8,1900,8039.0,102.73,"1x 2BR, 1x 3BR"
New Bedford,2740,650000.0,2.0,325000.0,2688,241.82,15600.0,41.67,15600.0,2.4,2025-11-03,10,1913,5726.0,110.19,2x 3BR
Woburn,1801,775000.0,2.0,387500.0,2610,296.93,49200.0,15.75,49200.0,6.35,2025-11-04,33,1880,5722.0,96.89,"1x 2BR, 1x 3BR"
Brockton,2301,935000.0,3.0,311666.67,3316,281.97,71400.0,13.1,47339.0,5.06,2025-11-04,18,1925,8609.0,98.42,"1x 2BR, 2x 3BR"
Haverhill,1830,1135000.0,3.0,378333.33,4256,266.68,81600.0,13.91,81600.0,7.19,2025-11-04,74,1900,5706.0,94.58,"1x 0BR, 1x 2BR, 2x 3BR"
Boston,2124,1025000.0,3.0,341666.67,3834,267.34,49200.0,20.83,49200.0,4.8,2025-11-04,19,1905,9501.0,102.51,3x 3BR
Lynn,1902,775000.0,2.0,387500.0,3154,245.72,,,,,2025-11-04,28,1900,8049.0,101.31,"1x 3BR, 1x 4BR"
Lynn,1904,1040000.0,3.0,346666.67,2947,352.9,,,,,2025-11-04,15,1890,8232.0,107.33,"2x 2BR, 1x 3BR"
Springfield,1105,110000.0,7.0,15714.29,6931,15.87,,,,,2025-11-04,15,1830,1238.72,73.33,2x 0BR
New Bedford,2740,560000.0,2.0,280000.0,1818,308.03,,,,,2025-11-04,47,1885,4401.0,102.75,"1x 2BR, 1x 3BR"
Worcester,1609,620000.0,3.0,206666.67,3722,166.58,,,,,2025-11-04,20,1890,5676.0,95.4,"2x 2BR, 1x 3BR"
Worcester,1603,570000.0,2.0,285000.0,1776,320.95,,,,,2025-11-04,30,1890,4825.0,100.89,"1x 2BR, 1x 3BR"
Franklin,2038,775000.0,2.0,387500.0,3639,212.97,,,,,2025-11-04,29,1900,10172.0,91.18,"1x 1BR, 1x 4BR"
Lynn,1902,860000.0,2.0,430000.0,2884,298.2,,,,,2025-11-04,26,1900,8621.0,95.66,"1x 3BR, 1x 4BR"
Fitchburg,1420,360000.0,3.0,120000.0,1950,184.62,43200.0,8.33,38980.0,10.83,2025-11-04,72,1920,4981.0,92.31,3x 2BR
Lowell,1850,530000.0,2.0,265000.0,1924,275.47,14400.0,36.81,14400.0,2.72,2025-11-04,149,1910,5031.0,92.17,"1x 1BR, 1x 2BR"
Worcester,1610,850000.0,3.0,283333.33,4212,201.8,91800.0,9.26,91800.0,10.8,2025-11-04,23,1920,7415.0,106.26,3x 4BR
Worcester,1603,940000.0,3.0,313333.33,4642,202.5,126000.0,7.46,126000.0,13.4,2025-11-04,43,1920,0.0,94.01,3x 3BR
Plymouth,2360,1062500.0,4.0,265625.0,4590,231.48,94800.0,11.21,94800.0,8.92,2025-11-04,25,1900,14903.0,88.54,4x 3BR
Newton,2458,1375000.0,2.0,687500.0,2272,605.19,26400.0,52.08,26400.0,1.92,2025-11-05,13,1900,9590.0,100.0,2x 3BR
Chicopee,1013,450000.0,3.0,150000.0,3444,130.66,40800.0,11.03,40800.0,9.07,2025-11-05,26,1900,4859.0,102.3,3x 2BR
Somerville,2145,975000.0,2.0,487500.0,1971,494.67,,,,,2025-11-05,31,1900,8335.0,97.5,"1x 1BR, 1x 3BR"
Everett,2149,765000.0,2.0,382500.0,2316,330.31,24000.0,31.88,24000.0,3.14,2025-11-05,21,1910,8340.0,96.23,"1x 2BR, 1x 3BR"
Salem,1970,891000.0,2.0,445500.0,3087,288.63,60000.0,14.85,60000.0,6.73,2025-11-05,16,1869,7272.0,99.11,"1x 2BR, 1x 5BR"
Swampscott,1907,689000.0,2.0,344500.0,1932,356.63,52800.0,13.05,52800.0,7.66,2025-11-05,42,1900,6394.0,100.0,2x 2BR
Boston,2125,1356000.0,3.0,452000.0,5239,258.83,126168.0,10.75,126168.0,9.3,2025-11-05,21,1905,15628.4,96.93,"1x 3BR, 2x 4BR"
Everett,2149,860000.0,2.0,430000.0,2475,347.47,,,,,2025-11-05,8,1850,8679.0,101.18,"1x 3BR, 1x 5BR"
Boston,2126,1290000.0,3.0,430000.0,3105,415.46,76800.0,16.8,76800.0,5.95,2025-11-05,38,2015,12493.0,95.91,3x 3BR
Somerville,2144,1200000.0,2.0,600000.0,3274,366.52,76800.0,15.62,76800.0,6.4,2025-11-05,48,1910,14598.0,92.66,"1x 2BR, 1x 4BR"
Watertown,2472,1225000.0,2.0,612500.0,2814,435.32,72000.0,17.01,72000.0,5.88,2025-11-05,15,1931,12307.0,102.51,2x 3BR
Lynn,1905,809000.0,2.0,404500.0,2981,271.39,,,,,2025-11-05,19,1890,7868.0,101.14,"1x 2BR, 1x 5BR"
Malden,2148,900000.0,2.0,450000.0,4852,185.49,,,,,2025-11-06,15,1900,8279.0,113.21,"1x 2BR, 1x 4BR"
Haverhill,1832,625000.0,2.0,312500.0,2507,249.3,,,,,2025-11-06,51,1900,4609.0,100.0,"1x 2BR, 1x 5BR"
Worcester,1603,525000.0,2.0,262500.0,2307,227.57,50400.0,10.42,50400.0,9.6,2025-11-06,38,1901,5043.0,100.0,"1x 1BR, 1x 4BR"
North Attleboro,2760,1025000.0,4.0,256250.0,3364,304.7,75600.0,13.56,75600.0,7.38,2025-11-06,14,1970,7720.0,103.55,4x 2BR
Boston,2127,1110000.0,3.0,370000.0,2856,388.66,,,,,2025-11-06,52,1890,13212.0,80.73,"1x 2BR, 2x 3BR"
Somerville,2144,975000.0,2.0,487500.0,2670,365.17,,,,,2025-11-06,7,1910,7085.64,100.0,"1x 1BR, 1x 4BR"
Webster,1570,408000.0,2.0,204000.0,2350,173.62,40200.0,10.15,40200.0,9.85,2025-11-06,40,1880,3052.0,102.03,"1x 2BR, 1x 5BR"
Monson,1057,430000.0,2.0,215000.0,3408,126.17,9600.0,44.79,9600.0,2.23,2025-11-06,25,1895,4531.0,110.28,"1x 3BR, 1x 4BR"
Haverhill,1830,647000.0,2.0,323500.0,1815,356.47,22800.0,28.38,22800.0,3.52,2025-11-06,23,1907,5451.0,104.37,"1x 1BR, 1x 3BR"
Salem,1970,830000.0,2.0,415000.0,2409,344.54,,,,,2025-11-06,24,1850,7625.0,104.4,"1x 2BR, 1x 3BR"
Attleboro,2703,638097.0,3.0,212699.0,3221,198.11,44880.0,14.22,44880.0,7.03,2025-11-06,67,1900,8843.99,98.18,"1x 0BR, 3x 2BR"
Fall River,2724,745000.0,4.0,186250.0,3686,202.12,55200.0,13.5,55200.0,7.41,2025-11-06,19,1900,5816.6,111.19,4x 2BR
New Bedford,2740,552000.0,2.0,276000.0,2035,271.25,,,,,2025-11-06,5,1888,5424.0,100.36,2x 2BR
Northampton,1060,475500.0,2.0,237750.0,1621,293.34,,,,,2025-11-06,20,1900,4522.0,105.69,2x 1BR
Arlington,2474,1325000.0,2.0,662500.0,3380,392.01,,,,,2025-11-06,15,1923,12206.0,110.51,"1x 2BR, 1x 3BR"
Lawrence,1843,775000.0,3.0,258333.33,2992,259.02,46200.0,16.77,46200.0,5.96,2025-11-06,21,1920,5395.0,96.94,"1x 1BR, 2x 2BR"
Gloucester,1930,715000.0,2.0,357500.0,2626,272.28,,,,,2025-11-06,8,1926,6126.0,95.49,"1x 2BR, 1x 3BR"
Brookline,2446,3475000.0,3.0,1158333.33,5682,611.58,,,,,2025-11-06,15,1900,31405.0,99.43,"1x 2BR, 2x 3BR"
Springfield,1104,400000.0,2.0,200000.0,1754,228.05,,,,,2025-11-07,1,1985,3809.0,100.0,"1x 2BR, 1x 3BR"
Chicopee,1013,420000.0,2.0,210000.0,2228,188.51,28800.0,14.58,28800.0,6.86,2025-11-07,68,1920,4398.0,112.33,2x 2BR
Framingham,1702,560000.0,2.0,280000.0,1740,321.84,46440.0,12.06,46440.0,8.29,2025-11-07,5,1952,6786.0,101.84,2x 2BR
Chelsea,2150,1225000.0,2.0,612500.0,3498,350.2,,,,,2025-11-07,37,1910,12858.0,98.08,"1x 3BR, 1x 5BR"
Milford,1757,410000.0,2.0,205000.0,1754,233.75,,,,,2025-11-07,27,1900,5371.0,84.89,"1x 2BR, 1x 3BR"
Marlborough,1752,805000.0,3.0,268333.33,2408,334.3,80040.0,10.06,62040.0,7.71,2025-11-07,15,1900,5550.0,102.55,"1x 1BR, 2x 2BR"
Brockton,2301,810000.0,2.0,405000.0,3171,255.44,,,,,2025-11-07,27,1912,7443.0,102.53,"1x 3BR, 1x 5BR"
Boston,2127,1105000.0,2.0,552500.0,1614,684.63,75600.0,14.62,75600.0,6.84,2025-11-07,72,1880,10838.0,92.08,"1x 1BR, 1x 2BR"
Medford,2155,2182500.0,2.0,1091250.0,3580,609.64,,,,,2025-11-07,6,1900,0.0,96.36,"1x 4BR, 1x 5BR"
Taunton,2780,865000.0,2.0,432500.0,3976,217.56,84000.0,10.3,84000.0,9.71,2025-11-07,18,1900,3399.0,108.13,"1x 3BR, 1x 4BR"
New Bedford,2740,270000.0,2.0,135000.0,1435,188.15,,,,,2025-11-07,35,1870,3634.0,90.03,2x 2BR
Springfield,1108,200000.0,3.0,66666.67,2987,66.96,,,,,2025-11-07,8,1909,3701.0,114.29,3x 2BR
Marlborough,1752,1480000.0,6.0,246666.67,4809,307.76,147000.0,10.07,,,2025-11-07,23,1890,8487.97,98.67,"2x 1BR, 2x 2BR, 1x 4BR"
New Bedford,2746,650000.0,3.0,216666.67,2962,219.45,,,,,2025-11-07,31,1896,3747.0,100.0,"1x 2BR, 2x 3BR"
New Bedford,2740,675000.0,3.0,225000.0,3441,196.16,,,,,2025-11-07,23,1911,5880.0,104.01,3x 3BR
New Bedford,2744,710000.0,3.0,236666.67,3906,181.77,40800.0,17.4,40800.0,5.75,2025-11-07,21,1900,6110.0,105.19,3x 3BR
Norton,2766,500000.0,2.0,250000.0,2124,235.4,36000.0,13.89,36000.0,7.2,2025-11-07,1,1860,6303.0,101.01,2x 2BR
Athol,1331,420000.0,2.0,210000.0,2600,161.54,,,,,2025-11-07,23,1900,3007.0,105.0,"1x 2BR, 1x 4BR"
Boston,2135,1260000.0,2.0,630000.0,2779,453.4,51600.0,24.42,51600.0,4.1,2025-11-07,48,1905,11381.0,97.3,"1x 2BR, 1x 4BR"
Bridgewater,2324,670000.0,3.0,223333.33,3246,206.41,,,,,2025-11-07,7,1916,7170.0,100.0,3x 2BR
Fall River,2721,600000.0,5.0,120000.0,4848,123.76,45000.0,13.33,45000.0,7.5,2025-11-07,96,1900,2890.0,96.79,"1x 0BR, 3x 1BR, 1x 2BR"
South Hadley,1075,540000.0,3.0,180000.0,3000,180.0,67200.0,8.04,67200.0,12.44,2025-11-07,39,1900,4977.0,90.02,"1x 0BR, 1x 2BR, 1x 3BR"
Chicopee,1020,429000.0,2.0,214500.0,1784,240.47,32400.0,13.24,32400.0,7.55,2025-11-07,5,1987,4628.0,107.28,2x 2BR
Haverhill,1830,1525000.0,10.0,152500.0,7656,199.19,10800.0,141.2,64800.0,4.25,2025-11-07,9,1900,16421.0,105.17,5x 1BR
Gloucester,1930,580000.0,2.0,290000.0,2636,220.03,,,,,2025-11-07,101,1900,5321.0,93.7,"1x 2BR, 1x 3BR"
Norwood,2062,710000.0,2.0,355000.0,1512,469.58,42900.0,16.55,42900.0,6.04,2025-11-07,7,1940,6028.0,103.05,2x 2BR
New Bedford,2740,375000.0,2.0,187500.0,1812,206.95,,,,,2025-11-07,131,1873,4374.0,95.18,2x 3BR
Springfield,1109,265000.0,2.0,132500.0,1788,148.21,43200.0,6.13,43200.0,16.3,2025-11-07,64,1890,2849.0,96.36,2x 3BR
Springfield,1107,467000.0,2.0,233500.0,3040,153.62,51600.0,9.05,51600.0,11.05,2025-11-07,35,1915,4568.0,101.54,"1x 3BR, 1x 5BR"
Haverhill,1832,785000.0,3.0,261666.67,3000,261.67,28800.0,27.26,28800.0,3.67,2025-11-07,45,1900,6628.0,101.3,"2x 2BR, 1x 3BR"
Somerville,2145,1365000.0,2.0,682500.0,4156,328.44,,,,,2025-11-07,17,1930,9446.0,101.11,"1x 2BR, 1x 3BR"
Boston,2125,1600000.0,3.0,533333.33,3405,469.9,111000.0,14.41,111000.0,6.94,2025-11-07,23,1905,15565.0,103.23,3x 3BR
Peabody,1960,1120000.0,3.0,373333.33,4276,261.93,61800.0,18.12,61800.0,5.52,2025-11-07,29,1985,9677.0,100.0,"1x 1BR, 1x 2BR, 1x 4BR"
Taunton,2780,720000.0,2.0,360000.0,2520,285.71,,,,,2025-11-07,13,1920,5583.0,101.41,2x 3BR
Springfield,1108,370000.0,2.0,185000.0,2736,135.23,30000.0,12.33,28110.0,7.6,2025-11-07,40,1989,4519.0,100.27,2x 2BR
Winchester,1890,1600000.0,2.0,800000.0,3591,445.56,,,,,2025-11-07,15,1880,18874.0,96.97,2x 4BR
Everett,2149,700000.0,3.0,233333.33,2652,263.95,24.0,29166.67,24.0,0.0,2025-11-07,20,1907,7298.0,88.05,3x 1BR
Boston,2122,1120000.0,3.0,373333.33,2670,419.48,,,,,2025-11-07,39,1905,10022.0,97.39,"2x 2BR, 1x 3BR"
Worcester,1605,800000.0,3.0,266666.67,3908,204.71,92844.0,8.62,66503.0,8.31,2025-11-07,23,1923,10431.0,96.97,3x 3BR
Ludlow,1056,650000.0,4.0,162500.0,4628,140.45,82200.0,7.91,52056.0,8.01,2025-11-07,30,1957,5439.0,100.0,"1x 1BR, 1x 2BR, 1x 4BR"
North Attleboro,2760,690000.0,2.0,345000.0,2857,241.51,,,,,2025-11-07,69,1930,5683.0,98.59,"1x 2BR, 1x 3BR"
Webster,1570,500000.0,3.0,166666.67,2842,175.93,35100.0,14.25,35100.0,7.02,2025-11-07,19,1870,3758.0,104.19,3x 2BR
Methuen,1844,760000.0,2.0,380000.0,2508,303.03,,,,,2025-11-07,72,1930,6529.0,97.45,"1x 2BR, 1x 3BR"
Holyoke,1040,346000.0,2.0,173000.0,3086,112.12,12000.0,28.83,12000.0,3.47,2025-11-07,20,1880,4795.0,101.76,"1x 1BR, 1x 5BR"
Palmer,1069,308000.0,2.0,154000.0,2126,144.87,39600.0,7.78,39600.0,12.86,2025-11-07,60,1900,4599.0,97.78,2x 2BR
Gardner,1440,295000.0,2.0,147500.0,1426,206.87,10200.0,28.92,10200.0,3.46,2025-11-07,32,1900,3172.0,95.47,"1x 1BR, 1x 2BR"
Fall River,2721,735000.0,3.0,245000.0,3672,200.16,43800.0,16.78,43800.0,5.96,2025-11-07,9,1900,6442.0,105.02,"1x 2BR, 2x 3BR"
Leominster,1453,700000.0,3.0,233333.33,3456,202.55,53100.0,13.18,53100.0,7.59,2025-11-07,15,1900,7167.0,93.33,"1x 2BR, 2x 3BR"
Lowell,1850,675000.0,2.0,337500.0,2078,324.83,,,,,2025-11-07,62,1900,6614.0,96.44,2x 3BR
Medford,2155,1075000.0,2.0,537500.0,2450,438.78,23400.0,45.94,23400.0,2.18,2025-11-07,8,1932,8594.08,102.38,2x 2BR
Holyoke,1040,303000.0,2.0,151500.0,1622,186.81,,,,,2025-11-07,22,1910,3885.0,101.0,"1x 1BR, 1x 4BR"
Lancaster,1523,645000.0,2.0,322500.0,2582,249.81,55200.0,11.68,55200.0,8.56,2025-11-10,99,1890,7610.0,98.62,"1x 2BR, 1x 3BR"
Belchertown,1007,400000.0,2.0,200000.0,2748,145.56,38400.0,10.42,38400.0,9.6,2025-11-10,35,1800,5747.0,96.39,2x 2BR
Lawrence,1843,1200000.0,4.0,300000.0,5708,210.23,92400.0,12.99,66580.0,5.55,2025-11-10,26,1900,7402.0,96.0,"3x 4BR, 1x 5BR"
Haverhill,1832,955000.0,3.0,318333.33,3846,248.31,96000.0,9.95,96000.0,10.05,2025-11-10,29,1912,8100.0,100.54,3x 4BR
Springfield,1109,440000.0,2.0,220000.0,2664,165.17,,,,,2025-11-10,40,1914,4505.0,102.33,2x 3BR
Worcester,1610,640000.0,3.0,213333.33,2912,219.78,68400.0,9.36,68400.0,10.69,2025-11-10,31,1890,6465.0,94.19,"1x 2BR, 2x 3BR"
New Bedford,2745,710000.0,3.0,236666.67,3573,198.71,,,,,2025-11-10,22,1914,5983.0,101.43,3x 3BR
Fall River,2724,649000.0,3.0,216333.33,4230,153.43,58800.0,11.04,58800.0,9.06,2025-11-10,86,1900,6721.0,98.48,3x 3BR
Abington,2351,760000.0,3.0,253333.33,3014,252.16,43500.0,17.47,43500.0,5.72,2025-11-10,21,1850,7729.0,104.83,"1x 1BR, 2x 2BR"
Leicester,1524,545000.0,2.0,272500.0,2172,250.92,22800.0,23.9,22800.0,4.18,2025-11-10,14,1850,4541.0,94.78,2x 2BR
Fitchburg,1420,495000.0,3.0,165000.0,3447,143.6,,,,,2025-11-10,45,1915,5530.0,91.67,3x 2BR
Taunton,2780,720000.0,3.0,240000.0,2482,290.09,24.0,30000.0,24.0,0.0,2025-11-10,22,1900,5584.0,99.31,3x 2BR
Boston,2127,1421500.0,3.0,473833.33,2160,658.1,96000.0,14.81,89453.0,6.29,2025-11-10,7,1899,13890.0,100.18,3x 1BR
Boston,2121,1150000.0,2.0,575000.0,4862,236.53,,,,,2025-11-10,134,1900,9523.0,95.84,2x 4BR
Grafton,1519,850000.0,3.0,283333.33,4139,205.36,79200.0,10.73,63506.0,7.47,2025-11-10,25,1839,11737.0,100.0,"1x 1BR, 1x 2BR, 1x 3BR"
Quincy,2169,690000.0,2.0,345000.0,1866,369.77,,,,,2025-11-10,12,1900,8122.0,93.89,"1x 1BR, 1x 2BR"
Easthampton,1027,415000.0,2.0,207500.0,2964,140.01,,,,,2025-11-10,49,1922,4426.0,92.43,2x 4BR
Boston,2130,1425000.0,3.0,475000.0,3348,425.63,70200.0,20.3,70200.0,4.93,2025-11-10,98,1925,16526.0,91.94,"1x 2BR, 2x 3BR"
Springfield,1104,340000.0,2.0,170000.0,2592,131.17,22200.0,15.32,22200.0,6.53,2025-11-10,82,1923,4026.0,100.0,2x 3BR
Somerville,2143,1240000.0,2.0,620000.0,2256,549.65,,,,,2025-11-10,38,1900,11711.0,99.2,2x 3BR
New Bedford,2740,625000.0,2.0,312500.0,2808,222.58,,,,,2025-11-10,13,1891,4767.0,107.78,"1x 2BR, 1x 3BR"
Springfield,1107,500000.0,2.0,250000.0,3076,162.55,,,,,2025-11-10,49,1905,4964.0,104.17,2x 5BR
Boston,2121,867500.0,2.0,433750.0,3752,231.21,,,,,2025-11-10,10,1935,8986.0,102.06,2x 3BR
Dracut,1826,665000.0,2.0,332500.0,2231,298.07,15600.0,42.63,15600.0,2.35,2025-11-12,13,1910,4532.0,102.32,2x 2BR
Cambridge,2141,2999000.0,3.0,999666.67,4089,733.43,181200.0,16.55,166200.0,5.54,2025-11-12,80,1894,19183.0,100.0,3x 3BR
Brockton,2301,665000.0,2.0,332500.0,2197,302.69,,,,,2025-11-12,264,1880,7766.0,95.03,"1x 2BR, 1x 5BR"
Fall River,2723,750000.0,6.0,125000.0,3884,193.1,,,,,2025-11-12,200,1900,8200.0,90.58,5x 2BR
Worcester,1610,880000.0,3.0,293333.33,3723,236.37,90000.0,9.78,69588.0,7.91,2025-11-12,10,1905,8432.0,100.57,3x 3BR
New Bedford,2740,615000.0,3.0,205000.0,3077,199.87,,,,,2025-11-12,50,1911,5423.0,97.63,3x 2BR
Norwood,2062,1095000.0,3.0,365000.0,4082,268.25,107400.0,10.2,107400.0,9.81,2025-11-12,22,1920,7783.0,95.22,"2x 1BR, 1x 4BR"
Somerville,2145,1025000.0,3.0,341666.67,3426,299.18,,,,,2025-11-12,9,1920,12479.0,128.29,3x 2BR
Webster,1570,490000.0,3.0,163333.33,2340,209.4,43800.0,11.19,42180.0,8.61,2025-11-12,85,1880,3528.0,98.0,"1x 1BR, 1x 2BR, 1x 3BR"
New Bedford,2740,545000.0,2.0,272500.0,1934,281.8,,,,,2025-11-12,24,1875,3640.0,103.81,2x 3BR
New Bedford,2740,565000.0,2.0,282500.0,2152,262.55,49800.0,11.35,49800.0,8.81,2025-11-12,40,1893,4512.0,100.0,"1x 2BR, 1x 5BR"
Springfield,1108,485000.0,22.0,22045.45,4577,105.96,33120.0,14.64,33120.0,6.83,2025-11-12,21,1912,6350.0,99.0,2x 6BR
Springfield,1104,375000.0,2.0,187500.0,1800,208.33,31800.0,11.79,31800.0,8.48,2025-11-12,109,1985,5178.0,100.0,2x 2BR
Lynn,1905,550000.0,2.0,275000.0,1724,319.03,,,,,2025-11-12,10,1880,6947.0,106.8,"1x 1BR, 1x 3BR"
Stoneham,2180,525000.0,2.0,262500.0,2306,227.67,,,,,2025-11-12,66,1920,5842.0,87.65,2x 2BR
Fall River,2721,780000.0,2.0,390000.0,4050,192.59,,,,,2025-11-12,122,2006,7463.0,97.5,2x 3BR
Worcester,1604,600000.0,2.0,300000.0,2046,293.26,,,,,2025-11-12,39,1900,6198.0,92.45,2x 3BR
Boston,2124,2650000.0,5.0,530000.0,8162,324.68,247200.0,10.72,247200.0,9.33,2025-11-12,39,1900,12968.0,98.15,"4x 3BR, 1x 5BR"
Amherst,1002,735000.0,2.0,367500.0,2815,261.1,70200.0,10.47,66650.0,9.07,2025-11-12,26,1850,10106.0,98.13,"1x 3BR, 1x 4BR"
Fall River,2720,799900.0,6.0,133316.67,4320,185.16,,,,,2025-11-13,36,1900,6524.0,100.11,"1x 1BR, 1x 2BR"
Dudley,1571,315000.0,2.0,157500.0,2148,146.65,10800.0,29.17,10800.0,3.43,2025-11-13,34,1870,2543.0,98.75,2x 2BR
Raynham,2767,648900.0,2.0,324450.0,1796,361.3,,,,,2025-11-13,20,1880,6286.0,100.0,2x 2BR
Worcester,1606,600000.0,3.0,200000.0,3940,152.28,,,,,2025-11-13,15,1890,8014.0,105.26,3x 2BR
Fall River,2721,1200000.0,6.0,200000.0,8298,144.61,140700.0,8.53,101699.0,8.47,2025-11-13,34,1900,10122.0,92.31,5x 2BR
Norwood,2062,885000.0,3.0,295000.0,2730,324.18,27600.0,32.07,27600.0,3.12,2025-11-13,16,1900,7552.0,100.68,3x 2BR
Springfield,1105,591000.0,2.0,295500.0,3350,176.42,,,,,2025-11-13,25,2025,192.72,103.7,2x 4BR
Fall River,2723,374900.0,2.0,187450.0,900,416.56,,,,,2025-11-13,19,1950,3310.0,100.0,2x 1BR
Worcester,1603,710000.0,3.0,236666.67,3417,207.78,61200.0,11.6,61200.0,8.62,2025-11-13,22,1911,8745.0,101.44,3x 2BR
Springfield,1105,429900.0,3.0,143300.0,3057,140.63,56400.0,7.62,56400.0,13.12,2025-11-13,23,1895,3429.0,102.38,3x 3BR
Brockton,2301,690000.0,2.0,345000.0,1620,425.93,,,,,2025-11-13,22,1925,7402.0,98.71,2x 2BR
Mansfield,2048,770000.0,2.0,385000.0,2156,357.14,34800.0,22.13,34800.0,4.52,2025-11-13,79,1971,8774.0,99.35,"1x 2BR, 1x 3BR"
Haverhill,1835,800000.0,2.0,400000.0,3350,238.81,,,,,2025-11-13,14,1900,6782.0,102.58,"1x 2BR, 1x 5BR"
Springfield,1109,340000.0,2.0,170000.0,2088,162.84,21300.0,15.96,21300.0,6.26,2025-11-13,27,1898,3514.0,101.49,2x 3BR
Springfield,1104,385000.0,2.0,192500.0,2690,143.12,27600.0,13.95,27600.0,7.17,2025-11-13,65,1923,5819.0,98.97,"1x 2BR, 1x 5BR"
Southbridge,1550,600000.0,4.0,150000.0,4000,150.0,51588.0,11.63,51588.0,8.6,2025-11-13,33,1900,6324.0,101.7,"1x 1BR, 2x 2BR, 1x 3BR"
Attleboro,2703,755000.0,2.0,377500.0,2688,280.88,60000.0,12.58,60000.0,7.95,2025-11-14,19,1997,7692.0,100.68,2x 3BR
Milford,1757,700000.0,2.0,350000.0,2912,240.38,,,,,2025-11-14,48,1890,7936.0,101.6,"1x 1BR, 1x 7BR"
Dartmouth,2747,500000.0,2.0,250000.0,1553,321.96,46200.0,10.82,46200.0,9.24,2025-11-14,54,1880,3149.0,93.46,"1x 1BR, 1x 3BR"
New Bedford,2744,575000.0,6.0,95833.33,5369,107.1,27600.0,20.83,27600.0,4.8,2025-11-14,31,1909,5891.37,96.64,"1x 1BR, 2x 2BR, 1x 3BR"
Somerville,2145,1150000.0,2.0,575000.0,2312,497.4,84000.0,13.69,84000.0,7.3,2025-11-14,47,1880,11152.0,95.83,"1x 2BR, 1x 3BR"
Warren,1083,303030.0,2.0,151515.0,2796,108.38,,,,,2025-11-14,62,1892,3154.0,101.04,2x 3BR
Boston,2118,5000000.0,8.0,625000.0,9941,502.97,,,,,2025-11-14,107,1899,99.0,88.5,"2x 1BR, 3x 2BR"
Dighton,2715,375000.0,2.0,187500.0,2928,128.07,,,,,2025-11-14,14,1685,7418.0,102.74,"1x 1BR, 1x 3BR"
Southwick,1077,330000.0,2.0,165000.0,1469,224.64,40800.0,8.09,40800.0,12.36,2025-11-14,77,1940,4075.0,97.06,"1x 1BR, 1x 4BR"
Saugus,1906,780000.0,2.0,390000.0,2116,368.62,,,,,2025-11-14,10,1970,7296.0,100.01,"1x 2BR, 1x 3BR"
Worcester,1607,552000.0,2.0,276000.0,2160,255.56,24000.0,23.0,24000.0,4.35,2025-11-14,14,1924,6296.0,100.36,2x 2BR
Fitchburg,1420,675000.0,3.0,225000.0,3921,172.15,66000.0,10.23,66000.0,9.78,2025-11-14,8,1932,6201.0,108.89,3x 3BR
Worcester,1604,770000.0,3.0,256666.67,4125,186.67,54000.0,14.26,54000.0,7.01,2025-11-14,18,1924,9683.0,96.26,3x 3BR
Worcester,1607,637000.0,3.0,212333.33,3036,209.82,62400.0,10.21,62400.0,9.8,2025-11-14,45,1880,6842.0,98.0,"2x 2BR, 1x 3BR"
Boston,2126,916000.0,2.0,458000.0,2711,337.88,,,,,2025-11-14,9,1900,7185.0,107.78,2x 3BR
Lynn,1902,800000.0,2.0,400000.0,2993,267.29,,,,,2025-11-14,21,1910,8517.0,100.01,"1x 2BR, 1x 3BR"
Springfield,1109,430000.0,4.0,107500.0,2620,164.12,42000.0,10.24,42000.0,9.77,2025-11-14,90,1905,5526.0,100.0,"3x 1BR, 1x 2BR"
Leominster,1453,575500.0,2.0,287750.0,1578,364.7,12000.0,47.96,12000.0,2.09,2025-11-14,14,1957,5879.0,102.79,"1x 1BR, 1x 3BR"
New Bedford,2740,720000.0,3.0,240000.0,3201,224.93,,,,,2025-11-14,23,1909,6320.0,101.41,3x 3BR
Marlborough,1752,770000.0,2.0,385000.0,3285,234.4,,,,,2025-11-14,25,1890,2025.0,99.35,2x 2BR
Malden,2148,980000.0,2.0,490000.0,2639,371.35,,,,,2025-11-14,43,1920,9717.0,95.61,"1x 2BR, 1x 3BR"
Chicopee,1013,320000.0,2.0,160000.0,1344,238.1,12000.0,26.67,12000.0,3.75,2025-11-14,28,1916,3258.0,94.15,2x 2BR
Haverhill,1830,750000.0,2.0,375000.0,2366,316.99,46200.0,16.23,46200.0,6.16,2025-11-14,28,1900,6371.0,100.0,2x 2BR
New Bedford,2746,490150.0,3.0,163383.33,2162,226.71,20400.0,24.03,20400.0,4.16,2025-11-14,112,1904,4978.0,93.36,3x 2BR
Cambridge,2139,6750000.0,12.0,562500.0,13602,496.25,492631.0,13.7,408643.0,6.05,2025-11-14,32,1900,36770.0,93.75,2x 2BR
Winchendon,1475,350000.0,2.0,175000.0,2204,158.8,,,,,2025-11-14,85,1900,2945.0,82.35,"1x 2BR, 1x 4BR"
Lynn,1905,950000.0,3.0,316666.67,3972,239.17,60000.0,15.83,60000.0,6.32,2025-11-14,30,1910,9742.0,90.56,3x 3BR
Townsend,1469,595000.0,2.0,297500.0,2782,213.87,,,,,2025-11-14,22,1960,5568.0,99.33,"1x 1BR, 1x 3BR"
New Bedford,2744,595000.0,2.0,297500.0,2582,230.44,16200.0,36.73,16200.0,2.72,2025-11-14,44,1912,5071.0,101.71,2x 3BR
Cambridge,2140,2570000.0,2.0,1285000.0,3133,820.3,28800.0,89.24,28800.0,1.12,2025-11-14,28,1893,10778.0,99.23,"1x 1BR, 1x 5BR"
Montague,1376,285000.0,2.0,142500.0,2072,137.55,,,,,2025-11-14,29,1925,3827.0,96.61,"1x 1BR, 1x 3BR"
Montague,1351,379900.0,2.0,189950.0,2120,179.2,14400.0,26.38,14400.0,3.79,2025-11-14,19,1985,4819.0,100.0,2x 2BR
Gardner,1440,395000.0,2.0,197500.0,1872,211.0,37200.0,10.62,37200.0,9.42,2025-11-14,26,1924,3632.0,95.18,2x 2BR
Revere,2151,880000.0,2.0,440000.0,2230,394.62,,,,,2025-11-14,15,1960,7060.0,103.53,"1x 2BR, 1x 3BR"
Milford,1757,610000.0,2.0,305000.0,2050,297.56,,,,,2025-11-14,20,1920,6367.0,101.68,2x 2BR
Wakefield,1880,950000.0,2.0,475000.0,2554,371.97,,,,,2025-11-14,17,1880,8484.0,100.01,2x 2BR
Haverhill,1830,730000.0,2.0,365000.0,2490,293.17,25200.0,28.97,25200.0,3.45,2025-11-14,19,1900,5310.0,107.37,"1x 2BR, 1x 3BR"
Haverhill,1835,900000.0,3.0,300000.0,2843,316.57,21060.0,42.74,21060.0,2.34,2025-11-14,20,1900,6790.0,114.07,"1x 1BR, 2x 2BR"
Ashland,1721,640000.0,2.0,320000.0,1994,320.96,43800.0,14.61,43800.0,6.84,2025-11-14,14,1890,5809.0,101.6,"1x 1BR, 1x 3BR"
Winthrop,2152,830000.0,2.0,415000.0,2000,415.0,19800.0,41.92,19800.0,2.39,2025-11-14,41,1966,6813.0,97.65,"1x 1BR, 1x 3BR"
Lowell,1852,625000.0,2.0,312500.0,2046,305.47,24000.0,26.04,48000.0,7.68,2025-11-14,48,1880,5466.0,100.02,2x 2BR
Taunton,2780,735000.0,3.0,245000.0,3376,217.71,66600.0,11.04,66600.0,9.06,2025-11-14,4,1900,6331.0,105.02,"1x 2BR, 2x 3BR"
Springfield,1107,295000.0,2.0,147500.0,2674,110.32,11400.0,25.88,11400.0,3.86,2025-11-14,38,1893,4394.0,102.08,2x 2BR
Boston,2136,970000.0,2.0,485000.0,3072,315.76,57600.0,16.84,57600.0,5.94,2025-11-14,22,1910,8616.0,99.49,"1x 2BR, 1x 4BR"
Westfield,1085,325000.0,2.0,162500.0,2674,121.54,,,,,2025-11-14,35,1900,4212.0,92.86,2x 3BR
Haverhill,1832,870000.0,2.0,435000.0,2754,315.9,,,,,2025-11-14,6,1921,5953.0,102.36,"1x 2BR, 1x 3BR"
Boston,2118,1375000.0,3.0,458333.33,2327,590.89,9600.0,143.23,9600.0,0.7,2025-11-17,111,1875,14283.0,68.75,"2x 0BR, 1x 3BR"
Boston,2124,1100000.0,2.0,550000.0,3776,291.31,,,,,2025-11-17,38,1900,8179.0,91.67,"1x 3BR, 1x 5BR"
Fitchburg,1420,725000.0,7.0,103571.43,5461,132.76,111600.0,6.5,101990.0,14.07,2025-11-17,13,1940,6446.0,96.68,"1x 1BR, 2x 2BR, 2x 3BR"
Southbridge,1550,495000.0,2.0,247500.0,2648,186.93,,,,,2025-11-17,25,1875,517.0,106.45,"1x 2BR, 1x 3BR"
Newton,2465,1350000.0,2.0,675000.0,2664,506.76,80400.0,16.79,64204.0,4.76,2025-11-17,28,1925,9898.0,100.0,"1x 2BR, 1x 3BR"
Everett,2149,885000.0,2.0,442500.0,2441,362.56,,,,,2025-11-17,50,1900,8367.0,98.44,"1x 1BR, 1x 4BR"
Quincy,2169,820000.0,2.0,410000.0,1750,468.57,49800.0,16.47,49800.0,6.07,2025-11-17,11,1900,7041.0,97.62,2x 1BR
Boston,2124,1550000.0,3.0,516666.67,4386,353.4,140400.0,11.04,140400.0,9.06,2025-11-17,38,1900,8653.0,103.33,3x 3BR
Somerville,2143,1260000.0,2.0,630000.0,2651,475.29,,,,,2025-11-17,26,1900,12919.0,100.8,"1x 1BR, 1x 4BR"
Southbridge,1550,480000.0,2.0,240000.0,2252,213.14,19800.0,24.24,19800.0,4.12,2025-11-17,5,1984,5344.0,103.23,"1x 2BR, 1x 3BR"
Lowell,1850,720000.0,2.0,360000.0,3951,182.23,64200.0,11.21,64200.0,8.92,2025-11-17,27,1930,7352.0,100.0,"1x 3BR, 1x 4BR"
New Bedford,2740,435000.0,2.0,217500.0,3720,116.94,9600.0,45.31,9600.0,2.21,2025-11-17,24,1880,3918.0,104.82,2x 2BR
Chicopee,1013,324750.0,2.0,162375.0,3552,91.43,,,,,2025-11-17,8,1920,5283.0,93.05,3x 2BR
Boston,2131,1365000.0,4.0,341250.0,3722,366.74,93600.0,14.58,93600.0,6.86,2025-11-17,22,1920,7477.0,97.5,"2x 2BR, 2x 3BR"
West Springfield,1089,355000.0,2.0,177500.0,2154,164.81,21000.0,16.9,21000.0,5.92,2025-11-17,35,1880,3874.0,101.43,2x 3BR
Warren,1083,650000.0,7.0,92857.14,5645,115.15,79800.0,8.15,52649.0,8.1,2025-11-17,187,1870,6350.0,95.73,"1x 1BR, 4x 2BR"
Medford,2155,1075000.0,2.0,537500.0,3051,352.34,30000.0,35.83,30000.0,2.79,2025-11-17,13,1925,9024.0,110.26,"1x 2BR, 1x 3BR"
Malden,2148,1420000.0,2.0,710000.0,3941,360.31,,,,,2025-11-17,65,1930,9.0,94.67,"1x 2BR, 1x 4BR"
Lowell,1850,782500.0,4.0,195625.0,2738,285.79,66600.0,11.75,66600.0,8.51,2025-11-17,53,1920,6928.0,86.95,"1x 1BR, 1x 2BR, 1x 3BR, 1x 4BR"
Quincy,2170,701000.0,2.0,350500.0,2339,299.7,,,,,2025-11-17,19,1930,8480.0,93.47,2x 2BR
Warren,1083,539000.0,6.0,89833.33,5359,100.58,20400.0,26.42,,,2025-11-17,187,1880,2907.0,93.09,"2x 1BR, 3x 2BR"
New Bedford,2740,605000.0,3.0,201666.67,3072,196.94,,,,,2025-11-17,38,1896,5315.7,106.16,"1x 2BR, 2x 3BR"
Boston,2119,1220000.0,4.0,305000.0,3256,374.69,114000.0,10.7,114000.0,9.34,2025-11-17,63,1890,7430.0,95.69,4x 2BR
Fitchburg,1420,665000.0,2.0,332500.0,4020,165.42,,,,,2025-11-17,34,1860,3573.0,102.31,"1x 3BR, 1x 4BR"
Springfield,1107,400000.0,2.0,200000.0,1872,213.68,18000.0,22.22,18000.0,4.5,2025-11-18,28,1990,5339.0,102.59,2x 2BR
Gardner,1440,420000.0,5.0,84000.0,4500,93.33,9000.0,46.67,9000.0,2.14,2025-11-18,122,1880,4900.0,105.03,"2x 0BR, 1x 1BR"
Lowell,1852,810000.0,3.0,270000.0,3954,204.86,81000.0,10.0,72321.0,8.93,2025-11-18,28,1900,7562.0,101.26,"1x 2BR, 1x 3BR, 1x 5BR"
Bridgewater,2324,775000.0,2.0,387500.0,2496,310.5,20700.0,37.44,20700.0,2.67,2025-11-18,42,1900,5878.0,96.88,2x 2BR
Pittsfield,1201,250000.0,3.0,83333.33,2597,96.26,40800.0,6.13,40800.0,16.32,2025-11-18,237,1905,2432.0,92.63,"1x 1BR, 2x 2BR"
Winthrop,2152,875000.0,2.0,437500.0,2972,294.41,,,,,2025-11-18,4,1900,7217.0,100.0,2x 2BR
Medford,2155,2180000.0,2.0,1090000.0,3536,616.52,,,,,2025-11-18,23,1920,0.0,96.89,2x 3BR
Lynn,1905,1100000.0,3.0,366666.67,3540,310.73,,,,,2025-11-18,9,1900,8383.0,103.78,3x 3BR
Boston,2126,800000.0,2.0,400000.0,3196,250.31,,,,,2025-11-18,9,1920,8082.0,100.01,2x 3BR
Fall River,2721,512000.0,2.0,256000.0,1966,260.43,,,,,2025-11-18,110,1930,4241.0,95.72,2x 2BR
Medford,2155,950000.0,2.0,475000.0,3031,313.43,22800.0,41.67,22800.0,2.4,2025-11-18,64,1900,9315.84,95.0,"1x 1BR, 1x 4BR"
Haverhill,1830,1000000.0,4.0,250000.0,4048,247.04,,,,,2025-11-18,23,1900,8034.0,100.01,"2x 1BR, 2x 4BR"
Somerville,2144,1400000.0,3.0,466666.67,3345,418.54,45000.0,31.11,45000.0,3.21,2025-11-18,35,1910,17598.0,93.4,"1x 1BR, 1x 2BR, 1x 3BR"
Norwood,2062,923000.0,2.0,461500.0,3080,299.68,33000.0,27.97,33000.0,3.58,2025-11-18,17,1910,7910.0,102.56,"2x 1BR, 1x 3BR"
Boston,2124,932000.0,3.0,310666.67,3906,238.61,,,,,2025-11-18,18,1905,11306.0,103.56,3x 3BR
Southbridge,1550,325000.0,3.0,108333.33,2504,129.79,,,,,2025-11-18,15,1890,3543.0,81.27,3x 2BR
Chelsea,2150,820000.0,3.0,273333.33,2394,342.52,,,,,2025-11-18,52,1890,8406.0,92.24,"2x 1BR, 1x 3BR"
Webster,1570,440000.0,2.0,220000.0,1764,249.43,,,,,2025-11-18,3,1930,3603.0,110.03,2x 2BR
Buckland,1370,245000.0,2.0,122500.0,2524,97.07,,,,,2025-11-19,18,1995,6144.0,89.09,"1x 1BR, 1x 4BR"
Revere,2151,942000.0,2.0,471000.0,2183,431.52,67700.0,13.91,56726.0,6.02,2025-11-19,6,1963,7071.0,104.68,2x 3BR
Methuen,1844,1050000.0,2.0,525000.0,3289,319.25,,,,,2025-11-19,32,1910,9304.0,110.64,"1x 3BR, 1x 5BR"
Fall River,2723,635000.0,3.0,211666.67,2991,212.3,52800.0,12.03,52800.0,8.31,2025-11-19,50,1900,5337.0,100.81,"1x 1BR, 2x 2BR"
Gloucester,1930,670000.0,2.0,335000.0,2165,309.47,,,,,2025-11-19,34,1900,4573.26,97.81,2x 3BR
Lawrence,1843,960000.0,2.0,480000.0,3581,268.08,,,,,2025-11-19,21,2015,7407.0,101.06,"1x 3BR, 1x 5BR"
Cambridge,2140,1830000.0,3.0,610000.0,3112,588.05,38400.0,47.66,38400.0,2.1,2025-11-19,16,1892,10380.0,103.1,"2x 2BR, 1x 3BR"
Wakefield,1880,875000.0,2.0,437500.0,2308,379.12,,,,,2025-11-19,36,1860,10982.0,94.6,"1x 1BR, 1x 3BR"
Boston,2128,1410000.0,3.0,470000.0,3759,375.1,121200.0,11.63,111200.0,7.89,2025-11-19,22,1890,13267.0,100.71,3x 4BR
Watertown,2472,1100000.0,2.0,550000.0,2400,458.33,26400.0,41.67,26400.0,2.4,2025-11-19,11,1920,10904.0,100.46,"1x 2BR, 1x 3BR"
Lawrence,1841,915000.0,4.0,228750.0,4325,211.56,70800.0,12.92,70800.0,7.74,2025-11-19,19,1990,7163.93,91.96,"1x 0BR, 2x 2BR, 1x 3BR, 1x 4BR"
Boston,2120,1362000.0,2.0,681000.0,2622,519.45,,,,,2025-11-19,137,1905,13778.0,97.29,2x 2BR
Chelmsford,1824,565000.0,2.0,282500.0,4359,129.62,,,,,2025-11-19,53,1956,6911.0,113.23,2x 0BR
Greenfield,1301,540000.0,5.0,108000.0,4196,128.69,60420.0,8.94,42799.0,7.93,2025-11-19,10,1870,8497.0,109.09,"3x 1BR, 2x 2BR"
Abington,2351,1049000.0,2.0,524500.0,2800,374.64,37200.0,28.2,37200.0,3.55,2025-11-19,27,2025,8444.81,100.0,2x 2BR
Norwood,2062,600000.0,2.0,300000.0,1484,404.31,,,,,2025-11-19,43,1896,6429.0,93.9,2x 2BR
Worcester,1605,2510000.0,13.0,193076.92,15075,166.5,304704.0,8.24,220459.0,8.78,2025-11-19,109,1900,13012.0,89.64,5x 3BR
Palmer,1079,376300.0,2.0,188150.0,2992,125.77,,,,,2025-11-19,19,1900,4944.74,99.29,"1x 1BR, 1x 4BR"
Bridgewater,2324,965000.0,4.0,241250.0,3516,274.46,112800.0,8.55,102011.0,10.57,2025-11-19,22,1860,7745.0,101.58,"1x 0BR, 2x 1BR, 1x 4BR"
Lowell,1854,765000.0,2.0,382500.0,2416,316.64,,,,,2025-11-19,60,1930,6810.0,102.01,2x 3BR
New Bedford,2740,670000.0,2.0,335000.0,2676,250.37,,,,,2025-11-19,18,1902,4760.0,101.52,"1x 3BR, 1x 6BR"
Somerville,2144,1230000.0,2.0,615000.0,2354,522.51,,,,,2025-11-19,7,1900,12813.0,104.68,2x 2BR
Danvers,1923,775000.0,2.0,387500.0,1593,486.5,,,,,2025-11-19,16,1900,6373.0,106.18,2x 2BR
Lowell,1850,790000.0,2.0,395000.0,2600,303.85,94200.0,8.39,94200.0,11.92,2025-11-20,23,1930,7300.0,102.61,2x 4BR
Pittsfield,1201,405000.0,4.0,101250.0,3600,112.5,51000.0,7.94,51000.0,12.59,2025-11-20,23,1900,5595.0,104.11,4x 2BR
Worcester,1604,650000.0,2.0,325000.0,2432,267.27,52800.0,12.31,52800.0,8.12,2025-11-20,31,1924,6607.0,95.6,2x 3BR
Framingham,1702,720000.0,2.0,360000.0,2670,269.66,76800.0,9.38,76800.0,10.67,2025-11-20,37,1900,7433.0,96.13,2x 3BR
Malden,2148,850000.0,2.0,425000.0,2878,295.34,,,,,2025-11-20,2,1890,8345.0,89.48,2x 2BR
Watertown,2472,1650000.0,2.0,825000.0,3391,486.58,,,,,2025-11-20,22,1920,11837.0,100.0,"1x 2BR, 1x 3BR"
Norwood,2062,800000.0,2.0,400000.0,2720,294.12,,,,,2025-11-20,42,1926,7397.0,94.13,2x 2BR
Boston,2113,4400000.0,9.0,488888.89,6978,630.55,54000.0,81.48,54000.0,1.23,2025-11-20,1,1899,22800.0,100.0,"1x 0BR, 1x 1BR"
Boston,2129,1550000.0,2.0,775000.0,3031,511.38,,,,,2025-11-20,110,1870,15344.31,96.88,"1x 1BR, 1x 3BR"
Leicester,1542,499000.0,2.0,249500.0,2136,233.61,,,,,2025-11-20,25,1950,3028.44,100.0,"1x 2BR, 1x 3BR"
Gardner,1440,530000.0,3.0,176666.67,3838,138.09,10800.0,49.07,3799.0,0.72,2025-11-20,23,1900,6754.0,106.02,3x 2BR
Lowell,1852,620000.0,2.0,310000.0,2455,252.55,54000.0,11.48,54000.0,8.71,2025-11-20,71,1910,6049.0,98.43,"1x 2BR, 1x 4BR"
Quincy,2169,1150000.0,3.0,383333.33,3472,331.22,78600.0,14.63,78600.0,6.83,2025-11-20,10,1930,12673.78,109.63,"2x 2BR, 1x 3BR"
Quincy,2170,800000.0,2.0,400000.0,2458,325.47,,,,,2025-11-20,24,1900,7943.0,100.13,2x 2BR
Worcester,1609,570000.0,3.0,190000.0,4964,114.83,18000.0,31.67,18000.0,3.16,2025-11-20,122,1905,3280.35,95.0,"1x 2BR, 1x 3BR"
Fall River,2720,750000.0,3.0,250000.0,3114,240.85,,,,,2025-11-20,11,1900,5577.0,100.03,3x 3BR
Cambridge,2139,2600000.0,3.0,866666.67,3172,819.67,,,,,2025-11-20,6,1854,13490.0,118.18,"1x 1BR, 1x 2BR, 1x 3BR"
Framingham,1702,1250000.0,4.0,312500.0,3300,378.79,10400.0,120.19,124800.0,9.98,2025-11-20,26,1917,10026.0,86.21,4x 2BR
Somerville,2145,940000.0,4.0,235000.0,2418,388.75,76200.0,12.34,76200.0,8.11,2025-11-21,20,1900,10995.0,99.05,"2x 1BR, 2x 2BR"
Westford,1886,775000.0,2.0,387500.0,2146,361.14,,,,,2025-11-21,24,1800,7108.0,97.0,"1x 2BR, 1x 3BR"
Lynn,1902,805000.0,2.0,402500.0,2214,363.6,,,,,2025-11-21,20,1925,8272.0,100.75,2x 2BR
Haverhill,1830,795000.0,2.0,397500.0,2726,291.64,31800.0,25.0,31800.0,4.0,2025-11-21,17,1920,5876.0,101.27,2x 3BR
Middleton,1949,1200000.0,2.0,600000.0,4623,259.57,,,,,2025-11-21,28,1994,11870.0,81.36,"1x 2BR, 1x 3BR"
Haverhill,1830,705000.0,2.0,352500.0,1708,412.76,,,,,2025-11-21,18,1900,4982.0,108.46,"1x 2BR, 1x 4BR"
Fall River,2721,625000.0,2.0,312500.0,2748,227.44,36000.0,17.36,36000.0,5.76,2025-11-21,50,2005,3352.85,95.42,2x 3BR
Winchester,1890,1200000.0,2.0,600000.0,2610,459.77,,,,,2025-11-21,18,1907,11036.0,104.35,"1x 2BR, 1x 3BR"
Haverhill,1832,690000.0,2.0,345000.0,1786,386.34,60000.0,11.5,60000.0,8.7,2025-11-21,26,1900,5972.0,106.32,"1x 2BR, 1x 5BR"
Worcester,1610,600000.0,3.0,200000.0,3724,161.12,72000.0,8.33,72000.0,12.0,2025-11-21,4,1910,5987.0,100.0,3x 2BR
Springfield,1109,395000.0,2.0,197500.0,1920,205.73,18000.0,21.94,18000.0,4.56,2025-11-21,3,1988,4295.0,109.75,2x 3BR
Quincy,2169,870000.0,2.0,435000.0,1797,484.14,44400.0,19.59,44400.0,5.1,2025-11-21,32,1910,7195.0,94.05,"1x 2BR, 1x 4BR"
Winchendon,1475,407500.0,2.0,203750.0,1914,212.9,35400.0,11.51,29232.0,7.17,2025-11-21,45,1870,2379.0,98.19,"1x 1BR, 1x 3BR"
Belmont,2478,2000000.0,4.0,500000.0,4200,476.19,66600.0,30.03,66600.0,3.33,2025-11-21,21,1950,19534.0,88.89,"1x 1BR, 2x 2BR, 1x 3BR"
Springfield,1118,380000.0,2.0,190000.0,1710,222.22,18000.0,21.11,18000.0,4.74,2025-11-21,40,1969,5223.0,105.56,2x 2BR
Warren,1083,260000.0,2.0,130000.0,2222,117.01,,,,,2025-11-21,12,1862,2716.0,104.0,2x 2BR
Southwick,1077,300000.0,2.0,150000.0,2272,132.04,,,,,2025-11-21,93,1925,6180.0,90.94,"1x 1BR, 1x 2BR, 1x 3BR"
Dudley,1571,850000.0,6.0,141666.67,3472,244.82,96000.0,8.85,79200.0,9.32,2025-11-21,6,1963,4596.0,100.01,"3x 1BR, 2x 2BR"
North Andover,1845,790000.0,2.0,395000.0,2504,315.5,,,,,2025-11-21,20,1907,6550.0,98.76,2x 2BR
Boston,2121,835000.0,2.0,417500.0,3181,262.5,,,,,2025-11-21,70,1910,7880.0,104.51,"1x 3BR, 1x 4BR"
Boston,2135,1100000.0,2.0,550000.0,2340,470.09,,,,,2025-11-21,7,1930,6804.43,102.33,2x 2BR
Springfield,1107,255000.0,2.0,127500.0,2635,96.77,25200.0,10.12,25200.0,9.88,2025-11-21,23,1900,3732.0,92.73,"1x 2BR, 1x 3BR"
Saugus,1906,850000.0,2.0,425000.0,2409,352.84,29400.0,28.91,29400.0,3.46,2025-11-21,29,1978,7599.0,94.97,"1x 2BR, 1x 3BR"
Salem,1970,1095000.0,2.0,547500.0,3466,315.93,,,,,2025-11-21,33,1915,9682.0,95.22,"1x 2BR, 1x 6BR"
Weymouth,2189,615000.0,2.0,307500.0,2196,280.05,24000.0,25.62,24000.0,3.9,2025-11-21,99,1768,5773.0,97.62,"1x 1BR, 1x 3BR"
Pittsfield,1201,319000.0,4.0,79750.0,2848,112.01,,,,,2025-11-21,24,1880,3385.0,95.22,4x 2BR
Worcester,1603,400000.0,2.0,200000.0,2131,187.71,,,,,2025-11-21,142,1898,5143.0,100.03,"1x 2BR, 1x 3BR"
Northbridge,1534,640000.0,2.0,320000.0,2584,247.68,,,,,2025-11-21,4,1947,3759.0,111.3,2x 3BR
Winthrop,2152,950000.0,2.0,475000.0,2550,372.55,70800.0,13.42,70800.0,7.45,2025-11-21,8,1900,7281.0,100.01,"1x 2BR, 1x 3BR"
Fitchburg,1420,975000.0,6.0,162500.0,6804,143.3,102300.0,9.53,64000.0,6.56,2025-11-21,0,1920,9322.0,91.55,5x 2BR
Medford,2155,837500.0,2.0,418750.0,2429,344.79,25200.0,33.23,25200.0,3.01,2025-11-21,18,1890,8151.0,93.16,"1x 1BR, 1x 3BR"
Stoneham,2180,1250000.0,2.0,625000.0,3161,395.44,,,,,2025-11-21,21,1900,9638.0,104.25,"1x 3BR, 1x 4BR"
Springfield,1104,374300.0,2.0,187150.0,3035,123.33,,,,,2025-11-21,13,1915,4359.0,106.97,2x 4BR
Taunton,2780,650000.0,2.0,325000.0,2227,291.87,,,,,2025-11-21,3,1800,6029.0,110.17,"1x 1BR, 1x 3BR"
Taunton,2780,850000.0,3.0,283333.33,3600,236.11,24300.0,34.98,14786.0,1.74,2025-11-21,55,1920,7042.0,100.0,3x 2BR
Spencer,1562,505000.0,2.0,252500.0,2082,242.56,,,,,2025-11-21,17,1880,4650.0,96.19,2x 2BR
Springfield,1109,400000.0,2.0,200000.0,3022,132.36,50736.0,7.88,50736.0,12.68,2025-11-21,105,1924,4086.0,93.24,"1x 3BR, 1x 6BR"
Malden,2148,1110000.0,3.0,370000.0,3147,352.72,81000.0,13.7,68059.0,6.13,2025-11-21,11,1925,9941.0,105.82,"1x 1BR, 2x 2BR"
Boston,2125,1210000.0,3.0,403333.33,3990,303.26,,,,,2025-11-21,41,1900,10816.0,93.08,"1x 2BR, 2x 3BR"
Beverly,1915,1300000.0,4.0,325000.0,4878,266.5,,,,,2025-11-21,23,1900,13664.0,100.08,"1x 1BR, 2x 2BR, 1x 3BR"
Stoughton,2072,735000.0,4.0,183750.0,2610,281.61,54000.0,13.61,51600.0,7.02,2025-11-21,103,1920,7338.0,94.85,"2x 1BR, 2x 2BR"
Malden,2148,870000.0,2.0,435000.0,2796,311.16,,,,,2025-11-21,7,1900,8072.0,105.47,"1x 2BR, 1x 4BR"
Springfield,1109,470000.0,3.0,156666.67,3410,137.83,18300.0,25.68,18300.0,3.89,2025-11-21,30,1896,4862.0,100.02,"2x 2BR, 1x 3BR"
Palmer,1080,475000.0,2.0,237500.0,2580,184.11,,,,,2025-11-21,22,1900,4767.0,104.42,2x 3BR
Cambridge,2138,2250000.0,2.0,1125000.0,2239,1004.91,,,,,2025-11-24,54,1927,9107.15,90.0,2x 3BR
Orange,1364,346380.0,2.0,173190.0,2569,134.83,26400.0,13.12,26400.0,7.62,2025-11-24,18,1880,3713.0,108.28,2x 2BR
Taunton,2780,610000.0,2.0,305000.0,1830,333.33,,,,,2025-11-24,21,1900,5411.0,106.09,2x 2BR
New Bedford,2744,595000.0,2.0,297500.0,2202,270.21,,,,,2025-11-24,85,1911,5681.0,101.71,2x 3BR
Boston,2119,1168500.0,3.0,389500.0,2560,456.45,114480.0,10.21,114480.0,9.8,2025-11-24,64,1891,9307.0,95.39,"1x 2BR, 2x 3BR"
Worcester,1604,650000.0,3.0,216666.67,3339,194.67,59100.0,11.0,59100.0,9.09,2025-11-24,22,1910,8265.0,100.02,"2x 2BR, 1x 3BR"
Marlborough,1752,792000.0,3.0,264000.0,3608,219.51,39600.0,20.0,39600.0,5.0,2025-11-24,11,1890,7343.0,100.89,"2x 2BR, 1x 3BR"
Quincy,2169,875000.0,2.0,437500.0,2010,435.32,21600.0,40.51,21600.0,2.47,2025-11-24,22,1780,7765.0,97.23,"1x 2BR, 1x 3BR"
Revere,2151,670000.0,2.0,335000.0,2772,241.7,22800.0,29.39,22800.0,3.4,2025-11-24,17,1920,6376.0,95.72,"1x 2BR, 1x 3BR"
New Bedford,2745,555000.0,2.0,277500.0,1824,304.28,,,,,2025-11-24,31,1916,5716.0,100.91,2x 2BR
Boston,2136,925000.0,2.0,462500.0,2350,393.62,68340.0,13.54,68340.0,7.39,2025-11-24,23,1900,8751.0,102.89,"1x 0BR, 1x 2BR, 1x 3BR"
Lynn,1905,860000.0,3.0,286666.67,2435,353.18,,,16495.0,1.92,2025-11-24,22,1880,1742.99,107.51,3x 2BR
Fitchburg,1420,525000.0,2.0,262500.0,2918,179.92,,,,,2025-11-24,4,1900,5582.0,100.02,"1x 2BR, 1x 3BR"
Holyoke,1040,405000.0,2.0,202500.0,2496,162.26,14400.0,28.12,14400.0,3.56,2025-11-24,20,1997,4218.0,101.28,2x 3BR
Boston,2114,4340000.0,12.0,361666.67,5178,838.16,52740.0,82.29,52740.0,1.22,2025-11-24,63,1899,99.0,87.68,2x 0BR
Boston,2135,960000.0,2.0,480000.0,2430,395.06,19200.0,50.0,19200.0,2.0,2025-11-24,44,1905,10804.9,96.0,2x 2BR
Dracut,1826,650000.0,2.0,325000.0,1654,392.99,57600.0,11.28,57600.0,8.86,2025-11-24,14,1930,4353.0,100.0,2x 3BR
Randolph,2368,860000.0,3.0,286666.67,2624,327.74,,,,,2025-11-24,11,1960,8811.0,101.18,"1x 1BR, 2x 2BR"
Lowell,1854,750000.0,3.0,250000.0,3067,244.54,54000.0,13.89,54000.0,7.2,2025-11-24,45,1910,7430.0,107.14,"1x 1BR, 1x 3BR, 1x 4BR"
Somerville,2143,1215000.0,2.0,607500.0,2320,523.71,,,,,2025-11-24,20,1900,11569.0,98.78,2x 3BR
Lowell,1851,730000.0,2.0,365000.0,3444,211.96,,,,,2025-11-24,18,1900,6725.0,105.81,2x 3BR
Worcester,1602,717500.0,3.0,239166.67,2690,266.73,37860.0,18.95,25225.0,3.52,2025-11-24,104,1920,6132.5,90.26,3x 1BR
Haverhill,1830,910000.0,2.0,455000.0,3758,242.15,30000.0,30.33,30000.0,3.3,2025-11-24,22,1911,7841.0,113.76,"1x 3BR, 1x 5BR"
Malden,2148,960000.0,2.0,480000.0,3570,268.91,,,,,2025-11-24,28,1900,0.0,97.46,"1x 2BR, 1x 4BR"
Haverhill,1830,735000.0,2.0,367500.0,2478,296.61,20400.0,36.03,20400.0,2.78,2025-11-24,12,1906,5412.0,102.08,"1x 2BR, 1x 4BR"
Franklin,2038,570000.0,4.0,142500.0,2594,219.74,27600.0,20.65,27600.0,4.84,2025-11-24,84,1900,8988.0,87.69,"2x 1BR, 2x 2BR"
Boston,2122,1150000.0,3.0,383333.33,4584,250.87,39600.0,29.04,39600.0,3.44,2025-11-24,24,1905,12864.0,95.91,3x 2BR
Wellesley,2481,1730000.0,2.0,865000.0,3351,516.26,36000.0,48.06,36000.0,2.08,2025-11-25,91,1885,14927.0,97.46,"1x 2BR, 1x 4BR"
Boston,2132,1100000.0,3.0,366666.67,3972,276.94,36000.0,30.56,36000.0,3.27,2025-11-25,22,1899,12645.0,91.74,"2x 1BR, 2x 2BR"
Melrose,2176,882500.0,2.0,441250.0,2928,301.4,,,,,2025-11-25,24,1900,7745.0,98.16,"1x 3BR, 1x 4BR"
Fall River,2721,1205000.0,6.0,200833.33,8409,143.3,117600.0,10.25,98400.0,8.17,2025-11-25,5,1900,10992.0,102.55,5x 3BR
Quincy,2170,1041000.0,2.0,520500.0,2272,458.19,31200.0,33.37,31200.0,3.0,2025-11-25,21,1923,9588.0,99.24,"1x 2BR, 1x 3BR"
Montague,1376,375000.0,2.0,187500.0,2190,171.23,19200.0,19.53,19200.0,5.12,2025-11-25,18,1890,2898.0,112.28,2x 2BR
Boston,2118,2800000.0,5.0,560000.0,3151,888.61,218160.0,12.83,218160.0,7.79,2025-11-25,112,1900,99.0,93.33,5x 1BR
Abington,2351,753000.0,2.0,376500.0,2177,345.89,,,,,2025-11-25,43,1900,7122.0,100.41,2x 3BR
Abington,2351,1035000.0,2.0,517500.0,2826,366.24,25200.0,41.07,25200.0,2.43,2025-11-25,23,1920,10764.0,94.09,2x 2BR
Lynn,1902,630525.0,2.0,315262.5,2499,252.31,,,,,2025-11-25,17,1905,7322.0,104.24,"1x 2BR, 1x 3BR"
Boston,2125,1375000.0,3.0,458333.33,4810,285.86,129600.0,10.61,129600.0,9.43,2025-11-25,13,1905,13656.0,101.85,3x 4BR
Revere,2151,970000.0,2.0,485000.0,3205,302.65,,,,,2025-11-25,16,1900,8069.0,99.5,2x 3BR
Worcester,1604,340000.0,2.0,170000.0,1040,326.92,30000.0,11.33,25700.0,7.56,2025-11-25,23,1960,3338.0,97.17,2x 1BR
Medford,2155,1580000.0,4.0,395000.0,3212,491.91,108600.0,14.55,75538.0,4.78,2025-11-25,20,1921,11151.0,92.94,"3x 1BR, 1x 2BR"
Everett,2149,650000.0,2.0,325000.0,1232,527.6,24000.0,27.08,24000.0,3.69,2025-11-25,38,1900,6549.0,108.51,2x 1BR
Plainville,2762,780000.0,4.0,195000.0,2972,262.45,52200.0,14.94,52200.0,6.69,2025-11-25,6,1900,5985.0,111.44,"2x 1BR, 2x 2BR"
Worcester,1604,544000.0,2.0,272000.0,2230,243.95,55200.0,9.86,55200.0,10.15,2025-11-25,57,1902,4926.0,100.0,"1x 3BR, 1x 4BR"
Lawrence,1843,950000.0,2.0,475000.0,2640,359.85,,,,,2025-11-25,9,2025,0.0,109.21,2x 3BR
Barnstable,2601,1900000.0,6.0,316666.67,4104,462.96,134400.0,14.14,124383.0,6.55,2025-11-25,107,2022,6098.87,86.36,5x 1BR
Leominster,1453,670000.0,3.0,223333.33,3704,180.89,86400.0,7.75,,,2025-11-25,46,1915,7039.0,95.04,"1x 2BR, 2x 3BR"
Winchester,1890,899000.0,3.0,299666.67,1860,483.33,,,,,2025-11-25,87,1914,10691.0,90.35,"2x 1BR, 1x 2BR"
Gloucester,1930,1100000.0,4.0,275000.0,2790,394.27,57000.0,19.3,44991.0,4.09,2025-11-25,200,1920,7176.0,91.74,"1x 1BR, 3x 2BR"
Lowell,1854,701000.0,2.0,350500.0,2302,304.52,,,,,2025-11-25,17,1900,6982.0,113.45,2x 3BR
Plymouth,2360,780000.0,2.0,390000.0,2453,317.98,62400.0,12.5,62400.0,8.0,2025-11-25,141,1722,7166.0,100.66,"1x 2BR, 1x 3BR"
New Bedford,2740,515000.0,2.0,257500.0,2728,188.78,,,,,2025-11-25,84,1903,5057.83,103.21,2x 3BR
Boston,2124,1330000.0,3.0,443333.33,6099,218.07,118014.0,11.27,115014.0,8.65,2025-11-25,9,1905,11284.0,93.01,3x 4BR
New Bedford,2744,750000.0,4.0,187500.0,5678,132.09,,,,,2025-11-25,29,1920,6138.0,98.04,"1x 2BR, 2x 5BR, 1x 6BR"
Worcester,1605,450000.0,3.0,150000.0,3821,117.77,19200.0,23.44,19200.0,4.27,2025-11-25,17,1900,7872.0,92.78,"2x 2BR, 1x 3BR"
Spencer,1562,589000.0,3.0,196333.33,3067,192.04,67800.0,8.69,58033.0,9.85,2025-11-25,49,1860,4644.0,100.0,"1x 1BR, 1x 2BR, 1x 4BR"
Easthampton,1027,690000.0,3.0,230000.0,5849,117.97,64800.0,10.65,64800.0,9.39,2025-11-25,44,1830,8989.0,86.26,"1x 2BR, 1x 4BR"
Springfield,1108,330000.0,2.0,165000.0,2496,132.21,31200.0,10.58,31200.0,9.45,2025-11-25,124,1922,4502.0,94.56,2x 3BR
Ludlow,1056,317400.0,2.0,158700.0,1360,233.38,,,,,2025-11-25,17,1969,3758.0,94.75,"1x 1BR, 1x 2BR"
Beverly,1915,885000.0,2.0,442500.0,2889,306.33,33000.0,26.82,33000.0,3.73,2025-11-25,38,1904,9696.0,98.34,"1x 1BR, 1x 3BR"
North Andover,1845,731000.0,2.0,365500.0,2186,334.4,,,,,2025-11-25,23,1910,7401.0,97.47,2x 2BR
Springfield,1107,441000.0,3.0,147000.0,2848,154.85,45900.0,9.61,45900.0,10.41,2025-11-25,41,1908,4651.0,103.76,"2x 2BR, 1x 3BR"
Springfield,1104,410000.0,2.0,205000.0,2780,147.48,,,,,2025-11-25,21,1923,4833.0,102.53,"1x 1BR, 2x 3BR"
Worcester,1609,975000.0,3.0,325000.0,4206,231.81,,,,,2025-11-25,147,1912,5696.76,97.5,"1x 0BR, 1x 4BR, 1x 5BR"
Springfield,1104,649000.0,4.0,162250.0,4420,146.83,68400.0,9.49,68400.0,10.54,2025-11-25,19,1941,4200.0,99.85,"3x 2BR, 1x 3BR"
New Bedford,2740,377500.0,2.0,188750.0,1515,249.17,,,,,2025-11-25,190,1897,2448.0,94.4,"1x 2BR, 1x 3BR"
Framingham,1701,780000.0,2.0,390000.0,2700,288.89,33600.0,23.21,33600.0,4.31,2025-11-25,13,1867,8420.0,100.13,"1x 2BR, 1x 3BR"
Webster,1570,549900.0,1.0,549900.0,2000,274.95,21600.0,25.46,21600.0,3.93,2025-11-25,91,1900,3818.0,100.0,2x 2BR
Grafton,1519,850000.0,2.0,425000.0,3556,239.03,,,,,2025-11-25,146,1820,9345.0,97.14,"1x 2BR, 1x 5BR"
North Andover,1845,955000.0,3.0,318333.33,4147,230.29,,,,,2025-11-25,30,1900,9552.0,96.91,"1x 2BR, 2x 3BR"
New Bedford,2745,616000.0,3.0,205333.33,3390,181.71,23400.0,26.32,23400.0,3.8,2025-11-25,27,1912,5943.41,100.16,3x 3BR
Springfield,1109,485000.0,2.0,242500.0,2048,236.82,,,,,2025-11-26,40,2025,492.0,100.02,2x 3BR
Springfield,1118,449000.0,2.0,224500.0,2656,169.05,15600.0,28.78,15600.0,3.47,2025-11-26,25,1915,3642.0,102.28,"1x 2BR, 1x 4BR"
Agawam,1030,487000.0,2.0,243500.0,1728,281.83,37200.0,13.09,37200.0,7.64,2025-11-26,2,1974,4101.0,102.53,2x 2BR
Boston,2127,835000.0,2.0,417500.0,1879,444.39,,,,,2025-11-26,91,1890,8361.0,119.29,"1x 1BR, 1x 2BR"
Methuen,1844,850000.0,2.0,425000.0,4030,210.92,,,,,2025-11-26,54,1890,6723.59,100.0,"1x 2BR, 1x 3BR"
Boston,2125,1245000.0,3.0,415000.0,3519,353.79,56400.0,22.07,56400.0,4.53,2025-11-26,171,1905,13556.0,88.93,"1x 2BR, 2x 3BR"
Methuen,1844,875000.0,2.0,437500.0,2686,325.76,,,,,2025-11-26,15,1930,7195.0,99.9,2x 3BR
Springfield,1108,490000.0,2.0,245000.0,3142,155.95,,,,,2025-11-26,30,1900,3900.0,100.0,"1x 3BR, 1x 4BR"
Springfield,1108,391000.0,2.0,195500.0,2572,152.02,,,,,2025-11-26,5,1924,4428.0,134.87,2x 3BR
Springfield,1109,340000.0,2.0,170000.0,1764,192.74,12000.0,28.33,12000.0,3.53,2025-11-26,10,1986,3465.0,103.06,2x 2BR
Lawrence,1841,580000.0,2.0,290000.0,3133,185.13,,,,,2025-11-26,56,1920,5174.0,100.0,"1x 1BR, 1x 5BR"
New Bedford,2746,573000.0,2.0,286500.0,2316,247.41,33600.0,17.05,33600.0,5.86,2025-11-26,18,1925,4786.0,100.7,2x 3BR
Malden,2148,850000.0,2.0,425000.0,2199,386.54,,,,,2025-11-26,6,1920,8133.0,96.7,"1x 1BR, 1x 3BR"
Worcester,1605,555000.0,2.0,277500.0,2226,249.33,62400.0,8.89,62400.0,11.24,2025-11-26,20,1915,5408.0,105.71,"1x 2BR, 1x 3BR"
Haverhill,1832,820000.0,2.0,410000.0,2203,372.22,,,,,2025-11-26,33,1900,5406.0,102.51,"1x 2BR, 1x 4BR"
Haverhill,1835,720000.0,2.0,360000.0,2107,341.72,,,,,2025-11-26,43,1975,6426.0,97.3,2x 3BR
Stoughton,2072,770000.0,2.0,385000.0,1694,454.55,28800.0,26.74,28800.0,3.74,2025-11-26,71,1895,6861.0,104.05,2x 2BR
Malden,2148,1185000.0,2.0,592500.0,3840,308.59,76800.0,15.43,76800.0,6.48,2025-11-26,17,1900,11858.0,103.04,2x 3BR
Hudson,1749,500000.0,2.0,250000.0,1338,373.69,,,,,2025-11-26,38,1900,4648.0,102.25,2x 2BR
Fall River,2721,350000.0,2.0,175000.0,1839,190.32,,,,,2025-11-26,3,1900,3987.0,94.62,"1x 2BR, 1x 5BR"
Hull,2045,700000.0,2.0,350000.0,1176,595.24,31200.0,22.44,31200.0,4.46,2025-11-26,113,1910,4357.0,95.9,"1x 1BR, 1x 2BR"
New Bedford,2746,660000.0,3.0,220000.0,3390,194.69,,,,,2025-11-26,47,1913,6279.0,103.14,3x 3BR
New Bedford,2744,417000.0,3.0,139000.0,1817,229.5,38400.0,10.86,38400.0,9.21,2025-11-26,63,1884,4289.0,92.69,3x 2BR
Boston,2126,1070000.0,3.0,356666.67,3648,293.31,113400.0,9.44,113400.0,10.6,2025-11-26,30,1905,12269.0,93.04,3x 3BR
New Bedford,2745,640000.0,2.0,320000.0,2472,258.9,,,,,2025-11-26,20,1922,6037.0,103.24,2x 2BR
Saugus,1906,700000.0,2.0,350000.0,2184,320.51,,,,,2025-11-26,48,1989,9329.0,93.35,"1x 1BR, 1x 4BR"
Bridgewater,2324,840000.0,2.0,420000.0,2956,284.17,23400.0,35.9,23400.0,2.79,2025-11-26,34,1900,7828.0,105.13,"1x 3BR, 1x 5BR"
Chelsea,2150,895000.0,3.0,298333.33,3054,293.06,72000.0,12.43,66900.0,7.47,2025-11-26,30,1900,9305.0,94.22,3x 2BR
Cambridge,2138,1250000.0,2.0,625000.0,2340,534.19,31800.0,39.31,31800.0,2.54,2025-11-26,38,1927,6713.0,96.23,"1x 2BR, 1x 3BR"
Norton,2766,570000.0,2.0,285000.0,1800,316.67,,,,,2025-11-26,13,1948,5525.0,103.64,2x 2BR
Lynn,1904,800000.0,2.0,400000.0,2733,292.72,,,,,2025-11-26,6,1920,8667.0,105.4,2x 2BR
Wakefield,1880,1100000.0,2.0,550000.0,2288,480.77,24000.0,45.83,24000.0,2.18,2025-11-26,18,1930,9295.0,110.55,2x 2BR
Somerville,2144,875000.0,2.0,437500.0,1297,674.63,,,,,2025-11-27,27,1910,9540.0,100.0,2x 1BR
Somerville,2144,875000.0,2.0,437500.0,1279,684.13,,,,,2025-11-27,27,1910,9457.0,94.1,2x 1BR
Falmouth,2536,801000.0,1.0,801000.0,1522,526.28,,,,,2025-11-27,102,1944,3858.0,103.35,"1x 2BR, 1x 3BR"
Boston,2129,1210000.0,3.0,403333.33,2658,455.23,28800.0,42.01,28800.0,2.38,2025-11-27,46,1890,13450.0,93.08,3x 1BR
Boston,2128,1010000.0,3.0,336666.67,2328,433.85,,,,,2025-11-27,96,1900,9882.0,96.19,3x 2BR
Fall River,2724,410000.0,2.0,205000.0,1344,305.06,,,,,2025-11-28,26,1900,3878.0,91.13,2x 2BR
Boston,2115,10500000.0,2.0,5250000.0,12004,874.71,,,,,2025-11-28,47,1881,156514.0,80.77,"1x 3BR, 1x 4BR"
Springfield,1151,445000.0,2.0,222500.0,2800,158.93,33000.0,13.48,33000.0,7.42,2025-11-28,43,1926,3321.0,104.71,"1x 3BR, 1x 4BR"
Quincy,2169,925000.0,2.0,462500.0,3012,307.1,51600.0,17.93,51600.0,5.58,2025-11-28,11,1940,10273.0,102.89,"1x 2BR, 1x 5BR"
Holyoke,1040,390000.0,2.0,195000.0,3727,104.64,,,,,2025-11-28,43,1900,3913.0,97.52,2x 3BR
Belmont,2478,1400000.0,2.0,700000.0,4330,323.33,,,,,2025-11-28,50,1932,16356.04,90.32,2x 4BR
Brockton,2301,715000.0,2.0,357500.0,2338,305.82,4400.0,162.5,48000.0,6.71,2025-11-28,19,1912,7276.0,102.16,2x 2BR
Boston,2131,1380000.0,3.0,460000.0,4287,321.9,31200.0,44.23,31200.0,2.26,2025-11-28,6,1920,13953.0,102.22,3x 3BR
Fitchburg,1420,592000.0,4.0,148000.0,3568,165.92,73800.0,8.02,64849.0,10.95,2025-11-28,13,1930,7102.0,98.68,4x 2BR
Haverhill,1830,755000.0,2.0,377500.0,2624,287.73,27600.0,27.36,27600.0,3.66,2025-12-01,0,1929,6274.0,100.0,"1x 2BR, 1x 3BR"
New Bedford,2740,565000.0,2.0,282500.0,2718,207.87,43200.0,13.08,43200.0,7.65,2025-12-01,44,1923,6165.0,98.26,2x 2BR
Chicopee,1020,410000.0,2.0,205000.0,3222,127.25,,,,,2025-12-01,23,1880,6676.0,102.5,"1x 2BR, 1x 3BR"
Salem,1970,1225000.0,3.0,408333.33,3650,335.62,33600.0,36.46,33600.0,2.74,2025-12-01,28,1910,13040.0,94.59,"2x 2BR, 1x 3BR"
Arlington,2476,1105000.0,2.0,552500.0,3534,312.68,,,,,2025-12-01,8,1929,11117.0,97.45,"1x 2BR, 1x 4BR"
Boston,2129,1600000.0,2.0,800000.0,2200,727.27,30000.0,53.33,30000.0,1.88,2025-12-01,25,1885,13399.0,94.17,"1x 1BR, 1x 3BR"
Southbridge,1550,447000.0,2.0,223500.0,2099,212.96,,,,,2025-12-01,30,1900,4096.0,102.76,2x 3BR
Braintree,2184,1100000.0,4.0,275000.0,2692,408.62,72950.0,15.08,45730.0,4.16,2025-12-01,17,1900,9693.0,100.09,"2x 1BR, 2x 2BR"
Shrewsbury,1545,475000.0,2.0,237500.0,2358,201.44,31200.0,15.22,31200.0,6.57,2025-12-01,49,1945,6811.0,90.49,2x 1BR
Lowell,1854,650000.0,2.0,325000.0,3258,199.51,57000.0,11.4,57000.0,8.77,2025-12-01,21,1860,7510.0,100.0,2x 4BR
Arlington,2474,1075000.0,2.0,537500.0,2116,508.03,21900.0,49.09,16400.0,1.53,2025-12-01,8,1927,11088.0,97.73,2x 2BR
Lowell,1851,710000.0,2.0,355000.0,3126,227.13,23400.0,30.34,23400.0,3.3,2025-12-01,22,1890,7870.0,101.44,2x 3BR
Haverhill,1830,745000.0,2.0,372500.0,2180,341.74,23400.0,31.84,23400.0,3.14,2025-12-01,21,1890,5437.0,109.57,"1x 3BR, 1x 4BR"
Boston,2127,1125000.0,3.0,375000.0,2649,424.69,49800.0,22.59,,,2025-12-01,71,1890,15968.0,91.84,"2x 1BR, 1x 2BR"
Easthampton,1027,660000.0,2.0,330000.0,2319,284.61,55200.0,11.96,51945.0,7.87,2025-12-01,17,1910,5625.0,120.22,"1x 2BR, 1x 3BR"
Malden,2148,1205000.0,2.0,602500.0,3541,340.3,,,,,2025-12-01,64,1900,10279.0,100.42,"1x 2BR, 1x 6BR"
Avon,2322,967000.0,2.0,483500.0,4050,238.77,,,,,2025-12-01,184,1850,8670.0,92.1,"1x 2BR, 1x 4BR"
North Andover,1845,923000.0,2.0,461500.0,3568,258.69,63600.0,14.51,63600.0,6.89,2025-12-01,8,1905,10315.0,105.49,"1x 3BR, 1x 4BR"
Malden,2148,1100000.0,2.0,550000.0,4138,265.83,108600.0,10.13,95000.0,8.64,2025-12-01,18,1900,10032.0,110.11,"1x 3BR, 1x 6BR"
Montague,1376,379000.0,2.0,189500.0,2810,134.88,28020.0,13.53,28020.0,7.39,2025-12-01,28,1887,3723.0,100.0,2x 4BR
Braintree,2184,760000.0,2.0,380000.0,2312,328.72,239976.0,3.17,999.0,0.13,2025-12-01,20,1900,6621.0,101.35,2x 3BR
Malden,2148,975000.0,3.0,325000.0,1943,501.8,85200.0,11.44,85200.0,8.74,2025-12-01,23,1900,10502.0,97.51,"1x 1BR, 2x 2BR"
Worcester,1604,495000.0,2.0,247500.0,1563,316.7,42000.0,11.79,42000.0,8.48,2025-12-01,128,1900,4427.0,99.02,"1x 1BR, 1x 2BR"
Abington,2351,367000.0,2.0,183500.0,1686,217.67,,,,,2025-12-01,13,1870,6192.0,91.77,"1x 1BR, 1x 2BR"
Boston,2122,1570000.0,4.0,392500.0,2880,545.14,43800.0,35.84,43800.0,2.79,2025-12-01,78,1899,7168.0,95.15,"2x 1BR, 2x 2BR"
Haverhill,1835,865000.0,2.0,432500.0,3408,253.81,25200.0,34.33,25200.0,2.91,2025-12-01,8,1920,9225.0,108.14,"1x 2BR, 1x 3BR"
Somerville,2144,1200000.0,2.0,600000.0,2808,427.35,81600.0,14.71,81600.0,6.8,2025-12-02,22,1900,13112.56,96.08,"1x 1BR, 1x 4BR"
Lawrence,1841,938000.0,3.0,312666.67,4089,229.4,21600.0,43.43,21600.0,2.3,2025-12-02,14,1900,6281.0,101.41,3x 3BR
Hopkinton,1748,916000.0,2.0,458000.0,3673,249.39,,,,,2025-12-02,22,1875,7639.0,101.78,"1x 2BR, 1x 4BR"
Quincy,2170,948000.0,2.0,474000.0,2557,370.75,25200.0,37.62,25200.0,2.66,2025-12-02,35,1920,9614.0,99.89,2x 3BR
West Springfield,1089,360000.0,2.0,180000.0,2036,176.82,,,,,2025-12-02,126,1890,3829.0,95.49,2x 2BR
Medford,2155,1076000.0,2.0,538000.0,2198,489.54,,,,,2025-12-02,5,1900,7487.0,102.48,2x 3BR
Norwood,2062,1225000.0,3.0,408333.33,4912,249.39,114000.0,10.75,114000.0,9.31,2025-12-02,15,1924,8794.72,100.0,"2x 1BR, 1x 4BR"
Cambridge,2140,1050000.0,2.0,525000.0,1795,584.96,,,,,2025-12-02,118,1870,5864.0,100.1,"1x 1BR, 1x 3BR"
Springfield,1108,485000.0,2.0,242500.0,2048,236.82,25200.0,19.25,25200.0,5.2,2025-12-02,39,2024,3904.0,97.02,2x 3BR
Fall River,2724,750000.0,3.0,250000.0,4197,178.7,,,,,2025-12-02,21,1900,6829.0,107.16,3x 3BR
Cambridge,2139,5150000.0,4.0,1287500.0,5368,959.39,,,,,2025-12-02,6,1912,9036.51,114.44,4x 3BR
Beverly,1915,800000.0,3.0,266666.67,2237,357.62,51000.0,15.69,51000.0,6.38,2025-12-02,25,1900,6151.0,95.35,3x 1BR
Lawrence,1841,1100000.0,4.0,275000.0,5007,219.69,75804.0,14.51,75804.0,6.89,2025-12-02,21,1880,9978.0,100.09,"1x 2BR, 3x 3BR"
Pepperell,1463,615000.0,2.0,307500.0,2052,299.71,15000.0,41.0,15000.0,2.44,2025-12-02,20,1970,6100.0,98.4,2x 2BR
Rehoboth,2769,565000.0,2.0,282500.0,2770,203.97,,,,,2025-12-02,16,1900,4709.0,98.26,2x 2BR
Lawrence,1841,506175.0,4.0,126543.75,3760,134.62,,,,,2025-12-02,56,1900,6952.0,75.0,"3x 2BR, 1x 3BR"
Rockport,1966,800000.0,2.0,400000.0,1701,470.31,,,,,2025-12-02,22,1960,5384.0,103.36,"1x 1BR, 1x 2BR"
Boston,2135,1255000.0,2.0,627500.0,3630,345.73,,,,,2025-12-02,7,1925,12715.0,100.4,"1x 1BR, 1x 4BR"
New Bedford,2740,585000.0,2.0,292500.0,2286,255.91,54600.0,10.71,54600.0,9.33,2025-12-02,23,1878,4054.0,100.0,"1x 2BR, 1x 5BR"
Salem,1970,1050000.0,3.0,350000.0,3468,302.77,69600.0,15.09,69600.0,6.63,2025-12-02,19,1915,8262.0,106.17,3x 2BR
Fall River,2721,1070000.0,7.0,152857.14,5564,192.31,,,,,2025-12-02,29,1900,7742.0,99.53,"1x 1BR, 3x 2BR, 1x 4BR"
Leominster,1453,985000.0,6.0,164166.67,4320,228.01,90600.0,10.87,69201.0,7.03,2025-12-02,70,1924,8194.0,93.81,"1x 1BR, 4x 2BR"
Lowell,1851,940000.0,4.0,235000.0,4499,208.94,93000.0,10.11,62001.0,6.6,2025-12-02,8,1900,8516.0,96.41,"3x 2BR, 1x 3BR"
Springfield,1118,487000.0,2.0,243500.0,2504,194.49,,,,,2025-12-02,16,1924,1819.0,99.39,2x 3BR
Somerville,2144,950000.0,2.0,475000.0,2056,462.06,28800.0,32.99,28800.0,3.03,2025-12-03,98,1900,9370.0,100.0,"1x 1BR, 1x 2BR"
Norwood,2062,795000.0,2.0,397500.0,2772,286.8,,,,,2025-12-03,2,1976,8741.0,99.5,"1x 2BR, 1x 3BR"
Worcester,1602,595000.0,2.0,297500.0,2000,297.5,39240.0,15.16,29024.0,4.88,2025-12-03,32,1916,6100.0,102.59,2x 2BR
New Bedford,2740,530000.0,3.0,176666.67,2360,224.58,,,,,2025-12-03,58,1920,4532.0,100.0,3x 2BR
Brockton,2301,685000.0,3.0,228333.33,2280,300.44,,,,,2025-12-03,75,1925,7100.0,93.84,2x 2BR
Quincy,2170,1403000.0,4.0,350750.0,3263,429.97,115200.0,12.18,115200.0,8.21,2025-12-03,16,1910,10263.0,101.67,"1x 1BR, 2x 2BR, 1x 3BR"
Southbridge,1550,460000.0,2.0,230000.0,2436,188.83,47796.0,9.62,47796.0,10.39,2025-12-03,60,1940,5363.0,102.24,2x 3BR
Boston,2127,1400000.0,2.0,700000.0,2192,638.69,24000.0,58.33,24000.0,1.71,2025-12-03,36,1890,15280.0,98.25,"1x 1BR, 1x 2BR"
Lowell,1851,810000.0,2.0,405000.0,4248,190.68,21600.0,37.5,21600.0,2.67,2025-12-03,15,1910,8507.0,105.33,"1x 2BR, 1x 5BR"
Lawrence,1841,695000.0,2.0,347500.0,3304,210.35,,,,,2025-12-03,58,1920,0.0,106.94,2x 3BR
North Andover,1845,968000.0,3.0,322666.67,3200,302.5,,,,,2025-12-03,15,1900,7847.0,107.57,"1x 1BR, 2x 3BR"
New Bedford,2746,675000.0,3.0,225000.0,3321,203.25,,,,,2025-12-03,46,1909,7105.0,99.26,3x 3BR
Rockland,2370,443835.0,2.0,221917.5,1884,235.58,,,,,2025-12-03,25,1860,6771.0,103.24,2x 2BR
Salem,1970,1750000.0,5.0,350000.0,5709,306.53,119400.0,14.66,102016.0,5.83,2025-12-03,32,1850,16694.0,97.49,"4x 1BR, 1x 2BR"
East Longmeadow,1028,425000.0,2.0,212500.0,1452,292.7,,,,,2025-12-03,7,1880,6181.0,100.02,2x 2BR
Waltham,2453,1285000.0,2.0,642500.0,4727,271.84,,,,,2025-12-03,21,1910,10093.92,99.23,"1x 4BR, 1x 7BR"
Leominster,1453,575000.0,3.0,191666.67,2176,264.25,20400.0,28.19,20400.0,3.55,2025-12-03,211,1920,5980.0,98.31,"1x 1BR, 2x 2BR"
Springfield,1151,350000.0,2.0,175000.0,1680,208.33,21000.0,16.67,21000.0,6.0,2025-12-03,47,1916,3169.0,97.25,"1x 2BR, 1x 3BR"
Westfield,1085,370000.0,2.0,185000.0,1950,189.74,16500.0,22.42,16500.0,4.46,2025-12-03,22,1920,4055.0,109.14,2x 2BR
Marshfield,2050,900000.0,2.0,450000.0,2610,344.83,,,,,2025-12-03,64,1900,6996.0,85.71,"1x 1BR, 1x 5BR"
Attleboro,2703,325000.0,2.0,162500.0,1088,298.71,15600.0,20.83,15600.0,4.8,2025-12-03,17,1900,4331.0,92.88,2x 1BR
Lawrence,1841,895000.0,2.0,447500.0,4104,218.08,79200.0,11.3,79200.0,8.85,2025-12-03,7,2021,7520.0,99.46,2x 5BR
Wilmington,1887,715000.0,6.0,119166.67,3289,217.39,74400.0,9.61,74400.0,10.41,2025-12-03,16,1931,6912.0,98.63,3x 1BR
Somerville,2145,1232000.0,2.0,616000.0,3025,407.27,,,,,2025-12-03,37,1885,10015.0,98.64,"1x 2BR, 1x 3BR"
West Springfield,1089,515000.0,2.0,257500.0,2658,193.75,27600.0,18.66,27600.0,5.36,2025-12-03,4,1920,4358.0,105.32,"1x 2BR, 1x 5BR"
Fall River,2720,838000.0,4.0,209500.0,3433,244.1,,,,,2025-12-03,100,1900,9178.0,98.7,4x 2BR
Leominster,1453,507000.0,4.0,126750.0,5835,86.89,14400.0,35.21,14400.0,2.84,2025-12-03,1,1900,8112.0,106.74,"1x 0BR, 3x 2BR"
Chicopee,1013,612000.0,4.0,153000.0,3666,166.94,,,,,2025-12-03,22,1931,3190.0,102.17,"1x 0BR, 3x 3BR"
Winchendon,1475,475000.0,3.0,158333.33,3044,156.04,50400.0,9.42,42000.0,8.84,2025-12-03,63,1890,2754.0,100.0,"2x 2BR, 1x 4BR"
Spencer,1562,4025000.0,18.0,223611.11,14760,272.7,388078.0,10.37,305079.0,7.58,2025-12-03,153,1970,14327.0,98.17,2x 2BR
New Bedford,2746,695000.0,3.0,231666.67,3774,184.15,,,,,2025-12-04,109,1911,6709.09,100.0,3x 3BR
Southbridge,1550,501000.0,2.0,250500.0,3040,164.8,32400.0,15.46,32400.0,6.47,2025-12-04,28,1880,5566.0,100.4,2x 3BR
Worcester,1603,540000.0,2.0,270000.0,3213,168.07,,,,,2025-12-04,39,1890,7206.0,95.58,"1x 3BR, 1x 4BR"
Natick,1760,800000.0,2.0,400000.0,2336,342.47,,,,,2025-12-04,38,1880,8404.0,88.99,2x 2BR
Watertown,2472,1100000.0,2.0,550000.0,3098,355.07,,,,,2025-12-04,172,1920,11974.33,100.09,"1x 2BR, 1x 3BR"
Watertown,2472,827000.0,2.0,413500.0,2831,292.12,,,,,2025-12-04,8,1880,10552.0,137.83,2x 2BR
Dracut,1826,653000.0,2.0,326500.0,1828,357.22,,,,,2025-12-04,19,1964,5400.0,105.34,2x 2BR
Lynn,1902,660000.0,3.0,220000.0,3017,218.76,48000.0,13.75,48000.0,7.27,2025-12-04,142,1915,8133.0,84.08,"1x 2BR, 2x 3BR"
Amesbury,1913,1100000.0,3.0,366666.67,3744,293.8,40800.0,26.96,40800.0,3.71,2025-12-04,150,1870,10198.0,91.74,"1x 2BR, 2x 3BR"
North Adams,1247,150000.0,2.0,75000.0,1700,88.24,36000.0,4.17,15840.0,10.56,2025-12-04,61,1900,2557.0,85.71,"1x 2BR, 1x 3BR"
Worcester,1604,625000.0,2.0,312500.0,2826,221.16,,,,,2025-12-04,12,1920,7152.0,108.7,2x 3BR
Quincy,2170,900000.0,2.0,450000.0,2104,427.76,,,,,2025-12-04,13,1910,9197.0,105.89,2x 2BR
Revere,2151,1035000.0,2.0,517500.0,4484,230.82,,,,,2025-12-04,29,1960,7604.0,105.62,"1x 2BR, 1x 3BR"
Boston,2134,2560000.0,3.0,853333.33,4313,593.55,210600.0,12.16,170793.0,6.67,2025-12-04,15,1920,23843.0,98.65,"1x 3BR, 2x 4BR"
Greenfield,1301,299000.0,2.0,149500.0,1686,177.34,33600.0,8.9,33600.0,11.24,2025-12-04,22,1918,4395.0,100.0,2x 2BR
North Adams,1247,111500.0,2.0,55750.0,2544,43.83,,,,,2025-12-04,19,1890,1519.0,97.04,2x 3BR
Somerville,2144,1220000.0,2.0,610000.0,3090,394.82,,,,,2025-12-04,42,1900,13647.0,93.92,2x 3BR
Boston,2121,3000000.0,8.0,375000.0,9264,323.83,307200.0,9.77,216188.0,7.21,2025-12-04,95,1905,22946.0,96.81,2x 3BR
Boston,2121,905000.0,2.0,452500.0,5053,179.1,,,,,2025-12-04,23,1899,8358.42,113.27,"1x 2BR, 1x 6BR"
Salisbury,1952,1150000.0,3.0,383333.33,5710,201.4,,,,,2025-12-04,141,1920,12201.0,88.8,"1x 3BR, 1x 5BR"
Boston,2122,1200000.0,3.0,400000.0,2724,440.53,86400.0,13.89,86400.0,7.2,2025-12-04,15,1890,9541.0,104.35,"2x 2BR, 1x 3BR"
Cambridge,2138,1875000.0,2.0,937500.0,2788,672.53,,,,,2025-12-04,5,1911,11292.0,101.35,"1x 1BR, 1x 4BR"
Stoneham,2180,1125000.0,2.0,562500.0,2800,401.79,,,,,2025-12-04,6,1920,10111.0,102.27,"1x 1BR, 1x 4BR"
New Bedford,2744,640000.0,4.0,160000.0,3550,180.28,,,,,2025-12-04,50,1910,5366.0,96.98,"2x 1BR, 2x 3BR"
Pelham,1002,555000.0,3.0,185000.0,2046,271.26,54000.0,10.28,54000.0,9.73,2025-12-04,72,1963,5722.0,100.91,"1x 1BR, 2x 2BR"
Somerville,2144,1750000.0,2.0,875000.0,2686,651.53,,,,,2025-12-04,38,1920,10060.6,100.0,"1x 1BR, 1x 4BR"
Greenfield,1301,220000.0,2.0,110000.0,2217,99.23,16800.0,13.1,16800.0,7.64,2025-12-04,50,1900,5540.0,110.06,"1x 1BR, 1x 2BR"
Stoneham,2180,750000.0,2.0,375000.0,2300,326.09,10800.0,69.44,10800.0,1.44,2025-12-04,14,1900,7104.0,100.0,"1x 2BR, 1x 4BR"
Greenfield,1301,156900.0,2.0,78450.0,2856,54.94,,,,,2025-12-05,29,1905,1442.0,89.66,"1x 2BR, 1x 3BR"
Boston,2121,850000.0,2.0,425000.0,3714,228.86,26400.0,32.2,26400.0,3.11,2025-12-05,16,1900,9937.0,96.59,2x 3BR
Boston,2128,1055000.0,3.0,351666.67,2818,374.38,62400.0,16.91,90000.0,8.53,2025-12-05,102,1910,13500.0,96.79,"2x 2BR, 1x 3BR"
New Bedford,2746,690000.0,3.0,230000.0,3231,213.56,,,,,2025-12-05,7,1905,5570.0,102.24,3x 3BR
Fall River,2721,650000.0,2.0,325000.0,2620,248.09,,,,,2025-12-05,37,1900,4599.0,103.17,"1x 2BR, 1x 3BR"
Hatfield,1038,860000.0,3.0,286666.67,5460,157.51,,,,,2025-12-05,26,1930,9785.0,107.51,"2x 2BR, 1x 3BR"
Springfield,1108,450000.0,2.0,225000.0,2695,166.98,,,,,2025-12-05,125,1931,5264.0,100.0,2x 3BR
Franklin,2038,544000.0,2.0,272000.0,2014,270.11,,,,,2025-12-05,67,1860,6363.0,90.82,2x 2BR
Quincy,2169,777000.0,2.0,388500.0,2070,375.36,54900.0,14.15,54900.0,7.07,2025-12-05,32,1920,7767.0,103.61,2x 3BR
Everett,2149,980000.0,3.0,326666.67,2929,334.59,62400.0,15.71,62400.0,6.37,2025-12-05,57,1900,9865.0,93.33,"1x 1BR, 1x 2BR, 1x 3BR"
East Bridgewater,2333,1125000.0,8.0,140625.0,3810,295.28,115200.0,9.77,72265.0,6.42,2025-12-05,19,1800,10129.0,90.0,"2x 0BR, 2x 1BR, 1x 2BR"
Malden,2148,900000.0,2.0,450000.0,2653,339.24,,,,,2025-12-05,57,1900,9314.0,97.93,"1x 2BR, 1x 4BR"
New Bedford,2740,482000.0,2.0,241000.0,2214,217.71,,,,,2025-12-05,23,1914,4763.77,96.59,2x 3BR
Winthrop,2152,910000.0,2.0,455000.0,3776,241.0,,,,,2025-12-05,29,1910,7072.0,101.11,"1x 1BR, 1x 4BR"
Malden,2148,1148000.0,2.0,574000.0,3261,352.04,,,,,2025-12-05,26,1890,9066.0,104.37,"1x 3BR, 1x 4BR"
Worcester,1610,589900.0,2.0,294950.0,2674,220.61,,,,,2025-12-05,40,1910,5002.0,100.0,"1x 2BR, 1x 3BR"
Watertown,2472,1400000.0,2.0,700000.0,3258,429.71,,,,,2025-12-05,19,1920,15052.0,105.66,2x 2BR
Worcester,1606,500000.0,2.0,250000.0,2374,210.61,27600.0,18.12,27600.0,5.52,2025-12-05,193,1883,6873.0,95.62,2x 3BR
Chicopee,1020,395000.0,2.0,197500.0,2282,173.09,,,,,2025-12-05,6,1890,4416.0,112.89,"1x 2BR, 1x 3BR"
Taunton,2780,515000.0,2.0,257500.0,1693,304.19,14400.0,35.76,14400.0,2.8,2025-12-05,26,1960,5000.0,98.1,"1x 1BR, 1x 2BR"
Boston,2126,880000.0,2.0,440000.0,2146,410.07,,,,,2025-12-05,21,1958,6941.0,103.54,"1x 2BR, 1x 3BR"
Revere,2151,850000.0,2.0,425000.0,2078,409.05,67200.0,12.65,67200.0,7.91,2025-12-05,15,1961,6057.0,94.55,"1x 2BR, 1x 3BR"
Gardner,1440,475000.0,3.0,158333.33,1639,289.81,58740.0,8.09,56436.0,11.88,2025-12-05,96,1830,4924.0,96.96,"1x 1BR, 1x 2BR, 1x 3BR"
Southbridge,1550,555000.0,3.0,185000.0,3180,174.53,36000.0,15.42,36000.0,6.49,2025-12-05,6,1915,3855.0,111.02,"2x 2BR, 1x 3BR"
New Bedford,2740,549000.0,2.0,274500.0,2757,199.13,,,,,2025-12-05,45,1875,5104.2,100.0,"1x 3BR, 1x 4BR"
Somerville,2145,1299000.0,2.0,649500.0,4397,295.43,,,,,2025-12-05,34,1900,8917.0,100.0,"1x 2BR, 1x 5BR"
Haverhill,1830,670000.0,3.0,223333.33,2365,283.3,26400.0,25.38,26400.0,3.94,2025-12-05,37,1900,8496.31,103.09,"2x 1BR, 1x 2BR"
New Bedford,2740,555900.0,2.0,277950.0,2338,237.77,13200.0,42.11,13200.0,2.37,2025-12-05,62,1890,5235.0,99.29,"1x 2BR, 1x 3BR"
Milford,1757,625000.0,2.0,312500.0,2224,281.03,61200.0,10.21,61200.0,9.79,2025-12-05,7,1950,6885.0,100.82,"1x 2BR, 1x 3BR"
Brockton,2301,1770000.0,14.0,126428.57,7270,243.47,40800.0,43.38,40800.0,2.31,2025-12-05,119,1900,99.0,86.34,2x 1BR
Palmer,1080,315000.0,2.0,157500.0,2688,117.19,,,,,2025-12-05,18,1917,4558.0,105.04,2x 3BR
Springfield,1119,260000.0,2.0,130000.0,1872,138.89,,,,,2025-12-05,6,1971,4723.0,100.0,2x 2BR
Worcester,1606,550000.0,2.0,275000.0,2196,250.46,36000.0,15.28,36000.0,6.55,2025-12-06,65,1923,5750.0,103.79,2x 2BR
Arlington,2474,1200000.0,2.0,600000.0,2671,449.27,21600.0,55.56,21600.0,1.8,2025-12-08,18,1922,11573.0,106.67,"1x 2BR, 1x 3BR"
Springfield,1108,465000.0,2.0,232500.0,2471,188.18,26280.0,17.69,26280.0,5.65,2025-12-08,158,1906,4152.0,101.11,"1x 1BR, 1x 3BR, 1x 5BR"
Malden,2148,1300000.0,3.0,433333.33,4290,303.03,,,,,2025-12-08,12,1900,11742.0,96.3,3x 3BR
Leominster,1453,550000.0,2.0,275000.0,2204,249.55,35100.0,15.67,35100.0,6.38,2025-12-08,20,1928,5877.0,105.77,2x 2BR
Lowell,1852,875000.0,6.0,145833.33,4334,201.89,51600.0,16.96,20117.0,2.3,2025-12-08,22,1920,10394.0,89.74,2x 2BR
Whitman,2382,650000.0,2.0,325000.0,3070,211.73,,,,,2025-12-08,71,1739,11197.0,72.3,"1x 2BR, 1x 3BR"
Cambridge,2141,3300000.0,3.0,1100000.0,4672,706.34,167400.0,19.71,159687.0,4.84,2025-12-08,76,2020,19131.0,97.06,"1x 2BR, 2x 3BR"
Boston,2125,1618000.0,3.0,539333.33,3681,439.55,40200.0,40.25,40200.0,2.48,2025-12-08,49,1905,14368.0,94.62,"1x 3BR, 2x 4BR"
Worcester,1603,420000.0,2.0,210000.0,1948,215.61,40800.0,10.29,43200.0,10.29,2025-12-08,48,1920,4840.0,91.3,2x 2BR
Watertown,2472,1350000.0,3.0,450000.0,3368,400.83,,,,,2025-12-08,118,1916,16211.0,91.53,"2x 1BR, 1x 3BR"
Waltham,2453,900000.0,2.0,450000.0,2683,335.45,51600.0,17.44,51600.0,5.73,2025-12-08,52,1925,10143.0,94.84,"1x 2BR, 1x 3BR"
Webster,1570,485000.0,2.0,242500.0,2336,207.62,,,,,2025-12-08,9,1905,3381.0,102.11,2x 3BR
Fall River,2721,625000.0,4.0,156250.0,3278,190.67,57600.0,10.85,57600.0,9.22,2025-12-08,44,1900,5153.0,96.3,"2x 2BR, 1x 3BR, 1x 4BR"
Springfield,1109,205000.0,2.0,102500.0,2465,83.16,33888.0,6.05,33888.0,16.53,2025-12-08,85,1899,4146.0,97.62,"1x 2BR, 1x 4BR"
Everett,2149,860000.0,2.0,430000.0,1990,432.16,33600.0,25.6,33600.0,3.91,2025-12-08,19,1900,7728.0,103.62,2x 3BR
Boston,2130,2000000.0,2.0,1000000.0,8329,240.12,,,,,2025-12-08,51,1920,0.0,89.89,"1x 0BR, 1x 1BR"
Lowell,1852,650000.0,2.0,325000.0,3662,177.5,,,,,2025-12-08,34,1900,7932.68,92.87,2x 3BR
Cambridge,2138,2040000.0,2.0,1020000.0,2638,773.31,,,,,2025-12-08,9,1923,10101.0,111.78,"1x 2BR, 1x 3BR"
New Bedford,2740,620000.0,12.0,51666.67,2359,262.82,,,,,2025-12-08,244,1876,5243.0,96.89,5x 1BR
New Bedford,2740,510000.0,2.0,255000.0,2054,248.3,,,,,2025-12-09,24,1878,5730.0,106.47,2x 2BR
Boston,2136,927000.0,2.0,463500.0,2088,443.97,18000.0,51.5,18000.0,1.94,2025-12-09,22,1915,7871.0,105.94,2x 2BR
Revere,2151,840000.0,2.0,420000.0,3289,255.4,,,,,2025-12-09,42,1920,7362.0,101.83,"1x 2BR, 1x 3BR"
Boston,2128,940000.0,3.0,313333.33,2703,347.76,36000.0,26.11,36000.0,3.83,2025-12-09,66,1910,8046.0,94.09,3x 2BR
Winchendon,1475,425000.0,2.0,212500.0,2370,179.32,34800.0,12.21,34800.0,8.19,2025-12-09,31,1900,3039.0,100.02,"1x 2BR, 1x 3BR"
Milford,1757,750000.0,3.0,250000.0,3822,196.23,90000.0,8.33,71401.0,9.52,2025-12-09,21,1920,7133.0,104.9,"1x 3BR, 2x 4BR"
Athol,1331,430000.0,3.0,143333.33,3171,135.6,20400.0,21.08,20400.0,4.74,2025-12-09,54,1885,4334.0,96.63,"1x 1BR, 1x 2BR, 1x 3BR"
Worcester,1610,815000.0,6.0,135833.33,5994,135.97,86568.0,9.41,62604.0,7.68,2025-12-09,22,1890,9354.0,98.19,"3x 1BR, 2x 2BR"
Taunton,2780,530000.0,2.0,265000.0,3830,138.38,,,,,2025-12-09,95,1900,5654.0,100.97,"1x 2BR, 1x 4BR"
Athol,1331,307500.0,2.0,153750.0,1496,205.55,10800.0,28.47,10800.0,3.51,2025-12-09,23,1939,2947.0,102.5,"1x 1BR, 1x 2BR"
Boston,2125,781000.0,3.0,260333.33,2910,268.38,54900.0,14.23,54900.0,7.03,2025-12-09,65,1910,3518.1,104.27,"1x 1BR, 2x 2BR"
Worcester,1605,620000.0,3.0,206666.67,3378,183.54,32400.0,19.14,32400.0,5.23,2025-12-09,29,1890,5997.0,100.0,3x 3BR
Hatfield,1035,450000.0,2.0,225000.0,2200,204.55,28800.0,15.62,28800.0,6.4,2025-12-09,10,1985,5660.0,91.86,2x 3BR
Fall River,2724,650000.0,4.0,162500.0,3768,172.51,42000.0,15.48,42000.0,6.46,2025-12-09,64,1900,5684.0,92.99,"1x 1BR, 3x 3BR"
Taunton,2780,805000.0,2.0,402500.0,2832,284.25,58800.0,13.69,58800.0,7.3,2025-12-09,17,1900,8654.0,101.91,"1x 3BR, 1x 4BR"
Attleboro,2703,580000.0,2.0,290000.0,2418,239.87,,,,,2025-12-09,28,1900,5484.0,107.61,2x 3BR
Shirley,1464,594000.0,3.0,198000.0,3294,180.33,22800.0,26.05,22800.0,3.84,2025-12-10,71,1890,6403.0,100.7,"1x 1BR, 1x 2BR, 1x 3BR"
Worcester,1604,549000.0,2.0,274500.0,1680,326.79,38400.0,14.3,38400.0,6.99,2025-12-10,97,1890,4866.0,93.7,2x 2BR
Chelsea,2150,905000.0,2.0,452500.0,3076,294.21,,,,,2025-12-10,73,1860,8727.0,98.48,"1x 2BR, 1x 3BR"
Springfield,1104,425000.0,2.0,212500.0,2160,196.76,31800.0,13.36,31800.0,7.48,2025-12-10,5,2005,6203.0,107.59,2x 3BR
Quincy,2169,1150000.0,4.0,287500.0,2448,469.77,72168.0,15.94,49524.0,4.31,2025-12-10,23,1918,9405.0,100.0,4x 1BR
Worcester,1604,660000.0,2.0,330000.0,2516,262.32,61152.0,10.79,61152.0,9.27,2025-12-10,23,1890,6434.0,97.78,2x 3BR
Boston,2135,1162500.0,3.0,387500.0,2625,442.86,49200.0,23.63,49200.0,4.23,2025-12-10,18,1900,13195.0,98.94,"1x 1BR, 2x 2BR"
Adams,1220,220000.0,2.0,110000.0,2564,85.8,31800.0,6.92,31800.0,14.45,2025-12-10,12,1900,3612.92,89.47,2x 3BR
Arlington,2474,1306000.0,2.0,653000.0,2847,458.73,42000.0,31.1,42000.0,3.22,2025-12-10,14,1926,10140.0,106.61,"1x 2BR, 1x 4BR"
Watertown,2472,1125000.0,2.0,562500.0,2813,399.93,,,,,2025-12-10,16,1928,12262.0,112.61,"1x 2BR, 1x 4BR"
Braintree,2184,680000.0,2.0,340000.0,1680,404.76,51600.0,13.18,51600.0,7.59,2025-12-10,28,1926,5931.0,90.79,"1x 1BR, 1x 2BR"
North Andover,1845,1075000.0,4.0,268750.0,3512,306.09,,,,,2025-12-10,29,1929,12584.0,84.32,"2x 1BR, 2x 2BR"
Chelsea,2150,1900000.0,6.0,316666.67,4599,413.13,53400.0,35.58,53400.0,2.81,2025-12-10,132,1900,15785.0,84.44,"1x 0BR, 3x 1BR, 1x 2BR"
Beverly,1915,800000.0,2.0,400000.0,1806,442.97,31200.0,25.64,31200.0,3.9,2025-12-10,20,1930,7741.0,96.5,2x 2BR
Adams,1220,149000.0,2.0,74500.0,2444,60.97,,,,,2025-12-10,4,1900,2744.0,100.0,"1x 2BR, 1x 3BR"
Quincy,2169,880000.0,2.0,440000.0,2552,344.83,,,,,2025-12-10,18,1890,11057.0,99.44,"1x 2BR, 1x 3BR"
Ashburnham,1430,390000.0,2.0,195000.0,2188,178.24,,,,,2025-12-10,33,1900,4393.0,97.74,"1x 1BR, 1x 2BR"
Everett,2149,780000.0,2.0,390000.0,1974,395.14,30000.0,26.0,30000.0,3.85,2025-12-10,50,1900,7702.0,104.0,"1x 2BR, 1x 3BR"
Webster,1570,512100.0,2.0,256050.0,2096,244.32,,,,,2025-12-10,20,1960,4181.0,102.42,2x 2BR
Everett,2149,890000.0,2.0,445000.0,2036,437.13,30000.0,29.67,30000.0,3.37,2025-12-11,77,1910,9115.0,98.89,"1x 2BR, 1x 3BR"
Everett,2149,5725000.0,15.0,381666.67,11386,502.81,468564.0,12.22,366533.0,6.4,2025-12-11,59,1910,53576.0,95.74,2x 0BR
Boston,2118,5000000.0,11.0,454545.45,12759,391.88,,,,,2025-12-11,170,1899,99.0,81.3,"4x 1BR, 1x 2BR"
Reading,1867,810000.0,2.0,405000.0,3415,237.19,,,,,2025-12-11,21,1792,10917.0,100.0,"1x 2BR, 1x 5BR"
Bridgewater,2324,623000.0,2.0,311500.0,2155,289.1,54000.0,11.54,26409.0,4.24,2025-12-11,21,1973,6500.0,99.05,"1x 2BR, 1x 3BR"
West Springfield,1089,399900.0,2.0,199950.0,1866,214.31,11700.0,34.18,11700.0,2.93,2025-12-11,49,1900,3927.0,100.0,"1x 1BR, 1x 2BR"
Lowell,1854,915000.0,5.0,183000.0,2410,379.67,95720.0,9.56,77237.0,8.44,2025-12-11,43,1900,6309.0,96.42,"3x 1BR, 2x 2BR"
Boston,2127,1575000.0,3.0,525000.0,2055,766.42,,,,,2025-12-11,44,1900,14374.0,95.45,3x 2BR
Salem,1970,2525000.0,2.0,1262500.0,6897,366.1,21600.0,116.9,21600.0,0.86,2025-12-11,60,1811,38485.0,97.12,"1x 1BR, 1x 4BR"
Westborough,1581,900000.0,3.0,300000.0,2920,308.22,75600.0,11.9,75600.0,8.4,2025-12-11,41,1880,11524.0,92.31,"1x 1BR, 2x 2BR"
Worcester,1609,860000.0,3.0,286666.67,4413,194.88,20400.0,42.16,20400.0,2.37,2025-12-11,16,1900,9091.0,104.26,3x 3BR
Somerville,2145,1780000.0,4.0,445000.0,4491,396.35,76800.0,23.18,67300.0,3.78,2025-12-11,34,1890,13178.0,96.22,"1x 1BR, 1x 2BR, 2x 4BR"
Woburn,1801,1150000.0,4.0,287500.0,3091,372.05,91020.0,12.63,75796.0,6.59,2025-12-11,31,1900,7716.0,82.44,"2x 1BR, 2x 2BR"
Worcester,1605,615000.0,3.0,205000.0,2732,225.11,,,,,2025-12-11,12,1890,7328.0,112.02,"2x 2BR, 1x 3BR"
Weymouth,2190,795000.0,2.0,397500.0,1950,407.69,73200.0,10.86,73200.0,9.21,2025-12-11,16,1910,5603.0,99.39,"1x 0BR, 2x 2BR"
Haverhill,1830,767500.0,2.0,383750.0,3711,206.82,38700.0,19.83,38700.0,5.04,2025-12-11,8,1900,7334.0,105.15,2x 3BR
Brockton,2301,950000.0,3.0,316666.67,3603,263.67,105600.0,9.0,105600.0,11.12,2025-12-11,22,1899,8533.0,100.01,3x 3BR
Fitchburg,1420,520000.0,2.0,260000.0,2332,222.98,26400.0,19.7,26400.0,5.08,2025-12-11,67,1902,5126.0,100.19,2x 4BR
Chelsea,2150,890000.0,2.0,445000.0,2796,318.31,,,,,2025-12-11,8,1900,7960.0,100.56,2x 2BR
Malden,2148,1020000.0,2.0,510000.0,3486,292.6,37200.0,27.42,37200.0,3.65,2025-12-11,73,1880,9991.0,98.08,2x 3BR
Worcester,1607,430000.0,3.0,143333.33,3894,110.43,,,,,2025-12-11,1,1890,7861.0,104.88,3x 3BR
Malden,2148,750000.0,2.0,375000.0,2211,339.21,,,,,2025-12-11,23,1900,7503.0,111.96,"1x 1BR, 1x 3BR"
Swansea,2777,820000.0,3.0,273333.33,3052,268.68,,,,,2025-12-12,289,1920,7434.0,100.0,"2x 1BR, 1x 3BR"
Chicopee,1020,545000.0,3.0,181666.67,3435,158.66,24000.0,22.71,24000.0,4.4,2025-12-12,20,1920,5279.0,103.83,3x 2BR
Holliston,1746,1125000.0,4.0,281250.0,2858,393.63,90000.0,12.5,90000.0,8.0,2025-12-12,5,1966,11905.0,102.27,"1x 1BR, 3x 2BR"
Holyoke,1040,370000.0,2.0,185000.0,2654,139.41,,,,,2025-12-12,28,1890,4508.0,94.9,2x 2BR
Foxboro,2035,760000.0,2.0,380000.0,2530,300.4,,,,,2025-12-12,78,1912,7841.0,95.6,"1x 1BR, 1x 3BR"
Weymouth,2190,910000.0,2.0,455000.0,3540,257.06,,,,,2025-12-12,134,1768,7609.0,101.22,2x 3BR
Chicopee,1020,375000.0,2.0,187500.0,2358,159.03,,,,,2025-12-12,5,1930,3440.0,125.42,"1x 1BR, 1x 2BR"
Holyoke,1040,450000.0,4.0,112500.0,2990,150.5,45900.0,9.8,33294.0,7.4,2025-12-12,28,1930,4784.0,94.74,4x 2BR
Springfield,1104,425000.0,2.0,212500.0,2608,162.96,,,,,2025-12-12,44,1928,3937.0,95.53,2x 3BR
Winchendon,1475,417000.0,2.0,208500.0,2400,173.75,45108.0,9.24,45108.0,10.82,2025-12-12,27,1880,3848.0,104.28,2x 3BR
Brookline,2446,2250000.0,2.0,1125000.0,3342,673.25,,,,,2025-12-12,57,1910,19736.0,93.75,2x 4BR
Boston,2127,2325000.0,3.0,775000.0,4146,560.78,174000.0,13.36,174000.0,7.48,2025-12-12,68,1905,29453.0,96.88,"1x 2BR, 1x 3BR, 1x 4BR"
Palmer,1079,450000.0,5.0,90000.0,3058,147.16,58200.0,7.73,58200.0,12.93,2025-12-12,26,1914,6983.0,85.71,"1x 1BR, 4x 2BR"
Brookline,2446,3350000.0,3.0,1116666.67,7160,467.88,,,,,2025-12-12,3,1912,31099.0,97.07,3x 2BR
New Bedford,2740,770000.0,6.0,128333.33,5600,137.5,57300.0,13.44,57300.0,7.44,2025-12-12,23,1900,5474.0,102.67,3x 1BR
Southwick,1077,650000.0,2.0,325000.0,2678,242.72,16200.0,40.12,16200.0,2.49,2025-12-12,5,1960,8369.0,100.0,2x 3BR
Brockton,2301,1025000.0,3.0,341666.67,4788,214.08,,,,,2025-12-12,17,1925,9141.0,107.89,3x 3BR
New Bedford,2740,620000.0,3.0,206666.67,2720,227.94,,,,,2025-12-12,17,1925,5280.0,103.37,"1x 2BR, 2x 3BR"
Brookline,2445,2735000.0,2.0,1367500.0,4112,665.13,,,,,2025-12-12,63,1930,21885.0,99.45,"1x 2BR, 1x 5BR"
Agawam,1001,561000.0,2.0,280500.0,2720,206.25,,,,,2025-12-12,90,1910,4042.0,97.57,2x 4BR
New Bedford,2740,465000.0,2.0,232500.0,2104,221.01,,,,,2025-12-12,6,1920,3793.0,103.36,"1x 2BR, 1x 4BR"
Somerville,2145,1500000.0,3.0,500000.0,4707,318.67,84000.0,17.86,84000.0,5.6,2025-12-12,16,1900,14361.0,100.0,"1x 3BR, 2x 4BR"
Belmont,2478,1080000.0,2.0,540000.0,2232,483.87,,,,,2025-12-12,14,1915,12461.0,102.39,2x 2BR
Boston,2128,1080000.0,2.0,540000.0,1881,574.16,,,,,2025-12-12,35,1910,7160.0,90.0,2x 2BR
Malden,2148,590000.0,2.0,295000.0,2600,226.92,,,,,2025-12-12,22,1900,99.0,94.4,2x 2BR
Fall River,2720,2150000.0,15.0,143333.33,11423,188.22,263461.0,8.16,175389.0,8.16,2025-12-12,57,1900,19053.0,97.73,2x 2BR
Worcester,1610,705000.0,3.0,235000.0,3840,183.59,,,,,2025-12-12,29,1923,9470.0,94.0,"2x 2BR, 1x 3BR"
Fitchburg,1420,430000.0,3.0,143333.33,3231,133.09,29880.0,14.39,29880.0,6.95,2025-12-12,46,1915,5780.0,95.58,3x 2BR
Quincy,2169,1060000.0,3.0,353333.33,3192,332.08,73500.0,14.42,46000.0,4.34,2025-12-15,34,1920,11855.0,96.45,3x 2BR
Boston,2131,1200000.0,3.0,400000.0,3808,315.13,97200.0,12.35,97200.0,8.1,2025-12-15,42,1900,11642.0,96.85,3x 2BR
Palmer,1069,335000.0,2.0,167500.0,2400,139.58,10800.0,31.02,10800.0,3.22,2025-12-15,22,1900,6195.0,103.08,2x 2BR
Cambridge,2140,2375000.0,3.0,791666.67,3307,718.17,,,,,2025-12-15,13,1903,10774.98,108.05,"2x 1BR, 1x 2BR"
Worcester,1602,665000.0,2.0,332500.0,3214,206.91,21456.0,30.99,21456.0,3.23,2025-12-15,18,1925,6991.0,102.31,2x 3BR
Melrose,2176,1505000.0,4.0,376250.0,4050,371.6,63600.0,23.66,63600.0,4.23,2025-12-15,7,1895,10944.0,113.58,4x 2BR
Quincy,2169,1350000.0,4.0,337500.0,3456,390.63,100800.0,13.39,81200.0,6.01,2025-12-15,48,1975,11175.0,96.78,4x 2BR
Boston,2126,975000.0,2.0,487500.0,3360,290.18,,,,,2025-12-15,21,2006,10277.0,99.59,2x 3BR
Woburn,1801,815000.0,2.0,407500.0,3288,247.87,,,,,2025-12-15,18,1895,5381.0,103.82,"1x 2BR, 1x 3BR"
Lynn,1902,825000.0,2.0,412500.0,2487,331.72,,,,,2025-12-15,12,1900,6480.0,97.07,"1x 3BR, 1x 4BR"
Worcester,1603,540000.0,3.0,180000.0,3036,177.87,36000.0,15.0,36000.0,6.67,2025-12-15,35,1918,7450.0,88.52,3x 2BR
Worcester,1603,795000.0,3.0,265000.0,3610,220.22,49200.0,16.16,49200.0,6.19,2025-12-15,30,1890,8608.0,100.0,3x 3BR
Worcester,1605,505000.0,2.0,252500.0,2520,200.4,25200.0,20.04,25200.0,4.99,2025-12-15,12,1920,6488.0,103.27,2x 2BR
Quincy,2170,1275000.0,2.0,637500.0,3057,417.08,18600.0,68.55,18600.0,1.46,2025-12-15,21,1880,13551.0,98.15,"1x 2BR, 1x 4BR"
Waltham,2453,900000.0,2.0,450000.0,2886,311.85,55200.0,16.3,55200.0,6.13,2025-12-15,122,1920,8861.0,85.8,2x 2BR
Southbridge,1550,421000.0,2.0,210500.0,1587,265.28,,,,,2025-12-15,17,1890,3684.0,97.91,"1x 1BR, 1x 2BR"
Revere,2151,950000.0,2.0,475000.0,3346,283.92,,,,,2025-12-15,39,1950,8259.0,100.0,"1x 2BR, 1x 4BR"
Hudson,1749,840000.0,2.0,420000.0,3380,248.52,26400.0,31.82,26400.0,3.14,2025-12-15,36,1880,10650.0,94.39,"1x 2BR, 1x 4BR"
Stoughton,2072,710000.0,2.0,355000.0,1676,423.63,,,,,2025-12-15,71,1920,6355.0,100.0,2x 2BR
Winthrop,2152,880000.0,2.0,440000.0,2366,371.94,,,,,2025-12-15,190,1900,6914.0,97.79,"1x 1BR, 1x 3BR"
Groton,1450,735000.0,3.0,245000.0,3330,220.72,62250.0,11.81,56710.0,7.72,2025-12-15,96,1907,8535.0,100.0,"2x 1BR, 1x 3BR"
Whitman,2382,710000.0,2.0,355000.0,2437,291.34,55200.0,12.86,55200.0,7.77,2025-12-15,54,1895,7237.0,101.44,"1x 3BR, 1x 4BR"
Methuen,1844,870000.0,3.0,290000.0,2808,309.83,33600.0,25.89,33600.0,3.86,2025-12-15,18,1930,7400.0,100.01,"2x 1BR, 1x 2BR"
Medford,2155,1225000.0,2.0,612500.0,2613,468.81,,,,,2025-12-15,21,1912,7528.0,103.11,2x 2BR
Lawrence,1843,960000.0,3.0,320000.0,3044,315.37,21600.0,44.44,21600.0,2.25,2025-12-15,22,1920,5741.0,107.87,"1x 2BR, 2x 3BR"
Gloucester,1930,1180000.0,2.0,590000.0,3393,347.77,,,,,2025-12-15,63,1920,9432.0,94.4,"1x 2BR, 1x 3BR"
Boston,2124,1210000.0,2.0,605000.0,3157,383.28,,,,,2025-12-15,17,1935,9761.0,100.83,"1x 2BR, 1x 3BR"
Everett,2149,1225000.0,3.0,408333.33,3489,351.1,100800.0,12.15,100800.0,8.23,2025-12-15,9,1896,10699.0,102.09,"1x 2BR, 2x 3BR"
Ipswich,1938,1100000.0,2.0,550000.0,2530,434.78,24000.0,45.83,24000.0,2.18,2025-12-15,23,1937,9673.0,100.0,"1x 1BR, 1x 3BR"
Marlborough,1752,715000.0,3.0,238333.33,2986,239.45,,,,,2025-12-16,18,1955,6655.0,102.16,"2x 1BR, 1x 2BR"
Malden,2148,1060000.0,2.0,530000.0,2277,465.52,,,,,2025-12-16,22,1908,9594.0,92.17,"1x 2BR, 1x 4BR"
Taunton,2780,590000.0,3.0,196666.67,1742,338.69,51600.0,11.43,41527.0,7.04,2025-12-16,59,1920,4976.0,96.88,"1x 1BR, 2x 2BR"
Methuen,1844,773000.0,2.0,386500.0,2117,365.14,,,,,2025-12-16,15,1930,6619.0,103.77,"1x 2BR, 1x 3BR"
Boston,2128,1740000.0,3.0,580000.0,3666,474.63,141900.0,12.26,111781.0,6.42,2025-12-16,22,1880,15231.0,94.05,"1x 3BR, 2x 4BR"
Salisbury,1952,1291000.0,2.0,645500.0,2108,612.43,,,,,2025-12-16,203,1920,8495.0,92.22,"1x 3BR, 1x 4BR"
Leominster,1453,630000.0,3.0,210000.0,2404,262.06,66000.0,9.55,66000.0,10.48,2025-12-16,9,1880,5539.0,105.18,"2x 1BR, 1x 3BR"
Fall River,2721,605000.0,4.0,151250.0,5604,107.96,24000.0,25.21,24000.0,3.97,2025-12-16,44,1901,5794.0,96.8,"3x 1BR, 1x 2BR"
Malden,2148,1600000.0,6.0,266666.67,5814,275.2,117000.0,13.68,117000.0,7.31,2025-12-16,93,1954,15045.0,89.89,"4x 2BR, 1x 4BR"
Springfield,1109,475000.0,2.0,237500.0,3520,134.94,45600.0,10.42,45600.0,9.6,2025-12-16,14,1910,4072.0,103.28,"1x 2BR, 1x 4BR, 1x 5BR"
Taunton,2780,780000.0,4.0,195000.0,3909,199.54,70800.0,11.02,70800.0,9.08,2025-12-16,4,1900,6772.0,97.5,"2x 1BR, 2x 2BR"
Watertown,2472,1715000.0,4.0,428750.0,5609,305.76,115560.0,14.84,80936.0,4.72,2025-12-16,15,1890,15315.0,114.33,"1x 1BR, 1x 2BR, 2x 3BR"
Malden,2148,1120000.0,2.0,560000.0,4496,249.11,,,,,2025-12-16,54,1907,9315.0,93.41,"1x 3BR, 1x 5BR"
Wilbraham,1095,555000.0,4.0,138750.0,3819,145.33,25200.0,22.02,25200.0,4.54,2025-12-16,8,1912,7327.0,102.8,"3x 2BR, 1x 3BR"
Worcester,1602,855000.0,3.0,285000.0,3425,249.64,33600.0,25.45,33600.0,3.93,2025-12-16,32,1920,8628.0,97.73,"1x 1BR, 2x 3BR"
South Hadley,1075,370000.0,2.0,185000.0,2402,154.04,17400.0,21.26,17400.0,4.7,2025-12-16,20,1902,4690.0,97.39,2x 2BR
Northbridge,1588,1000000.0,7.0,142857.14,5918,168.98,136200.0,7.34,94205.0,9.42,2025-12-16,21,1890,10234.0,80.0,"2x 1BR, 3x 2BR"
Fitchburg,1420,675000.0,3.0,225000.0,3063,220.37,32400.0,20.83,32400.0,4.8,2025-12-16,17,1900,5823.0,103.85,"1x 2BR, 1x 3BR, 1x 4BR"
Shrewsbury,1545,760000.0,2.0,380000.0,2120,358.49,16200.0,46.91,16200.0,2.13,2025-12-16,70,1900,4224.0,96.26,"1x 1BR, 1x 3BR"
Maynard,1754,2200000.0,12.0,183333.33,7812,281.62,215649.0,10.2,142106.0,6.46,2025-12-17,30,1900,32053.0,100.0,2x 1BR
Winthrop,2152,890000.0,2.0,445000.0,2386,373.01,21600.0,41.2,21600.0,2.43,2025-12-17,25,1954,7920.0,99.0,2x 2BR
Northborough,1532,775555.0,2.0,387777.5,2496,310.72,24000.0,32.31,24000.0,3.09,2025-12-17,4,1994,10649.0,103.55,2x 2BR
Boston,2127,1250000.0,2.0,625000.0,2469,506.28,,,,,2025-12-17,24,1899,16928.0,92.66,"1x 1BR, 1x 3BR"
Gloucester,1930,700000.0,2.0,350000.0,2364,296.11,,,,,2025-12-17,67,1900,6030.0,91.15,"1x 1BR, 1x 3BR"
Boston,2121,1350000.0,4.0,337500.0,5225,258.37,138417.0,9.75,111109.0,8.23,2025-12-17,60,1920,8588.0,91.53,"3x 3BR, 1x 4BR"
New Bedford,2745,642000.0,2.0,321000.0,2406,266.83,21600.0,29.72,21600.0,3.36,2025-12-17,25,1919,6293.0,98.77,2x 3BR
Belmont,2478,1428000.0,3.0,476000.0,3485,409.76,80400.0,17.76,80400.0,5.63,2025-12-17,20,1908,16003.0,102.07,3x 2BR
Worcester,1602,825000.0,3.0,275000.0,4320,190.97,68400.0,12.06,68400.0,8.29,2025-12-17,20,1890,9205.0,103.14,3x 3BR
Winchendon,1475,394000.0,2.0,197000.0,2776,141.93,,,,,2025-12-17,43,1885,3069.0,98.52,2x 2BR
Townsend,1469,250000.0,2.0,125000.0,1569,159.34,,,,,2025-12-17,75,1940,6810.0,71.43,"1x 1BR, 1x 3BR"
Fall River,2723,636500.0,3.0,212166.67,2865,222.16,,,,,2025-12-17,46,1900,4969.0,98.07,3x 2BR
Revere,2151,880000.0,2.0,440000.0,2224,395.68,32400.0,27.16,32400.0,3.68,2025-12-17,8,1910,6198.0,103.65,"1x 2BR, 1x 3BR"
Southbridge,1550,475000.0,3.0,158333.33,3576,132.83,58200.0,8.16,58200.0,12.25,2025-12-17,30,1915,5304.0,96.96,"2x 2BR, 1x 3BR"
Worcester,1605,980000.0,6.0,163333.33,5580,175.63,47700.0,20.55,47700.0,4.87,2025-12-17,41,1890,9684.0,98.01,"2x 1BR, 2x 2BR, 1x 3BR"
Lawrence,1841,870000.0,3.0,290000.0,3570,243.7,,,,,2025-12-17,21,1895,5525.0,102.36,"1x 3BR, 2x 4BR"
Taunton,2780,630000.0,2.0,315000.0,1572,400.76,,,,,2025-12-17,52,1940,5797.0,100.16,"1x 2BR, 1x 3BR"
Taunton,2780,808000.0,4.0,202000.0,4000,202.0,61500.0,13.14,47892.0,5.93,2025-12-18,29,1910,6905.0,101.01,"2x 1BR, 1x 2BR, 1x 4BR"
Dudley,1571,410000.0,2.0,205000.0,1382,296.67,40200.0,10.2,40200.0,9.8,2025-12-18,61,1952,2871.5,98.8,2x 2BR
New Bedford,2740,590000.0,2.0,295000.0,2608,226.23,,,,,2025-12-18,31,1920,5283.0,102.61,"1x 2BR, 1x 5BR"
Newbury,1951,915000.0,2.0,457500.0,3312,276.27,16800.0,54.46,16800.0,1.84,2025-12-18,45,1985,5978.0,98.92,"1x 1BR, 1x 2BR"
New Bedford,2740,525000.0,3.0,175000.0,2159,243.17,16800.0,31.25,16800.0,3.2,2025-12-18,96,1900,4514.0,98.15,"1x 1BR, 2x 2BR"
Pittsfield,1201,383600.0,5.0,76720.0,3922,97.81,23400.0,16.39,23400.0,6.1,2025-12-18,31,1900,4316.0,95.92,5x 1BR
Lynn,1905,725000.0,2.0,362500.0,2454,295.44,,,,,2025-12-18,10,1915,7044.0,107.41,2x 2BR
Boston,2126,900000.0,3.0,300000.0,3471,259.29,66000.0,13.64,66000.0,7.33,2025-12-18,131,1905,9482.0,91.0,3x 2BR
Saugus,1906,945000.0,2.0,472500.0,2592,364.58,,,,,2025-12-18,19,1965,9791.0,105.12,"1x 2BR, 1x 3BR"
Worcester,1604,730000.0,3.0,243333.33,4155,175.69,69600.0,10.49,63952.0,8.76,2025-12-18,29,1925,9244.0,97.33,3x 3BR
Haverhill,1830,565000.0,2.0,282500.0,1864,303.11,24000.0,23.54,24000.0,4.25,2025-12-18,15,1913,5570.0,102.96,2x 2BR
Boston,2136,880575.0,2.0,440287.5,2188,402.46,,,,,2025-12-18,33,1900,8834.0,99.5,2x 2BR
Pittsfield,1201,380000.0,3.0,126666.67,3180,119.5,36000.0,10.56,36000.0,9.47,2025-12-18,18,1900,2632.0,102.73,"1x 2BR, 2x 3BR"
Boston,2122,1200000.0,3.0,400000.0,3321,361.34,3564.0,336.7,3564.0,0.3,2025-12-18,34,1910,99.0,104.35,3x 4BR
Beverly,1915,750000.0,2.0,375000.0,2072,361.97,12000.0,62.5,12000.0,1.6,2025-12-18,2,1900,9550.0,107.3,"1x 1BR, 1x 2BR"
Boston,2124,1175000.0,3.0,391666.67,4010,293.02,,,,,2025-12-18,35,1925,99.0,102.17,"1x 3BR, 2x 4BR"
Millis,2054,444000.0,2.0,222000.0,2333,190.31,,,,,2025-12-18,33,1880,5210.0,93.49,2x 2BR
Lowell,1850,1050000.0,3.0,350000.0,7756,135.38,86400.0,12.15,86400.0,8.23,2025-12-18,4,1879,18230.0,105.0,"2x 4BR, 1x 5BR"
Dracut,1826,940000.0,4.0,235000.0,4016,234.06,28500.0,32.98,28500.0,3.03,2025-12-18,39,1920,6895.0,94.47,"1x 1BR, 1x 2BR, 1x 3BR, 1x 4BR"
Worcester,1604,900000.0,3.0,300000.0,4452,202.16,,,,,2025-12-18,20,1910,6234.0,105.88,3x 3BR
Lawrence,1843,565000.0,2.0,282500.0,2074,272.42,,,,,2025-12-18,35,1970,4755.52,94.18,2x 2BR
Gardner,1436,455000.0,2.0,227500.0,2424,187.71,21000.0,21.67,15245.0,3.35,2025-12-18,22,1830,4452.0,103.41,"1x 2BR, 1x 4BR"
North Brookfield,1535,465000.0,3.0,155000.0,2521,184.45,40800.0,11.4,40800.0,8.77,2025-12-18,162,1885,4631.0,93.19,"1x 1BR, 2x 2BR"
Somerville,2145,925000.0,2.0,462500.0,3716,248.92,,,,,2025-12-18,21,1900,14706.0,115.77,"1x 3BR, 1x 4BR"
Fall River,2724,490000.0,2.0,245000.0,2166,226.22,34800.0,14.08,,,2025-12-18,44,1930,6579.09,98.02,"1x 2BR, 1x 4BR"
Attleboro,2703,483717.0,2.0,241858.5,1519,318.44,,,,,2025-12-19,18,1900,5722.0,96.76,"1x 1BR, 1x 2BR"
Truro,2652,1350000.0,5.0,270000.0,3044,443.5,42000.0,32.14,42000.0,3.11,2025-12-19,226,1954,4432.29,96.77,"3x 1BR, 1x 2BR, 1x 4BR"
Revere,2151,900000.0,2.0,450000.0,2748,327.51,,,,,2025-12-19,9,1969,7365.0,98.9,"1x 1BR, 1x 3BR"
Fall River,2721,750000.0,3.0,250000.0,4077,183.96,78000.0,9.62,72988.0,9.73,2025-12-19,32,1900,6557.0,102.88,3x 3BR
Fairhaven,2719,730000.0,3.0,243333.33,3204,227.84,,,,,2025-12-19,25,1910,4475.0,97.46,3x 3BR
Boston,2132,1050000.0,2.0,525000.0,2538,413.71,,,,,2025-12-19,50,1927,10207.0,95.45,"1x 2BR, 1x 3BR"
Haverhill,1830,660000.0,2.0,330000.0,2724,242.29,27000.0,24.44,27000.0,4.09,2025-12-19,33,1900,6644.0,100.0,2x 2BR
Revere,2151,845000.0,2.0,422500.0,2241,377.06,6000.0,140.83,6000.0,0.71,2025-12-19,20,1964,6647.0,102.42,"1x 1BR, 1x 3BR"
Southbridge,1550,465000.0,3.0,155000.0,4044,114.99,60000.0,7.75,48546.0,10.44,2025-12-19,29,1915,5712.0,97.92,3x 3BR
Leominster,1453,595000.0,3.0,198333.33,2322,256.24,53400.0,11.14,53400.0,8.97,2025-12-19,46,1880,6530.0,100.0,"1x 1BR, 1x 2BR, 1x 3BR"
Fall River,2723,542000.0,3.0,180666.67,4158,130.35,19200.0,28.23,17600.0,3.25,2025-12-19,29,1900,6781.0,87.43,"1x 1BR, 2x 3BR"
Fall River,2720,710000.0,3.0,236666.67,3900,182.05,47400.0,14.98,47400.0,6.68,2025-12-19,8,1900,5718.0,109.23,"1x 1BR, 1x 2BR, 1x 4BR"
Westfield,1085,419000.0,2.0,209500.0,4526,92.58,,,,,2025-12-19,56,1850,5289.0,102.44,2x 3BR
Boston,2124,1265000.0,3.0,421666.67,3897,324.61,121788.0,10.39,105800.0,8.36,2025-12-19,9,1905,10932.0,101.2,3x 4BR
Southbridge,1550,315000.0,2.0,157500.0,1826,172.51,,,,,2025-12-19,16,1900,4313.0,94.03,2x 3BR
Worcester,1605,825000.0,5.0,165000.0,4965,166.16,92160.0,8.95,64057.0,7.76,2025-12-19,19,1910,8907.0,103.13,"2x 1BR, 1x 2BR, 2x 3BR"
Westfield,1085,307000.0,2.0,153500.0,2380,128.99,12000.0,25.58,12000.0,3.91,2025-12-19,23,1888,4162.0,95.97,2x 2BR
Lowell,1850,730000.0,2.0,365000.0,2640,276.52,45600.0,16.01,45600.0,6.25,2025-12-19,77,1988,6142.0,99.2,2x 3BR
Fitchburg,1420,445000.0,2.0,222500.0,2909,152.97,26400.0,16.86,26400.0,5.93,2025-12-19,81,1920,5297.0,98.91,2x 3BR
Mattapoisett,2739,700000.0,2.0,350000.0,2247,311.53,52200.0,13.41,52200.0,7.46,2025-12-19,36,1820,5755.52,84.85,"1x 2BR, 1x 3BR"
Somerville,2145,1490000.0,3.0,496666.67,3717,400.86,129120.0,11.54,129120.0,8.67,2025-12-19,20,1900,12598.0,99.33,3x 3BR
Revere,2151,740000.0,2.0,370000.0,2086,354.75,57600.0,12.85,57600.0,7.78,2025-12-19,21,1939,5824.0,102.79,2x 2BR
Fall River,2723,610000.0,3.0,203333.33,3213,189.85,72000.0,8.47,72000.0,11.8,2025-12-19,5,1900,5760.0,101.67,3x 3BR
New Bedford,2740,495000.0,2.0,247500.0,2149,230.34,,,,,2025-12-19,42,1897,4244.0,99.02,"1x 1BR, 1x 4BR"
Fall River,2721,625000.0,3.0,208333.33,3238,193.02,,,,,2025-12-19,22,1900,5924.0,96.15,"2x 2BR, 1x 3BR"
Worcester,1603,794000.0,3.0,264666.67,4716,168.36,20400.0,38.92,20400.0,2.57,2025-12-19,22,1900,10313.0,99.37,3x 3BR
Spencer,1562,474900.0,2.0,237450.0,2983,159.2,19200.0,24.73,19200.0,4.04,2025-12-19,24,1920,4422.0,95.0,"1x 3BR, 1x 4BR"
Salem,1970,900000.0,2.0,450000.0,3217,279.76,49200.0,18.29,49200.0,5.47,2025-12-19,19,1900,8426.0,112.51,"1x 2BR, 1x 3BR"
Springfield,1108,490000.0,2.0,245000.0,3549,138.07,20508.0,23.89,20508.0,4.19,2025-12-19,25,1910,5308.0,100.02,"1x 3BR, 1x 6BR"
Boston,2121,750000.0,2.0,375000.0,3117,240.62,,,,,2025-12-19,7,1900,7309.0,107.3,"1x 2BR, 1x 5BR"
Boston,2121,375697.0,2.0,187848.5,3120,120.42,31200.0,12.04,31200.0,8.3,2025-12-19,26,2002,5807.0,100.0,2x 3BR
Princeton,1541,510000.0,2.0,255000.0,1768,288.46,18000.0,28.33,18000.0,3.53,2025-12-19,63,1930,5404.0,98.1,2x 2BR
Lynn,1905,9900000.0,42.0,235714.29,27840,355.6,,,,,2025-12-19,72,2015,136599.0,92.09,"1x 1BR, 1x 2BR"
Fitchburg,1420,430000.0,2.0,215000.0,1926,223.26,16800.0,25.6,16800.0,3.91,2025-12-19,26,1900,3791.0,97.73,"1x 2BR, 1x 3BR"
Dedham,2026,760000.0,2.0,380000.0,2426,313.27,,,,,2025-12-19,86,1880,8680.0,98.83,"1x 2BR, 1x 3BR"
Boston,2126,1300000.0,3.0,433333.33,3432,378.79,,,,,2025-12-19,13,1905,10551.0,100.0,3x 3BR
Lowell,1852,580000.0,2.0,290000.0,2536,228.71,44760.0,12.96,44760.0,7.72,2025-12-19,21,1910,3947.0,103.57,"1x 1BR, 1x 5BR"
Boston,2125,1200000.0,3.0,400000.0,3594,333.89,,,,,2025-12-19,49,1905,9515.0,94.56,3x 3BR
Marlborough,1752,825000.0,2.0,412500.0,2742,300.88,19200.0,42.97,19200.0,2.33,2025-12-19,20,1973,7879.0,110.0,"1x 2BR, 1x 3BR"
Greenfield,1301,342500.0,2.0,171250.0,1662,206.08,,,,,2025-12-19,26,1900,5622.0,98.56,"1x 1BR, 1x 2BR"
Milton,2186,950000.0,2.0,475000.0,2653,358.09,,,,,2025-12-19,19,1924,9298.0,115.15,2x 2BR
Marlborough,1752,785000.0,2.0,392500.0,3178,247.01,78000.0,10.06,78000.0,9.94,2025-12-19,30,1885,7646.0,100.0,"1x 2BR, 1x 3BR"
Maynard,1754,615000.0,3.0,205000.0,2240,274.55,58924.0,10.44,37334.0,6.07,2025-12-19,35,1900,9107.0,94.62,"1x 1BR, 2x 2BR"
Springfield,1108,370000.0,2.0,185000.0,2400,154.17,26700.0,13.86,26700.0,7.22,2025-12-19,86,1921,6170.0,92.73,"1x 1BR, 1x 2BR"
Ware,1082,369900.0,2.0,184950.0,2378,155.55,20400.0,18.13,16152.0,4.37,2025-12-19,23,1880,3506.0,100.0,2x 4BR
Worcester,1604,977000.0,3.0,325666.67,4704,207.7,,,,,2025-12-19,85,1900,9038.0,88.82,3x 3BR
Lawrence,1843,880000.0,2.0,440000.0,3148,279.54,24000.0,36.67,24000.0,2.73,2025-12-19,38,1920,5739.0,103.54,"1x 2BR, 1x 3BR"
Boston,2128,1825000.0,3.0,608333.33,2943,620.12,152400.0,11.98,127162.0,6.97,2025-12-19,90,1910,14580.0,91.48,3x 4BR
Brockton,2301,713500.0,2.0,356750.0,2123,336.08,45600.0,15.65,45600.0,6.39,2025-12-19,21,1925,7513.0,102.07,"1x 2BR, 1x 4BR"
Worcester,1603,733000.0,3.0,244333.33,3036,241.44,55200.0,13.28,55200.0,7.53,2025-12-19,16,1890,6254.88,99.05,3x 2BR
Worcester,1605,500000.0,3.0,166666.67,2763,180.96,26400.0,18.94,26400.0,5.28,2025-12-19,54,1870,7280.0,100.2,"1x 1BR, 2x 2BR"
Haverhill,1830,635000.0,2.0,317500.0,1840,345.11,,,,,2025-12-19,24,1900,5387.0,97.71,2x 2BR
Somerville,2145,1070000.0,3.0,356666.67,2728,392.23,,,,,2025-12-19,23,1900,9721.0,104.39,"1x 1BR, 2x 2BR"
Watertown,2472,1292500.0,2.0,646250.0,2392,540.34,,,,,2025-12-19,15,1925,12175.0,103.48,"1x 2BR, 1x 3BR"
Springfield,1108,519900.0,3.0,173300.0,3310,157.07,39000.0,13.33,39000.0,7.5,2025-12-19,22,1910,5425.0,100.0,3x 2BR
Peabody,1960,685000.0,2.0,342500.0,2000,342.5,57600.0,11.89,57600.0,8.41,2025-12-19,17,1900,5304.0,91.95,"1x 1BR, 1x 2BR"
Worcester,1604,1200000.0,4.0,300000.0,4578,262.12,103800.0,11.56,87657.0,7.3,2025-12-19,10,1930,8288.0,96.0,"1x 0BR, 1x 2BR, 2x 3BR"
Boston,2127,1100000.0,3.0,366666.67,1890,582.01,22800.0,48.25,22800.0,2.07,2025-12-22,140,1900,13015.0,88.0,"1x 1BR, 2x 2BR"
Everett,2149,900000.0,2.0,450000.0,2221,405.22,,,,,2025-12-22,86,1900,7888.0,100.0,"1x 2BR, 1x 3BR"
Newton,2459,1340000.0,2.0,670000.0,2408,556.48,,,,,2025-12-22,20,1920,11547.0,97.45,2x 2BR
Pittsfield,1201,189950.0,2.0,94975.0,3224,58.92,,,,,2025-12-22,24,1910,3581.0,100.0,2x 3BR
Webster,1570,530000.0,6.0,88333.33,5202,101.88,22200.0,23.87,22200.0,4.19,2025-12-22,34,1950,4778.0,96.36,"1x 1BR, 1x 2BR"
Worcester,1604,900000.0,4.0,225000.0,5019,179.32,105600.0,8.52,105600.0,11.73,2025-12-22,62,1890,7518.28,98.36,"1x 1BR, 1x 3BR, 2x 4BR"
New Bedford,2746,712000.0,4.0,178000.0,3984,178.71,51000.0,13.96,51000.0,7.16,2025-12-22,82,1905,5365.0,97.53,"2x 1BR, 2x 4BR"
New Bedford,2746,500000.0,2.0,250000.0,1865,268.1,,,,,2025-12-22,9,1908,4671.0,111.11,"1x 2BR, 1x 3BR"
Taunton,2780,735000.0,2.0,367500.0,2205,333.33,,,,,2025-12-22,19,1919,5886.0,101.38,"1x 2BR, 1x 3BR"
Boston,2128,1434965.0,3.0,478321.67,2316,619.59,106800.0,13.44,106800.0,7.44,2025-12-22,31,2019,12812.8,95.73,3x 2BR
Rockland,2370,710000.0,6.0,118333.33,4026,176.35,129600.0,5.48,102600.0,14.45,2025-12-22,41,1870,6303.0,83.54,5x 1BR
Springfield,1108,325000.0,3.0,108333.33,3612,89.98,10800.0,30.09,10800.0,3.32,2025-12-22,23,1909,5007.0,108.37,"1x 2BR, 2x 3BR"
Webster,1570,475000.0,2.0,237500.0,2480,191.53,,,,,2025-12-22,8,1952,3831.0,106.74,"1x 2BR, 1x 3BR"
Fall River,2724,560700.0,3.0,186900.0,3966,141.38,,,,,2025-12-22,40,1900,6034.0,117.2,3x 3BR
Northbridge,1534,549900.0,2.0,274950.0,2138,257.2,15000.0,36.66,15000.0,2.73,2025-12-22,19,1909,4342.0,100.0,2x 2BR
Boston,2128,1440000.0,6.0,240000.0,2872,501.39,142560.0,10.1,102910.0,7.15,2025-12-22,85,1899,10841.0,90.28,2x 1BR
Arlington,2476,1200000.0,4.0,300000.0,3350,358.21,63600.0,18.87,53446.0,4.45,2025-12-22,138,1910,11264.0,88.89,"2x 1BR, 1x 2BR, 1x 3BR"
Somerville,2144,1100000.0,2.0,550000.0,2753,399.56,,,,,2025-12-22,128,1910,4618.68,92.51,"1x 1BR, 1x 4BR"
Worcester,1604,570000.0,2.0,285000.0,2658,214.45,48600.0,11.73,48600.0,8.53,2025-12-22,8,1923,6952.0,99.13,2x 2BR
Boston,2130,1834000.0,2.0,917000.0,4460,411.21,,,,,2025-12-22,20,1910,18108.0,99.19,"1x 2BR, 1x 5BR"
Leominster,1453,545000.0,2.0,272500.0,2065,263.92,24000.0,22.71,24000.0,4.4,2025-12-22,29,1920,4938.0,99.11,"1x 3BR, 1x 4BR"
Fall River,2720,595000.0,4.0,148750.0,1758,338.45,70800.0,8.4,2829.0,0.48,2025-12-22,124,1921,3196.0,99.2,4x 1BR
Fall River,2723,641000.0,3.0,213666.67,2600,246.54,68160.0,9.4,63435.0,9.9,2025-12-22,34,1900,5008.0,97.56,3x 3BR
Boston,2120,2790000.0,3.0,930000.0,5155,541.22,204000.0,13.68,172010.0,6.17,2025-12-23,8,1935,21685.0,97.89,"2x 4BR, 1x 6BR"
Brookline,2445,2820000.0,2.0,1410000.0,4171,676.1,,,,,2025-12-23,60,1953,30939.0,94.0,"1x 1BR, 2x 3BR"
Boston,2134,1250000.0,2.0,625000.0,2644,472.77,,,,,2025-12-23,22,1890,13195.0,96.15,"1x 2BR, 1x 3BR"
Lawrence,1841,760000.0,2.0,380000.0,2648,287.01,,,,,2025-12-23,16,1920,4931.0,108.59,"1x 2BR, 1x 3BR"
Brookline,2445,1420000.0,2.0,710000.0,2815,504.44,,,,,2025-12-23,1,1910,11982.0,97.33,"1x 2BR, 1x 3BR"
Lawrence,1841,720000.0,3.0,240000.0,3308,217.65,,,,,2025-12-23,20,1900,3928.0,104.5,"1x 2BR, 2x 3BR"
Boston,2130,1650000.0,2.0,825000.0,3208,514.34,,,,,2025-12-23,20,1900,10636.0,82.5,"1x 2BR, 1x 4BR"
Danvers,1923,750000.0,2.0,375000.0,1916,391.44,,,,,2025-12-23,23,1940,7804.0,104.31,"1x 1BR, 1x 3BR"
Taunton,2780,765000.0,2.0,382500.0,2822,271.08,,,,,2025-12-23,27,1900,7447.0,102.14,"1x 2BR, 1x 3BR"
Fall River,2721,729000.0,3.0,243000.0,2952,246.95,31200.0,23.37,31200.0,4.28,2025-12-23,109,1900,4837.0,99.88,3x 3BR
Springfield,1109,222000.0,2.0,111000.0,1551,143.13,26400.0,8.41,18820.0,8.48,2025-12-23,50,1897,2934.0,98.71,2x 2BR
Boylston,1505,820000.0,2.0,410000.0,2192,374.09,,,,,2025-12-23,23,1949,5810.0,96.47,2x 1BR
Medford,2155,2300000.0,3.0,766666.67,4417,520.72,,,,,2025-12-23,39,1900,0.0,88.5,3x 3BR
Boston,2129,952000.0,2.0,476000.0,2415,394.2,,,,,2025-12-23,19,1900,6792.0,95.2,"1x 1BR, 1x 3BR"
Easthampton,1027,420000.0,2.0,210000.0,2834,148.2,,,,,2025-12-23,19,1910,5076.0,93.44,2x 3BR
Rockland,2370,550000.0,2.0,275000.0,2048,268.55,50400.0,10.91,50400.0,9.16,2025-12-23,41,1920,6946.0,100.0,"1x 2BR, 1x 3BR"
Belmont,2478,1310000.0,2.0,655000.0,2310,567.1,60600.0,21.62,60600.0,4.63,2025-12-23,13,1925,14272.0,114.01,2x 2BR
Lowell,1850,990000.0,6.0,165000.0,4253,232.78,112200.0,8.82,84246.0,8.51,2025-12-23,10,1900,7295.0,101.54,"3x 0BR, 2x 3BR"
Brockton,2302,950000.0,3.0,316666.67,3747,253.54,,,,,2025-12-23,26,1925,9597.0,102.71,3x 3BR
Fitchburg,1420,438277.0,2.0,219138.5,2244,195.31,,,,,2025-12-23,166,1895,5135.0,102.94,2x 3BR
Fitchburg,1420,365000.0,2.0,182500.0,1980,184.34,,,,,2025-12-23,7,1900,4100.0,101.42,2x 2BR
Worcester,1603,620000.0,3.0,206666.67,4578,135.43,39600.0,15.66,39600.0,6.39,2025-12-24,58,1920,8382.0,95.38,"1x 2BR, 2x 3BR"
Quincy,2171,1080000.0,2.0,540000.0,2712,398.23,,,,,2025-12-24,21,1900,11577.0,98.18,"1x 2BR, 1x 3BR"
Brockton,2301,810000.0,2.0,405000.0,2909,278.45,,,,,2025-12-24,17,1900,7261.0,97.62,"1x 3BR, 1x 5BR"
Monson,1057,300000.0,2.0,150000.0,2018,148.66,10800.0,27.78,1901.0,0.63,2025-12-24,48,1970,4440.0,92.31,"1x 1BR, 1x 2BR"
Everett,2149,700000.0,3.0,233333.33,2128,328.95,16800.0,41.67,16800.0,2.4,2025-12-24,91,1900,8210.0,94.59,"1x 1BR, 1x 2BR, 1x 3BR"
Fall River,2721,825000.0,6.0,137500.0,7874,104.78,57840.0,14.26,57840.0,7.01,2025-12-24,19,1900,9056.0,105.78,"2x 2BR, 3x 3BR"
Webster,1570,910000.0,7.0,130000.0,5022,181.2,125700.0,7.24,101576.0,11.16,2025-12-24,6,1850,5466.0,98.39,"1x 1BR, 4x 2BR"
Fitchburg,1420,505000.0,2.0,252500.0,2091,241.51,54000.0,9.35,54000.0,10.69,2025-12-24,19,1920,5944.0,101.2,2x 3BR
Boston,2136,1240000.0,3.0,413333.33,4608,269.1,85800.0,14.45,85800.0,6.92,2025-12-24,30,1900,9151.0,95.38,"1x 3BR, 2x 4BR"
Bolton,1740,760000.0,4.0,190000.0,3623,209.77,72600.0,10.47,72600.0,9.55,2025-12-24,51,1850,8647.0,95.01,"3x 1BR, 1x 2BR"
Springfield,1105,290000.0,2.0,145000.0,4000,72.5,,,,,2025-12-24,123,1907,4982.0,96.7,"1x 1BR, 1x 5BR"
North Adams,1247,420000.0,4.0,105000.0,3331,126.09,40800.0,10.29,40800.0,9.71,2025-12-24,24,1880,4360.0,105.03,"3x 1BR, 1x 2BR"
Wareham,2571,525000.0,2.0,262500.0,2186,240.16,20400.0,25.74,20400.0,3.89,2025-12-24,25,1976,4643.0,95.63,"1x 1BR, 1x 3BR"
Southbridge,1550,492450.0,3.0,164150.0,3453,142.62,62400.0,7.89,61800.0,12.55,2025-12-24,18,1920,5185.0,100.5,3x 3BR
Boston,2131,1110000.0,3.0,370000.0,3492,317.87,36000.0,30.83,36000.0,3.24,2025-12-24,23,1924,10256.0,102.87,"1x 2BR, 2x 3BR"
Springfield,1104,420000.0,2.0,210000.0,2135,196.72,,,,,2025-12-24,45,1925,2380.0,100.0,2x 3BR
Everett,2149,1005000.0,2.0,502500.0,3358,299.29,42000.0,23.93,42000.0,4.18,2025-12-24,7,1910,8006.0,111.68,"1x 2BR, 1x 5BR"
Watertown,2472,720000.0,2.0,360000.0,3240,222.22,,,,,2025-12-25,18,1900,9016.0,109.09,"1x 2BR, 1x 4BR"
Boston,2132,825000.0,2.0,412500.0,2080,396.63,24000.0,34.38,24000.0,2.91,2025-12-25,42,1973,8083.0,99.52,"1x 2BR, 1x 3BR"
New Bedford,2746,710000.0,3.0,236666.67,3530,201.13,64800.0,10.96,64800.0,9.13,2025-12-26,90,1925,5716.0,98.61,"1x 2BR, 2x 3BR"
Milford,1757,530000.0,2.0,265000.0,2533,209.24,,,,,2025-12-26,3,1890,6135.0,109.28,2x 3BR
Fall River,2724,810000.0,3.0,270000.0,4302,188.28,,,,,2025-12-26,9,1900,6792.0,101.26,3x 3BR
Beverly,1915,1035000.0,3.0,345000.0,3444,300.52,,,,,2025-12-26,61,1915,5630.0,96.28,3x 2BR
Revere,2151,980000.0,2.0,490000.0,3499,280.08,,,,,2025-12-26,12,1965,8665.0,108.9,"1x 2BR, 1x 3BR"
Quincy,2170,915000.0,2.0,457500.0,2200,415.91,58500.0,15.64,58500.0,6.39,2025-12-29,44,1925,9914.65,96.33,2x 2BR
Somerville,2144,1049000.0,2.0,524500.0,2495,420.44,,,,,2025-12-29,18,1900,10773.0,100.0,"1x 2BR, 1x 3BR"
Gloucester,1930,750000.0,3.0,250000.0,2228,336.62,70200.0,10.68,51962.0,6.93,2025-12-29,33,1900,5904.0,93.75,"1x 1BR, 2x 2BR"
New Bedford,2740,610000.0,2.0,305000.0,2218,275.02,,,,,2025-12-29,23,1880,5552.0,101.67,2x 4BR
Fall River,2721,725000.0,3.0,241666.67,2766,262.11,19200.0,37.76,19200.0,2.65,2025-12-29,14,1900,5106.0,103.59,"2x 2BR, 1x 4BR"
Revere,2151,900888.0,2.0,450444.0,2562,351.63,,,,,2025-12-29,7,1900,6364.0,100.12,"1x 2BR, 1x 3BR"
Fitchburg,1420,1730000.0,14.0,123571.43,13017,132.9,213600.0,8.1,149226.0,8.63,2025-12-29,74,1920,17209.0,91.05,"3x 1BR, 2x 2BR"
Springfield,1108,1100000.0,9.0,122222.22,10604,103.73,21300.0,51.64,21300.0,1.94,2025-12-29,146,1910,15128.0,92.05,2x 1BR
Worcester,1603,605000.0,2.0,302500.0,2394,252.72,,,,,2025-12-29,5,1986,7349.0,100.84,2x 2BR
Worcester,1604,500000.0,2.0,250000.0,1736,288.02,16800.0,29.76,16800.0,3.36,2025-12-29,4,1890,4403.0,101.03,"1x 2BR, 1x 3BR"
Springfield,1109,365000.0,2.0,182500.0,2192,166.51,,,,,2025-12-29,35,1896,4271.0,104.32,2x 2BR
Holyoke,1040,310000.0,2.0,155000.0,2000,155.0,19680.0,15.75,19680.0,6.35,2025-12-29,49,1986,3986.0,100.0,2x 2BR
Springfield,1104,365000.0,3.0,121666.67,2523,144.67,48000.0,7.6,48000.0,13.15,2025-12-29,177,1913,3166.0,96.08,"1x 1BR, 2x 2BR"
Leominster,1453,700000.0,3.0,233333.33,3240,216.05,82800.0,8.45,69800.0,9.97,2025-12-29,56,1900,7182.0,93.35,3x 2BR
Westfield,1085,502500.0,4.0,125625.0,4200,119.64,10200.0,49.26,10200.0,2.03,2025-12-29,28,1919,2083.0,100.52,4x 1BR
New Bedford,2740,650000.0,3.0,216666.67,3567,182.23,,,,,2025-12-29,29,1887,6867.0,100.0,3x 3BR
New Bedford,2745,520000.0,2.0,260000.0,2076,250.48,,,,,2025-12-29,43,1916,5179.0,98.13,2x 2BR
Fitchburg,1420,580000.0,2.0,290000.0,2775,209.01,,,,,2025-12-29,20,1951,5724.0,105.45,"1x 2BR, 1x 3BR"
New Bedford,2740,625000.0,2.0,312500.0,2067,302.37,,,,,2025-12-29,21,1881,4619.0,106.84,"1x 2BR, 1x 3BR"
Lowell,1850,712500.0,2.0,356250.0,2271,313.74,,,,,2025-12-29,31,1880,6827.0,97.74,"1x 2BR, 1x 3BR"
North Andover,1845,800000.0,2.0,400000.0,2053,389.67,,,,,2025-12-29,25,1900,7676.0,100.01,2x 1BR
Taunton,2780,800000.0,2.0,400000.0,1948,410.68,56400.0,14.18,56400.0,7.05,2025-12-29,30,1920,5485.0,96.4,"1x 1BR, 2x 2BR"
Framingham,1702,2600000.0,11.0,236363.64,7712,337.14,257728.0,10.09,187537.0,7.21,2025-12-30,51,1902,24140.04,96.3,"2x 1BR, 1x 2BR, 1x 3BR"
Boston,2124,690000.0,2.0,345000.0,2047,337.08,,,,,2025-12-30,12,1905,5481.0,100.01,"1x 1BR, 1x 3BR"
Lowell,1854,580750.0,2.0,290375.0,2015,288.21,34860.0,16.66,34860.0,6.0,2025-12-30,53,1900,5339.0,101.0,2x 2BR
Worcester,1604,637500.0,3.0,212500.0,4156,153.39,33600.0,18.97,17670.0,2.77,2025-12-30,42,1920,6872.0,87.93,"1x 0BR, 1x 1BR, 2x 3BR"
Stoughton,2072,675000.0,2.0,337500.0,1763,382.87,54000.0,12.5,54000.0,8.0,2025-12-30,23,1935,5866.0,100.01,2x 2BR
Lowell,1854,450000.0,2.0,225000.0,1518,296.44,,,,,2025-12-30,9,1920,4747.0,100.0,"1x 2BR, 1x 3BR"
Brockton,2301,715000.0,2.0,357500.0,2238,319.48,,,,,2025-12-30,3,1872,7842.0,106.75,2x 3BR
Brockton,2301,900000.0,2.0,450000.0,2900,310.34,,,,,2025-12-30,23,1906,6496.0,107.14,"1x 3BR, 1x 5BR"
Chatham,2633,3400000.0,6.0,566666.67,7396,459.71,268880.0,12.65,228580.0,6.72,2025-12-30,70,1960,7665.0,97.14,5x 1BR
Revere,2151,1085000.0,2.0,542500.0,2579,420.71,,,,,2025-12-30,25,2020,8306.0,96.96,"1x 1BR, 1x 3BR"
Chelsea,2150,830000.0,2.0,415000.0,2718,305.37,86520.0,9.59,64640.0,7.79,2025-12-30,20,1920,9397.0,97.65,"1x 3BR, 1x 4BR"
Fall River,2721,835000.0,6.0,139166.67,3973,210.17,82500.0,10.12,70800.0,8.48,2025-12-30,99,1900,5710.0,95.98,5x 2BR
Somerville,2143,1228500.0,2.0,614250.0,3957,310.46,,,,,2025-12-30,31,1900,13893.0,96.05,2x 4BR
Greenfield,1301,20100.0,0.0,inf,2431,8.27,,,,,2025-12-30,6,1905,4301.0,160.8,2x 0BR
Cambridge,2139,2150000.0,2.0,1075000.0,3414,629.76,,,,,2025-12-30,36,1903,13512.0,89.58,"1x 4BR, 1x 5BR"
Boston,2131,900000.0,2.0,450000.0,2145,419.58,15000.0,60.0,15000.0,1.67,2025-12-30,31,1956,7405.22,100.0,2x 2BR
Dracut,1826,726000.0,2.0,363000.0,1886,384.94,,,,,2025-12-30,16,1920,4544.0,103.71,2x 2BR
Springfield,1109,310000.0,2.0,155000.0,2717,114.1,,,,,2025-12-30,32,1905,2250.0,103.34,"1x 3BR, 1x 5BR"
Weymouth,2188,620000.0,2.0,310000.0,1738,356.73,,,,,2025-12-30,107,1868,5417.0,96.88,"1x 1BR, 1x 3BR"
Athol,1331,265000.0,2.0,132500.0,3608,73.45,28800.0,9.2,28800.0,10.87,2025-12-30,43,1900,3418.0,92.98,2x 3BR
Worcester,1605,865000.0,3.0,288333.33,5435,159.15,91800.0,9.42,75907.0,8.78,2025-12-30,45,1915,9908.0,101.78,"1x 4BR, 2x 5BR"
Haverhill,1830,860000.0,2.0,430000.0,2272,378.52,28800.0,29.86,28800.0,3.35,2025-12-30,9,1930,5752.0,107.5,"1x 2BR, 1x 4BR"
Springfield,1108,488000.0,2.0,244000.0,3800,128.42,41400.0,11.79,41400.0,8.48,2025-12-30,28,1899,4500.0,104.95,"1x 5BR, 1x 8BR"
Lawrence,1840,505000.0,2.0,252500.0,1904,265.23,,,,,2025-12-30,20,1900,3913.0,105.43,"1x 2BR, 1x 3BR"
Malden,2148,1175000.0,3.0,391666.67,2782,422.36,21600.0,54.4,21600.0,1.84,2025-12-30,21,1920,9857.0,102.17,"2x 1BR, 1x 3BR"
Malden,2148,740000.0,2.0,370000.0,2236,330.95,,,,,2025-12-30,2,1900,7636.0,100.14,"1x 2BR, 1x 3BR"
Boston,2124,1000000.0,2.0,500000.0,2236,447.23,13200.0,75.76,13200.0,1.32,2025-12-30,20,1920,8567.0,108.7,"1x 2BR, 1x 3BR"
Boston,2121,1235000.0,2.0,617500.0,2600,475.0,,,,,2025-12-30,0,2025,99999.0,100.0,2x 3BR
Lawrence,1841,820000.0,3.0,273333.33,3369,243.4,,,,,2025-12-30,66,1917,5753.0,100.0,3x 3BR
Boston,2136,1130000.0,2.0,565000.0,3060,369.28,32400.0,34.88,32400.0,2.87,2025-12-30,56,2015,11140.0,97.41,2x 3BR
Lowell,1850,615000.0,3.0,205000.0,2516,244.44,72000.0,8.54,72000.0,11.71,2025-12-30,17,1900,4978.0,102.52,"1x 1BR, 2x 2BR"
Billerica,1862,880000.0,3.0,293333.33,3085,285.25,81600.0,10.78,76457.0,8.69,2025-12-30,14,1900,7614.96,97.89,"2x 2BR, 1x 3BR"
Taunton,2780,720000.0,5.0,144000.0,3959,181.86,82236.0,8.76,82236.0,11.42,2025-12-30,32,1900,7137.0,96.0,"2x 1BR, 2x 2BR, 1x 3BR"
New Bedford,2740,445000.0,2.0,222500.0,2267,196.29,,,,,2025-12-30,27,1890,5473.0,102.3,2x 2BR
Fall River,2724,272000.0,2.0,136000.0,2092,130.02,,,,,2025-12-30,1,1920,5053.0,98.91,2x 2BR
Worcester,1608,385000.0,3.0,128333.33,2106,182.81,68952.0,5.58,68952.0,17.91,2025-12-30,67,1890,6323.0,90.61,"2x 1BR, 1x 3BR"
Marblehead,1945,950000.0,2.0,475000.0,2614,363.43,,,,,2025-12-30,14,1885,9250.0,100.0,2x 2BR
Springfield,1108,545000.0,4.0,136250.0,5518,98.77,85200.0,6.4,85200.0,15.63,2025-12-30,73,1922,5502.0,100.0,"2x 1BR, 3x 3BR"
Everett,2149,850000.0,2.0,425000.0,2367,359.1,66000.0,12.88,66000.0,7.76,2025-12-30,20,1900,8830.0,106.26,"1x 2BR, 1x 3BR"
Westfield,1085,328000.0,3.0,109333.33,1860,176.34,34800.0,9.43,34800.0,10.61,2025-12-30,106,1910,4322.0,96.5,"1x 1BR, 2x 2BR"
Springfield,1108,440000.0,3.0,146666.67,3312,132.85,53100.0,8.29,53100.0,12.07,2025-12-30,32,1922,5532.0,97.8,3x 2BR
Ludlow,1056,395000.0,2.0,197500.0,1728,228.59,25200.0,15.67,25200.0,6.38,2025-12-30,25,1985,5032.0,101.54,2x 2BR
Springfield,1108,375000.0,3.0,125000.0,3653,102.66,6000.0,62.5,6000.0,1.6,2025-12-30,27,1909,4858.0,96.4,"1x 2BR, 2x 3BR"
Cambridge,2138,2250000.0,3.0,750000.0,3233,695.95,,,,,2025-12-31,38,1924,12652.0,93.75,3x 2BR
Taunton,2780,705000.0,3.0,235000.0,3029,232.75,24000.0,29.38,24000.0,3.4,2025-12-31,14,1900,6720.0,108.46,"2x 2BR, 1x 3BR"
Fall River,2720,625000.0,3.0,208333.33,2285,273.52,,,,,2025-12-31,20,1900,4913.0,104.52,"1x 1BR, 2x 2BR"
Leominster,1453,637500.0,3.0,212500.0,2497,255.31,59400.0,10.73,55660.0,8.73,2025-12-31,91,1900,5607.0,98.08,"1x 2BR, 2x 3BR"
Fall River,2721,768000.0,2.0,384000.0,3331,230.56,,,,,2025-12-31,193,1900,6492.0,99.75,"1x 2BR, 1x 4BR"
Somerville,2145,1099000.0,2.0,549500.0,2641,416.13,66000.0,16.65,66000.0,6.01,2025-12-31,78,1910,9199.0,100.0,"1x 2BR, 1x 4BR"
Lynn,1905,820000.0,2.0,410000.0,2468,332.25,,,,,2025-12-31,85,1900,8444.0,98.91,"1x 2BR, 1x 4BR"
Fall River,2720,610000.0,3.0,203333.33,2720,224.26,,,,,2025-12-31,162,1900,5703.0,98.39,"2x 2BR, 1x 3BR"
Somerville,2143,1725000.0,3.0,575000.0,3759,458.9,118250.0,14.59,89559.0,5.19,2025-12-31,90,1900,17179.0,94.01,3x 3BR
Webster,1570,620000.0,4.0,155000.0,4788,129.49,51900.0,11.95,51900.0,8.37,2025-12-31,4,1870,4362.0,103.51,"1x 1BR, 1x 2BR, 2x 3BR"
Southbridge,1550,530000.0,3.0,176666.67,3086,171.74,35100.0,15.1,35100.0,6.62,2025-12-31,22,1900,5283.0,100.97,"2x 2BR, 1x 3BR"
Boston,2131,750000.0,2.0,375000.0,1752,428.08,64800.0,11.57,64800.0,8.64,2025-12-31,19,1962,3623.0,107.3,"1x 1BR, 1x 2BR"
Cambridge,2138,13000116.0,9.0,1444457.33,9999,1300.14,,,,,2025-12-31,232,1890,9.0,83.87,2x 9BR
Springfield,1151,270000.0,2.0,135000.0,2265,119.21,,,,,2025-12-31,22,1895,4389.0,90.03,2x 2BR
Newton,2465,1130000.0,3.0,376666.67,5044,224.03,,,,,2025-12-31,20,1925,12334.0,132.96,"1x 1BR, 2x 2BR"
New Bedford,2740,450000.0,3.0,150000.0,1954,230.3,,,,,2025-12-31,57,1879,4480.0,94.74,"1x 1BR, 2x 2BR"
Fall River,2723,625000.0,3.0,208333.33,2955,211.51,,,,,2025-12-31,38,1900,5321.0,97.81,3x 2BR
Boston,2122,1230000.0,3.0,410000.0,3585,343.1,90000.0,13.67,90000.0,7.32,2025-12-31,31,1900,11040.0,94.98,3x 3BR
Boston,2122,880000.0,3.0,293333.33,2460,357.72,54000.0,16.3,54000.0,6.14,2025-12-31,16,1950,9166.0,97.79,"1x 1BR, 2x 2BR"
Boston,2126,915000.0,2.0,457500.0,2416,378.73,,,,,2025-12-31,7,1910,8114.0,103.98,2x 3BR
Lowell,1851,672000.0,2.0,336000.0,2916,230.45,,,,,2025-12-31,22,1916,7966.0,108.4,2x 3BR
Worcester,1604,530000.0,3.0,176666.67,2616,202.6,13200.0,40.15,10175.0,1.92,2025-12-31,181,1860,6835.0,100.0,"1x 1BR, 1x 2BR, 1x 4BR"
Quincy,2169,875000.0,2.0,437500.0,1702,514.1,16800.0,52.08,16800.0,1.92,2025-12-31,8,1900,7727.0,102.95,2x 2BR
Newton,2460,1395000.0,2.0,697500.0,3764,370.62,,,,,2025-12-31,108,1870,13732.0,100.0,"1x 2BR, 1x 4BR"
Chelsea,2150,675000.0,2.0,337500.0,1800,375.0,,,,,2025-12-31,104,1930,6286.0,96.44,"1x 2BR, 1x 3BR"
Worcester,1610,950000.0,3.0,316666.67,3579,265.44,79200.0,11.99,79200.0,8.34,2025-12-31,61,1900,9477.0,100.01,3x 4BR
Pittsfield,1201,274900.0,2.0,137450.0,2160,127.27,35400.0,7.77,35400.0,12.88,2025-12-31,28,1930,4148.0,100.0,2x 2BR
Acushnet,2743,580000.0,3.0,193333.33,2330,248.93,34800.0,16.67,30271.0,5.22,2025-12-31,49,1930,4768.0,96.68,3x 2BR
Southbridge,1550,525000.0,2.0,262500.0,3602,145.75,60000.0,8.75,60000.0,11.43,2025-12-31,59,1840,5860.0,92.27,2x 3BR
Attleboro,2703,725000.0,2.0,362500.0,3853,188.17,,,,,2025-12-31,21,1900,9790.0,100.0,"1x 2BR, 1x 4BR"
Quincy,2171,1475000.0,4.0,368750.0,3000,491.67,126000.0,11.71,98000.0,6.64,2025-12-31,45,1920,14732.0,98.33,4x 2BR
Holyoke,1040,470000.0,3.0,156666.67,3000,156.67,,,,,2025-12-31,17,1900,4671.0,100.0,2x 3BR
West Springfield,1089,281500.0,2.0,140750.0,1456,193.34,11400.0,24.69,11400.0,4.05,2025-12-31,120,1922,3187.0,93.86,"1x 1BR, 1x 2BR"
Brockton,2302,750000.0,2.0,375000.0,3188,235.26,,,,,2025-12-31,3,1899,7783.0,104.2,2x 3BR
Andover,1810,899900.0,2.0,449950.0,2865,314.1,69600.0,12.93,69600.0,7.73,2025-12-31,19,1918,10175.0,100.0,2x 2BR
Waltham,2451,850000.0,2.0,425000.0,1614,526.64,,,,,2025-12-31,2,1910,7320.0,89.47,"1x 1BR, 1x 2BR"
Lawrence,1843,980000.0,3.0,326666.67,5140,190.66,,,,,2025-12-31,20,1900,6094.0,109.13,"2x 4BR, 1x 6BR"
Swampscott,1907,1065000.0,3.0,355000.0,3388,314.34,,,,,2025-12-31,19,1900,9254.0,107.04,3x 2BR
Boston,2135,1390000.0,2.0,695000.0,3267,425.47,,,,,2025-12-31,41,1900,13293.0,96.19,"1x 3BR, 1x 4BR"
Chicopee,1013,395000.0,3.0,131666.67,3480,113.51,16800.0,23.51,16800.0,4.25,2025-12-31,58,1900,4401.0,94.18,3x 3BR
Leominster,1453,565000.0,3.0,188333.33,3085,183.14,37200.0,15.19,37200.0,6.58,2026-01-02,19,1920,8924.0,97.58,3x 2BR
Medford,2155,1510000.0,2.0,755000.0,3622,416.9,92400.0,16.34,92400.0,6.12,2026-01-02,27,1920,11593.56,99.02,"1x 2BR, 1x 4BR"
Methuen,1844,820000.0,2.0,410000.0,2588,316.85,,,,,2026-01-02,54,1915,6991.0,100.01,"1x 2BR, 1x 4BR"
Boston,2132,1200000.0,2.0,600000.0,2378,504.63,,,,,2026-01-02,27,1924,10760.0,92.38,"1x 2BR, 1x 3BR"
Fall River,2723,920000.0,6.0,153333.33,6555,140.35,88200.0,10.43,88200.0,9.59,2026-01-02,29,1907,8649.0,98.4,"3x 2BR, 2x 3BR"
Fall River,2723,485000.0,2.0,242500.0,1600,303.13,39300.0,12.34,39300.0,8.1,2026-01-02,63,1925,3996.0,100.0,2x 2BR
Worcester,1604,750000.0,3.0,250000.0,4416,169.84,78000.0,9.62,78000.0,10.4,2026-01-02,17,1890,9364.0,96.15,3x 4BR
Gardner,1440,580000.0,4.0,145000.0,2856,203.08,57000.0,10.18,65550.0,11.3,2026-01-02,10,1900,4802.0,100.02,"1x 1BR, 3x 2BR"
Attleboro,2703,350000.0,2.0,175000.0,1314,266.36,9600.0,36.46,9600.0,2.74,2026-01-05,23,1915,4070.0,109.41,2x 2BR
Springfield,1108,225000.0,2.0,112500.0,2416,93.13,,,,,2026-01-05,2,1923,5096.0,112.56,"1x 3BR, 1x 4BR"
Pittsfield,1201,209900.0,2.0,104950.0,1728,121.47,31800.0,6.6,21113.0,10.06,2026-01-05,37,1880,2092.0,100.0,2x 2BR
Natick,1760,1050000.0,2.0,525000.0,2416,434.6,57600.0,18.23,52184.0,4.97,2026-01-05,64,1900,9459.0,95.54,"1x 2BR, 1x 3BR"
Lowell,1852,400000.0,2.0,200000.0,2240,178.57,16800.0,23.81,16800.0,4.2,2026-01-05,13,1900,4981.0,100.03,"1x 3BR, 1x 5BR"
Greenfield,1301,317000.0,2.0,158500.0,1734,182.81,8400.0,37.74,8400.0,2.65,2026-01-05,54,1900,5131.0,103.93,"1x 1BR, 1x 2BR"
Brockton,2302,580000.0,2.0,290000.0,1776,326.58,48756.0,11.9,48756.0,8.41,2026-01-05,16,1929,6390.0,97.48,2x 2BR
Easthampton,1027,399000.0,2.0,199500.0,2170,183.87,,,,,2026-01-05,17,1920,5443.0,100.0,2x 2BR
Cambridge,2139,1800000.0,2.0,900000.0,2151,836.82,,,,,2026-01-05,40,1873,9329.0,94.74,2x 2BR
Springfield,1109,230000.0,2.0,115000.0,2514,91.49,,,,,2026-01-05,23,1904,2888.0,104.55,"1x 2BR, 1x 5BR"
Abington,2351,661500.0,2.0,330750.0,1805,366.48,,,,,2026-01-05,89,1880,8163.0,94.5,2x 2BR
Boston,2126,500000.0,2.0,250000.0,1756,284.74,,,,,2026-01-05,57,1950,7662.0,76.92,2x 2BR
Middleboro,2346,950000.0,3.0,316666.67,4074,233.19,34800.0,27.3,34800.0,3.66,2026-01-05,25,1880,8741.0,96.94,"1x 2BR, 2x 3BR"
Bridgewater,2324,650000.0,2.0,325000.0,2208,294.38,45600.0,14.25,49852.0,7.67,2026-01-05,6,1850,6105.0,100.0,"1x 3BR, 1x 4BR"
New Bedford,2740,421000.0,3.0,140333.33,3321,126.77,,,,,2026-01-05,9,1910,4722.0,105.28,3x 3BR
New Bedford,2740,680000.0,3.0,226666.67,2732,248.9,64800.0,10.49,64800.0,9.53,2026-01-05,19,1908,5716.0,104.63,3x 3BR
Fall River,2720,678950.0,2.0,339475.0,2504,271.15,55200.0,12.3,55200.0,8.13,2026-01-05,40,1900,4838.0,100.59,2x 3BR
New Bedford,2740,768000.0,4.0,192000.0,3802,202.0,,,,,2026-01-05,64,1870,5864.0,102.4,"1x 1BR, 1x 2BR, 2x 4BR"
Watertown,2472,900000.0,2.0,450000.0,2250,400.0,,,,,2026-01-05,65,1925,10295.0,94.74,2x 2BR
Somerset,2726,500000.0,2.0,250000.0,2422,206.44,,,,,2026-01-05,7,1941,6020.0,98.23,2x 2BR
Haverhill,1832,885000.0,4.0,221250.0,3918,225.88,5144.0,172.05,61728.0,6.97,2026-01-05,35,1900,7363.0,100.01,4x 2BR
Marlborough,1752,480000.0,2.0,240000.0,3126,153.55,47640.0,10.08,47640.0,9.93,2026-01-06,28,1890,6018.0,100.0,2x 2BR
Cambridge,2140,1900000.0,2.0,950000.0,2577,737.29,,,,,2026-01-06,9,1873,6097.21,124.59,"1x 1BR, 1x 3BR"
Gloucester,1930,550000.0,3.0,183333.33,1991,276.24,22800.0,24.12,22800.0,4.15,2026-01-06,36,1900,5689.0,100.18,"2x 1BR, 1x 2BR"
Boston,2126,900000.0,3.0,300000.0,3648,246.71,114000.0,7.89,114000.0,12.67,2026-01-06,89,1905,7554.0,84.91,"1x 3BR, 2x 4BR"
Brockton,2301,690000.0,6.0,115000.0,4680,147.44,42600.0,16.2,42600.0,6.17,2026-01-06,2,1920,6531.53,99.28,"2x 0BR, 1x 3BR, 1x 4BR"
Fitchburg,1420,630000.0,6.0,105000.0,5242,120.18,46416.0,13.57,46416.0,7.37,2026-01-06,51,1940,7630.0,94.03,"4x 1BR, 1x 2BR"
Cambridge,2139,1260000.0,2.0,630000.0,2175,579.31,96000.0,13.12,96000.0,7.62,2026-01-06,50,1873,7649.0,84.06,"1x 2BR, 1x 3BR"
Franklin,2038,1087500.0,5.0,217500.0,3844,282.91,91800.0,11.85,79976.0,7.35,2026-01-06,46,1850,7747.05,94.57,"2x 1BR, 2x 2BR, 1x 4BR"
Medford,2155,1488000.0,4.0,372000.0,3628,410.14,110160.0,13.51,110160.0,7.4,2026-01-06,9,1910,11875.0,125.04,"2x 1BR, 2x 2BR"
Lowell,1852,1150000.0,6.0,191666.67,5276,217.97,114600.0,10.03,82447.0,7.17,2026-01-06,10,1900,10172.0,109.52,5x 2BR
New Bedford,2744,725000.0,4.0,181250.0,4160,174.28,29400.0,24.66,29400.0,4.06,2026-01-06,1,1895,5306.0,95.52,"2x 1BR, 2x 4BR"
New Bedford,2740,437000.0,2.0,218500.0,1162,376.08,,,,,2026-01-06,35,1893,4279.0,102.82,2x 2BR
Fitchburg,1420,390000.0,2.0,195000.0,2064,188.95,31800.0,12.26,31800.0,8.15,2026-01-06,21,1942,4726.0,102.66,2x 3BR
Winchester,1890,2090000.0,2.0,1045000.0,4385,476.62,,,,,2026-01-06,102,1910,20929.0,95.43,"1x 2BR, 1x 4BR"
Newton,2465,1807300.0,2.0,903650.0,3877,466.16,,,,,2026-01-06,30,1910,14067.0,95.33,"1x 2BR, 1x 4BR"
Fall River,2724,1080000.0,6.0,180000.0,6204,174.08,,,,,2026-01-06,21,1900,8927.0,83.08,5x 3BR
Woburn,1801,960000.0,3.0,320000.0,2720,352.94,70000.0,13.71,70000.0,7.29,2026-01-06,26,1880,6014.0,101.16,"2x 1BR, 1x 3BR"
Malden,2148,1250000.0,3.0,416666.67,3678,339.86,36780.0,33.99,36780.0,2.94,2026-01-06,28,1910,10738.0,92.59,3x 2BR
Boston,2124,1250000.0,3.0,416666.67,3283,380.75,98400.0,12.7,98400.0,7.87,2026-01-06,30,1900,10078.0,96.23,"1x 2BR, 2x 3BR"
Andover,1810,890000.0,2.0,445000.0,2290,388.65,,,,,2026-01-06,71,1930,8466.0,98.9,"1x 2BR, 1x 3BR"
Boston,2134,1220000.0,2.0,610000.0,2276,536.03,30000.0,40.67,30000.0,2.46,2026-01-06,27,1920,12649.0,101.67,2x 2BR
Lawrence,1841,650000.0,2.0,325000.0,2124,306.03,,,,,2026-01-06,23,1900,4614.0,104.02,2x 3BR
New Bedford,2745,790000.0,3.0,263333.33,3400,232.35,,,,,2026-01-06,21,1900,5354.0,98.76,3x 3BR
Salisbury,1952,720000.0,3.0,240000.0,1824,394.74,,,,,2026-01-06,19,1957,7025.0,102.87,"2x 2BR, 1x 3BR"
Haverhill,1835,853500.0,3.0,284500.0,3493,244.35,82260.0,10.38,66942.0,7.84,2026-01-07,21,1920,8273.0,101.73,3x 2BR
Milford,1757,660000.0,2.0,330000.0,1915,344.65,31200.0,21.15,31200.0,4.73,2026-01-07,25,1880,6778.0,103.14,"1x 2BR, 1x 3BR"
Malden,2148,1551000.0,3.0,517000.0,4077,380.43,126240.0,12.29,87845.0,5.66,2026-01-07,28,1900,13593.0,100.06,3x 4BR
Danvers,1923,719000.0,2.0,359500.0,2342,307.0,33600.0,21.4,33600.0,4.67,2026-01-07,65,1925,6560.0,100.0,2x 2BR
Boston,2135,1177500.0,2.0,588750.0,2808,419.34,45000.0,26.17,45000.0,3.82,2026-01-07,39,1914,8955.0,94.96,2x 3BR
Medford,2155,1200000.0,2.0,600000.0,2884,416.09,81600.0,14.71,79200.0,6.6,2026-01-07,35,1922,9239.0,92.31,"1x 2BR, 1x 4BR"
Brockton,2301,820000.0,2.0,410000.0,3459,237.06,46800.0,17.52,42900.0,5.23,2026-01-07,50,1909,8150.0,100.61,"1x 2BR, 1x 4BR"
Lawrence,1841,600000.0,2.0,300000.0,2520,238.1,,,,,2026-01-07,8,1900,5016.0,109.09,2x 3BR
Attleboro,2703,340000.0,2.0,170000.0,1444,235.46,24600.0,13.82,24600.0,7.24,2026-01-07,155,1900,4189.0,89.5,2x 1BR
Webster,1570,455000.0,2.0,227500.0,2112,215.44,,,,,2026-01-07,23,1900,3779.0,101.11,2x 2BR
Springfield,1107,270000.0,3.0,90000.0,3679,73.39,8400.0,32.14,8400.0,3.11,2026-01-07,104,1895,2818.0,98.18,"1x 3BR, 1x 5BR"
Boston,2130,1505000.0,2.0,752500.0,2601,578.62,26400.0,57.01,26400.0,1.75,2026-01-07,49,1880,9092.0,102.03,"1x 1BR, 1x 3BR"
Worcester,1606,795000.0,3.0,265000.0,4302,184.8,67800.0,11.73,67800.0,8.53,2026-01-07,23,1888,8000.0,93.64,3x 2BR
Leicester,1524,600000.0,2.0,300000.0,2441,245.8,,,,,2026-01-07,24,1960,5109.0,100.0,"1x 1BR, 1x 3BR"
Springfield,1119,451000.0,2.0,225500.0,3000,150.33,43200.0,10.44,43200.0,9.58,2026-01-07,10,1968,4766.0,107.64,"1x 1BR, 1x 3BR"
Orange,1364,110000.0,2.0,55000.0,2008,54.78,,,,,2026-01-07,10,1895,3086.0,73.38,2x 2BR
Malden,2148,1050000.0,2.0,525000.0,2192,479.01,44400.0,23.65,44400.0,4.23,2026-01-07,27,1930,8353.0,95.46,3x 1BR
Westfield,1085,507500.0,2.0,253750.0,3650,139.04,48000.0,10.57,48000.0,9.46,2026-01-07,25,1910,4569.0,96.67,"1x 2BR, 2x 4BR"
Webster,1570,550000.0,2.0,275000.0,2520,218.25,18000.0,30.56,18000.0,3.27,2026-01-07,119,1990,4148.0,92.59,"1x 2BR, 1x 3BR"
New Bedford,2746,600000.0,2.0,300000.0,1865,321.72,,,,,2026-01-08,44,1908,5047.0,104.35,"1x 2BR, 1x 4BR"
Malden,2148,950000.0,3.0,316666.67,2573,369.22,41400.0,22.95,41400.0,4.36,2026-01-08,14,1900,8427.0,100.0,"1x 1BR, 2x 2BR"
Boston,2130,1440000.0,3.0,480000.0,3089,466.17,109200.0,13.19,109200.0,7.58,2026-01-08,27,1910,14549.7,99.31,"2x 2BR, 1x 3BR"
Chicopee,1020,325000.0,2.0,162500.0,1674,194.15,,,,,2026-01-08,20,1927,4768.0,103.83,2x 2BR
Amherst,1002,760000.0,2.0,380000.0,2022,375.87,75600.0,10.05,75600.0,9.95,2026-01-08,17,1949,11527.0,99.35,"1x 1BR, 1x 3BR"
Southbridge,1550,420000.0,2.0,210000.0,2352,178.57,42000.0,10.0,42000.0,10.0,2026-01-08,28,1938,5087.0,98.82,2x 3BR
Worcester,1610,820000.0,4.0,205000.0,5064,161.93,74400.0,11.02,74400.0,9.07,2026-01-08,22,1920,7187.0,102.63,"2x 2BR, 1x 3BR, 1x 4BR"
Fitchburg,1420,468000.0,2.0,234000.0,1560,300.0,,,,,2026-01-08,32,1924,4892.0,103.08,2x 2BR
Acushnet,2743,615000.0,2.0,307500.0,2687,228.88,53400.0,11.52,53400.0,8.68,2026-01-08,18,1860,5167.0,103.36,"1x 2BR, 1x 3BR"
Gardner,1440,300000.0,2.0,150000.0,2204,136.12,18000.0,16.67,18000.0,6.0,2026-01-08,31,1900,4891.0,82.21,"1x 3BR, 1x 4BR"
Fitchburg,1420,318000.0,2.0,159000.0,1940,163.92,,,,,2026-01-08,108,1882,4996.0,96.39,2x 1BR
Malden,2148,960000.0,2.0,480000.0,2128,451.13,32800.0,29.27,63600.0,6.62,2026-01-08,84,1900,6729.0,106.68,"1x 2BR, 1x 3BR"
Boston,2128,1135000.0,3.0,378333.33,4673,242.88,94800.0,11.97,94800.0,8.35,2026-01-08,146,1890,13320.0,87.64,"1x 1BR, 2x 3BR"
Lynn,1905,500000.0,2.0,250000.0,2049,244.02,,,,,2026-01-08,128,1900,6459.0,108.93,"1x 2BR, 1x 3BR"
Marblehead,1945,815000.0,3.0,271666.67,2481,328.5,51600.0,15.79,51600.0,6.33,2026-01-08,52,1850,9480.0,85.88,"1x 1BR, 2x 2BR"
Boston,2128,740000.0,2.0,370000.0,1936,382.23,,,,,2026-01-08,15,1920,7253.0,92.51,"1x 2BR, 1x 3BR"
Newton,2465,1075000.0,2.0,537500.0,2968,362.2,,,,,2026-01-08,13,1880,9244.34,89.96,2x 4BR
New Bedford,2740,320000.0,2.0,160000.0,2064,155.04,17376.0,18.42,17376.0,5.43,2026-01-08,98,1822,4251.0,84.21,2x 3BR
Beverly,1915,4000000.0,12.0,333333.33,6772,590.67,363716.0,11.0,258303.0,6.46,2026-01-08,28,1973,33565.0,100.0,2x 2BR
Revere,2151,901000.0,2.0,450500.0,2355,382.59,,,,,2026-01-08,23,1950,0.0,100.11,2x 3BR
Gardner,1440,310000.0,4.0,77500.0,3800,81.58,,,,,2026-01-08,19,1864,6119.0,110.71,4x 2BR
Salisbury,1952,1225000.0,4.0,306250.0,2816,435.01,,,,,2026-01-08,158,1982,9480.0,94.59,"1x 1BR, 2x 3BR, 1x 4BR"
Montague,1349,255000.0,2.0,127500.0,1622,157.21,,,,,2026-01-08,48,1900,2761.0,102.41,2x 1BR
Boston,2128,1025000.0,3.0,341666.67,3113,329.26,159588.0,6.42,159588.0,15.57,2026-01-08,46,1900,9919.0,93.18,"1x 2BR, 2x 3BR"
Lynn,1905,960000.0,3.0,320000.0,3802,252.5,167988.0,5.71,167988.0,17.5,2026-01-09,62,1900,10028.0,98.97,3x 3BR
Kingston,2364,625000.0,2.0,312500.0,3392,184.26,55200.0,11.32,43567.0,6.97,2026-01-09,173,1809,7133.5,86.21,"1x 2BR, 1x 3BR"
Lynn,1901,3000000.0,0.0,inf,10585,283.42,558192.0,5.37,311263.0,10.38,2026-01-09,80,1912,24415.0,96.77,2x 1BR
Stoneham,2180,1988000.0,2.0,994000.0,6924,287.12,,,,,2026-01-09,27,2025,4960.0,100.0,2x 4BR
Springfield,1104,430000.0,3.0,143333.33,3764,114.24,40800.0,10.54,40800.0,9.49,2026-01-09,58,1914,4666.0,93.48,3x 3BR
Woburn,1801,720000.0,2.0,360000.0,2812,256.05,88200.0,8.16,74735.0,10.38,2026-01-09,30,1900,6386.0,98.77,4x 1BR
Boston,2136,800000.0,2.0,400000.0,2184,366.3,9999999.0,0.08,9999999.0,1250.0,2026-01-09,7,1935,3453.18,114.45,2x 2BR
Gloucester,1930,1030000.0,3.0,343333.33,3555,289.73,64800.0,15.9,64800.0,6.29,2026-01-09,106,1900,7892.0,89.64,3x 2BR
Everett,2149,750000.0,2.0,375000.0,1816,413.0,,,,,2026-01-09,5,1900,7902.0,100.0,2x 2BR
Marlborough,1752,739999.0,3.0,246666.33,2382,310.66,26400.0,28.03,26400.0,3.57,2026-01-09,2,1897,6092.0,100.14,3x 2BR
Dennis,2639,820000.0,2.0,410000.0,1946,421.38,,,,,2026-01-09,64,1970,3525.0,96.58,2x 2BR
Fall River,2721,830000.0,4.0,207500.0,3548,233.93,43200.0,19.21,43200.0,5.2,2026-01-09,63,1900,6102.0,101.22,4x 2BR
Revere,2151,1150000.0,2.0,575000.0,4148,277.24,,,,,2026-01-09,20,1940,8225.0,104.55,"1x 2BR, 1x 4BR"
Belchertown,1007,300000.0,2.0,150000.0,2880,104.17,,,,,2026-01-09,49,1820,4168.72,92.31,"1x 2BR, 1x 3BR"
Somerset,2726,765000.0,2.0,382500.0,2592,295.14,23400.0,32.69,23400.0,3.06,2026-01-09,14,1930,6464.0,98.71,2x 3BR
Malden,2148,897000.0,2.0,448500.0,2570,349.03,70800.0,12.67,70800.0,7.89,2026-01-09,29,1900,8633.0,100.0,"1x 2BR, 1x 3BR"
New Bedford,2740,385000.0,2.0,192500.0,3240,118.83,10200.0,37.75,10200.0,2.65,2026-01-09,31,1924,4300.06,83.71,"1x 0BR, 1x 1BR, 1x 2BR"
Worcester,1604,800000.0,3.0,266666.67,3414,234.33,21600.0,37.04,21600.0,2.7,2026-01-09,45,1915,8910.0,100.0,3x 2BR
Boston,2130,850000.0,2.0,425000.0,2621,324.3,,,,,2026-01-09,35,1900,12267.0,94.44,"1x 2BR, 1x 4BR"
Springfield,1104,365000.0,2.0,182500.0,2184,167.12,14400.0,25.35,14400.0,3.95,2026-01-09,22,1925,4710.0,104.32,2x 2BR
Boston,2124,999999.0,2.0,499999.5,2778,359.97,,,,,2026-01-09,57,1900,4933.0,97.56,"1x 3BR, 1x 4BR"
Attleboro,2703,760000.0,4.0,190000.0,3615,210.24,75600.0,10.05,75600.0,9.95,2026-01-09,185,1900,6135.82,100.66,"1x 0BR, 1x 2BR, 2x 3BR"
Boston,2130,1117000.0,2.0,558500.0,1621,689.08,77400.0,14.43,77400.0,6.93,2026-01-09,63,1985,12659.0,95.06,"1x 1BR, 1x 2BR"
Revere,2151,982000.0,2.0,491000.0,2516,390.3,42000.0,23.38,42000.0,4.28,2026-01-09,11,1910,8163.0,102.29,"1x 2BR, 1x 3BR"
Boston,2130,1148000.0,3.0,382666.67,3174,361.69,72600.0,15.81,65106.0,5.67,2026-01-09,49,1890,16288.88,91.84,3x 2BR
Cambridge,2138,3300000.0,3.0,1100000.0,4962,665.05,219600.0,15.03,198000.0,6.0,2026-01-09,43,1903,17986.0,94.42,"1x 3BR, 2x 4BR"
Agawam,1001,445000.0,2.0,222500.0,2240,198.66,,,,,2026-01-09,22,1930,4016.0,111.81,"1x 2BR, 1x 4BR"
Everett,2149,730000.0,3.0,243333.33,2372,307.76,,,,,2026-01-09,14,1890,15676.0,100.0,"1x 1BR, 2x 2BR"
Barre,1005,450000.0,2.0,225000.0,2408,186.88,13800.0,32.61,13800.0,3.07,2026-01-09,19,1900,5485.0,100.0,"1x 1BR, 1x 3BR"
Malden,2148,1230000.0,3.0,410000.0,3624,339.4,53400.0,23.03,53400.0,4.34,2026-01-09,157,1900,11355.0,94.62,"1x 1BR, 1x 2BR, 1x 4BR"
Barnstable,2648,710000.0,2.0,355000.0,2187,324.65,,,,,2026-01-09,66,1940,5532.0,98.68,"1x 2BR, 1x 3BR"
Southbridge,1550,1520000.0,12.0,126666.67,9570,158.83,141000.0,10.78,47400.0,3.12,2026-01-12,5,1960,13292.0,89.41,"1x 0BR, 4x 2BR"
Waltham,2453,862500.0,2.0,431250.0,2502,344.72,53400.0,16.15,53400.0,6.19,2026-01-12,37,1920,7906.0,97.47,"1x 2BR, 1x 4BR"
Bridgewater,2324,855000.0,4.0,213750.0,3004,284.62,73200.0,11.68,73200.0,8.56,2026-01-12,42,1895,7675.0,95.11,"3x 1BR, 1x 2BR"
Fall River,2723,875000.0,6.0,145833.33,3978,219.96,92040.0,9.51,92040.0,10.52,2026-01-12,9,1900,8093.0,103.06,5x 2BR
Shrewsbury,1545,839000.0,2.0,419500.0,4234,198.16,,,,,2026-01-12,28,1900,8553.0,101.7,"1x 2BR, 1x 3BR"
Lynn,1902,830000.0,2.0,415000.0,2565,323.59,,,,,2026-01-12,6,1900,7365.0,106.42,"1x 2BR, 1x 4BR"
Palmer,1069,315000.0,2.0,157500.0,2852,110.45,36000.0,8.75,36000.0,11.43,2026-01-12,87,1880,5406.0,97.52,2x 3BR
Pittsfield,1201,285000.0,3.0,95000.0,2208,129.08,40740.0,7.0,40740.0,14.29,2026-01-12,11,1880,2293.0,105.59,"2x 1BR, 1x 2BR"
Everett,2149,700555.0,2.0,350277.5,2112,331.7,9000.0,77.84,9000.0,1.28,2026-01-12,19,1900,7811.0,100.22,2x 2BR
New Bedford,2740,565000.0,2.0,282500.0,2412,234.25,29400.0,19.22,28700.0,5.08,2026-01-12,75,1873,5852.0,97.43,"1x 1BR, 1x 3BR"
Springfield,1108,495000.0,3.0,165000.0,3198,154.78,52800.0,9.38,35108.0,7.09,2026-01-12,20,1909,5745.0,100.0,3x 3BR
Boston,2119,1030000.0,2.0,515000.0,3398,303.12,,,,,2026-01-12,22,1899,9056.0,98.1,"1x 2BR, 1x 3BR"
Lawrence,1841,1245000.0,6.0,207500.0,7520,165.56,,,,,2026-01-12,75,1920,7629.0,95.84,5x 3BR
Fitchburg,1420,330000.0,2.0,165000.0,5976,55.22,,,,,2026-01-12,135,1910,3563.0,100.0,"1x 6BR, 1x 8BR"
Malden,2148,895000.0,2.0,447500.0,2010,445.27,,,,,2026-01-12,47,1920,7678.0,99.56,"1x 2BR, 1x 3BR"
Boston,2120,3250000.0,3.0,1083333.33,4546,714.91,269400.0,12.06,236287.0,7.27,2026-01-12,6,1897,21839.0,94.2,"2x 4BR, 1x 6BR"
Newton,2458,950000.0,2.0,475000.0,2395,396.66,27000.0,35.19,27000.0,2.84,2026-01-12,43,1928,7510.0,86.36,2x 4BR
Lynn,1902,845000.0,2.0,422500.0,3160,267.41,,,,,2026-01-12,41,1890,7111.0,99.53,"1x 2BR, 1x 5BR"
Edgartown,2539,1000000.0,2.0,500000.0,1959,510.46,84000.0,11.9,84000.0,8.4,2026-01-13,86,1950,1300.0,74.07,"1x 1BR, 1x 2BR"
Chicopee,1020,449999.0,2.0,224999.5,2632,170.97,,,,,2026-01-13,16,1930,3884.0,100.0,"1x 2BR, 1x 5BR"
Whitman,2382,698000.0,3.0,232666.67,2892,241.36,239976.0,2.91,239976.0,34.38,2026-01-13,75,1860,8267.0,91.25,"1x 1BR, 1x 2BR, 1x 3BR"
Ashland,1721,911000.0,2.0,455500.0,3220,282.92,28800.0,31.63,28800.0,3.16,2026-01-13,94,1940,8414.0,91.19,"1x 2BR, 1x 3BR"
Fall River,2721,760000.0,3.0,253333.33,3721,204.25,102000.0,7.45,94100.0,12.38,2026-01-13,5,1888,5552.0,101.33,"1x 0BR, 1x 3BR, 2x 4BR"
Chicopee,1013,397500.0,4.0,99375.0,2288,173.73,44400.0,8.95,44400.0,11.17,2026-01-13,17,1921,4738.0,100.0,4x 1BR
Chelsea,2150,1300000.0,2.0,650000.0,3072,423.18,,,,,2026-01-13,16,2025,0.0,96.3,2x 3BR
Methuen,1844,800000.0,3.0,266666.67,2923,273.69,22200.0,36.04,22200.0,2.78,2026-01-13,7,1900,7650.39,103.23,"2x 0BR, 1x 2BR, 1x 4BR"
Attleboro,2703,651000.0,2.0,325500.0,2830,230.04,,,,,2026-01-13,22,1860,5355.0,101.73,2x 3BR
Seekonk,2771,535000.0,2.0,267500.0,3000,178.33,37200.0,14.38,37200.0,6.95,2026-01-13,75,1970,7692.0,99.26,"1x 0BR, 1x 1BR"
Brookline,2446,1800000.0,2.0,900000.0,3102,580.27,11.0,163636.36,45600.0,2.53,2026-01-13,159,1921,19342.0,90.0,"1x 3BR, 1x 5BR"
Peabody,1960,725000.0,2.0,362500.0,2658,272.76,26400.0,27.46,26400.0,3.64,2026-01-13,6,1880,6828.0,103.59,2x 3BR
Boston,2134,2450000.0,3.0,816666.67,4162,588.66,156000.0,15.71,146040.0,5.96,2026-01-13,58,1877,23034.0,92.49,"1x 2BR, 1x 3BR, 1x 4BR"
Freetown,2702,560000.0,3.0,186666.67,3074,182.17,30300.0,18.48,30300.0,5.41,2026-01-13,46,1700,5232.0,97.41,"2x 1BR, 1x 2BR"
Fitchburg,1420,580000.0,5.0,116000.0,3420,169.59,71988.0,8.06,71988.0,12.41,2026-01-14,160,1900,6968.0,96.68,5x 1BR
Boston,2126,1100000.0,3.0,366666.67,3564,308.64,115716.0,9.51,115716.0,10.52,2026-01-14,60,1905,9885.0,88.07,3x 3BR
Wenham,1984,954750.0,2.0,477375.0,2697,354.0,72000.0,13.26,72000.0,7.54,2026-01-14,37,1956,12608.0,99.56,"1x 2BR, 1x 4BR"
Boston,2126,1100000.0,3.0,366666.67,3699,297.38,117816.0,9.34,117816.0,10.71,2026-01-14,60,1905,9936.0,88.07,3x 3BR
Worcester,1604,800000.0,4.0,200000.0,4124,193.99,79200.0,10.1,79200.0,9.9,2026-01-14,23,1910,9113.0,96.97,"2x 2BR, 2x 3BR"
Bridgewater,2324,525000.0,2.0,262500.0,3260,161.04,36000.0,14.58,36000.0,6.86,2026-01-14,6,1928,6240.0,100.02,"1x 0BR, 1x 3BR"
Springfield,1118,437000.0,2.0,218500.0,3396,128.68,,,,,2026-01-14,35,1923,5983.0,102.85,"1x 3BR, 1x 4BR"
North Adams,1247,325000.0,3.0,108333.33,2282,142.42,66600.0,4.88,66600.0,20.49,2026-01-14,10,1900,3130.0,100.0,3x 2BR
Chelsea,2150,1400000.0,6.0,233333.33,3712,377.16,11400.0,122.81,117000.0,8.36,2026-01-14,201,1900,14880.0,100.36,"2x 1BR, 3x 2BR"
Peabody,1960,835000.0,2.0,417500.0,2610,319.92,77000.0,10.84,76800.0,9.2,2026-01-14,85,1890,6129.0,92.88,"1x 2BR, 1x 4BR"
Worcester,1603,700000.0,3.0,233333.33,3753,186.52,24000.0,29.17,24000.0,3.43,2026-01-14,180,1900,6515.0,100.01,3x 3BR
Bridgewater,2324,410000.0,3.0,136666.67,1636,250.61,,,,,2026-01-14,6,1880,5297.0,82.02,"1x 1BR, 2x 2BR"
Middleboro,2346,443500.0,2.0,221750.0,1836,241.56,12000.0,36.96,12000.0,2.71,2026-01-14,94,1950,4632.0,94.38,2x 2BR
Shrewsbury,1545,555000.0,2.0,277500.0,1520,365.13,14400.0,38.54,14400.0,2.59,2026-01-14,18,1959,5099.0,105.71,2x 2BR
Boston,2121,1379000.0,3.0,459666.67,4560,302.41,11150.0,123.68,133800.0,9.7,2026-01-15,40,1900,10438.0,98.57,"1x 3BR, 2x 4BR"
Lynn,1902,1000000.0,3.0,333333.33,3225,310.08,100800.0,9.92,100800.0,10.08,2026-01-15,18,1900,8720.0,94.07,3x 3BR
Gloucester,1930,1288000.0,2.0,644000.0,4421,291.34,,,,,2026-01-15,19,1986,10664.0,112.1,"1x 1BR, 1x 4BR"
Revere,2151,700000.0,2.0,350000.0,2208,317.03,21600.0,32.41,21600.0,3.09,2026-01-15,32,1945,6186.0,93.35,2x 2BR
Milton,2186,1295000.0,2.0,647500.0,3228,401.18,,,,,2026-01-15,35,1935,12039.0,100.0,2x 3BR
Lynn,1905,650000.0,2.0,325000.0,2230,291.48,,,,,2026-01-15,14,1929,7340.0,118.2,2x 2BR
Uxbridge,1569,550000.0,2.0,275000.0,2198,250.23,,,,,2026-01-15,21,1900,5135.0,104.76,"1x 2BR, 1x 3BR"
Winchester,1890,1850000.0,2.0,925000.0,4122,448.81,,,,,2026-01-15,35,1890,22936.0,88.1,"1x 2BR, 1x 4BR"
Belmont,2478,1090000.0,2.0,545000.0,2422,450.04,,,,,2026-01-15,65,1924,13417.0,94.87,2x 2BR
Northampton,1060,945000.0,3.0,315000.0,4096,230.71,82800.0,11.41,74206.0,7.85,2026-01-15,25,1840,12449.0,105.59,"1x 1BR, 1x 2BR, 1x 3BR"
New Bedford,2745,660000.0,2.0,330000.0,2800,235.71,12000.0,55.0,12000.0,1.82,2026-01-15,108,1920,5204.0,98.52,"1x 2BR, 1x 3BR"
Boston,2128,910000.0,3.0,303333.33,2937,309.84,39000.0,23.33,39000.0,4.29,2026-01-15,12,1900,10960.25,92.95,"1x 1BR, 2x 2BR"
Taunton,2780,1100000.0,4.0,275000.0,4063,270.74,125712.0,8.75,95837.0,8.71,2026-01-15,25,1900,8679.0,100.0,"1x 1BR, 1x 2BR, 2x 3BR"
Worcester,1603,722500.0,45.0,16055.56,5581,129.46,102516.0,7.05,102516.0,14.19,2026-01-15,7,1915,12694.0,85.0,"1x 2BR, 3x 3BR"
Amherst,1002,867000.0,2.0,433500.0,2654,326.68,84000.0,10.32,84000.0,9.69,2026-01-15,5,1870,10548.0,102.0,2x 4BR
Maynard,1754,705000.0,2.0,352500.0,2728,258.43,,,,,2026-01-15,24,1880,11281.0,105.24,2x 3BR
Leominster,1453,450000.0,3.0,150000.0,2353,191.25,7200.0,62.5,7200.0,1.6,2026-01-15,68,1925,6984.0,90.02,"1x 1BR, 2x 2BR"
New Bedford,2740,625000.0,3.0,208333.33,3504,178.37,11400.0,54.82,11400.0,1.82,2026-01-15,43,1920,5942.0,99.36,3x 3BR
Chicopee,1013,560000.0,3.0,186666.67,2387,234.6,,,,,2026-01-15,8,1920,4712.0,105.68,"2x 2BR, 1x 3BR"
Dudley,1571,300000.0,2.0,150000.0,2306,130.1,,,,,2026-01-16,14,1900,2893.0,100.03,2x 2BR
Dracut,1826,850000.0,2.0,425000.0,3028,280.71,21600.0,39.35,21600.0,2.54,2026-01-16,6,2015,8938.17,94.45,2x 3BR
Avon,2322,665000.0,2.0,332500.0,2600,255.77,,,,,2026-01-16,20,1901,6807.0,103.12,"1x 1BR, 1x 3BR"
Fall River,2724,500000.0,3.0,166666.67,1816,275.33,45500.0,10.99,19500.0,3.9,2026-01-16,45,1900,3649.0,100.0,"2x 1BR, 1x 2BR"
Gloucester,1930,600000.0,2.0,300000.0,2214,271.0,,,,,2026-01-16,9,1900,5036.0,101.9,"1x 1BR, 1x 3BR"
Fall River,2723,700000.0,3.0,233333.33,3027,231.25,,,,,2026-01-16,25,1909,5103.0,107.69,3x 3BR
Arlington,2476,1155000.0,2.0,577500.0,3124,369.72,,,,,2026-01-16,20,1925,13384.0,102.67,2x 3BR
Williamstown,1267,670620.0,6.0,111770.0,5678,118.11,93300.0,7.19,85780.0,12.79,2026-01-16,130,1900,6536.0,81.78,5x 2BR
Concord,1742,950000.0,2.0,475000.0,1716,553.61,47400.0,20.04,47400.0,4.99,2026-01-16,63,1850,10233.0,97.04,2x 2BR
Williamstown,1267,335262.0,3.0,111754.0,2400,139.69,47700.0,7.03,31860.0,9.5,2026-01-16,130,1900,3251.0,104.77,"2x 2BR, 1x 3BR"
Williamstown,1267,558855.0,5.0,111771.0,3880,144.03,87600.0,6.38,68000.0,12.17,2026-01-16,130,1900,6200.0,82.18,"1x 1BR, 4x 2BR"
Williamstown,1267,335263.0,3.0,111754.33,3000,111.75,54000.0,6.21,32000.0,9.54,2026-01-16,130,1900,6151.0,95.79,3x 2BR
Boston,2136,830000.0,2.0,415000.0,2754,301.38,26400.0,31.44,26400.0,3.18,2026-01-16,21,1923,8883.0,103.75,2x 3BR
Agawam,1001,470000.0,2.0,235000.0,2392,196.49,3900.0,120.51,46800.0,9.96,2026-01-16,15,1930,4404.0,97.92,2x 3BR
Braintree,2184,738000.0,2.0,369000.0,1664,443.51,51600.0,14.3,51600.0,6.99,2026-01-16,105,1915,6501.0,95.86,"1x 1BR, 1x 2BR"
Lynn,1902,915000.0,2.0,457500.0,2239,408.66,,,,,2026-01-16,57,1910,7645.0,105.29,"1x 2BR, 1x 4BR"
Lynn,1902,990000.0,3.0,330000.0,3513,281.81,99084.0,9.99,99084.0,10.01,2026-01-16,16,1910,8340.16,101.54,3x 3BR
Pittsfield,1201,360000.0,2.0,180000.0,2496,144.23,,,,,2026-01-16,20,1900,3968.0,102.89,2x 2BR
Southbridge,1550,387000.0,2.0,193500.0,2028,190.83,37200.0,10.4,37200.0,9.61,2026-01-16,27,1967,4414.0,103.2,2x 2BR
Springfield,1107,1125000.0,10.0,112500.0,11220,100.27,120828.0,9.31,76487.0,6.8,2026-01-16,33,1908,12185.95,125.0,"1x 0BR, 1x 3BR"
Framingham,1702,1150000.0,6.0,191666.67,4010,286.78,147200.0,7.81,120540.0,10.48,2026-01-16,71,1825,11940.0,88.46,5x 1BR
New Bedford,2740,605000.0,3.0,201666.67,2208,274.0,,,,,2026-01-16,24,1904,5436.0,100.85,"1x 1BR, 2x 2BR"
Winthrop,2152,775000.0,2.0,387500.0,3769,205.62,,,,,2026-01-16,21,1900,10475.0,90.22,"1x 3BR, 1x 4BR"
Fall River,2720,335000.0,2.0,167500.0,1820,184.07,,,,,2026-01-16,215,1930,4285.0,83.96,2x 2BR
Boston,2135,1225000.0,2.0,612500.0,4241,288.85,67200.0,18.23,67200.0,5.49,2026-01-16,21,1900,13461.0,98.08,"1x 3BR, 1x 5BR"
Webster,1570,175000.0,2.0,87500.0,1681,104.1,,,,,2026-01-16,37,1910,3160.0,134.62,2x 2BR
Taunton,2780,585000.0,2.0,292500.0,2112,276.99,58800.0,9.95,58800.0,10.05,2026-01-16,28,1927,5893.0,106.36,2x 3BR
Springfield,1108,409000.0,2.0,204500.0,2430,168.31,16800.0,24.35,16800.0,4.11,2026-01-16,10,1922,4652.0,106.1,2x 3BR
Newton,2460,1070000.0,2.0,535000.0,2612,409.65,34320.0,31.18,34320.0,3.21,2026-01-16,6,1930,11376.0,107.54,2x 2BR
Wakefield,1880,660000.0,2.0,330000.0,2385,276.73,,,,,2026-01-16,19,1928,8680.0,88.01,"1x 1BR, 1x 3BR"
Winchendon,1475,340000.0,2.0,170000.0,1704,199.53,12000.0,28.33,12000.0,3.53,2026-01-16,69,1900,1604.0,88.31,2x 2BR
Webster,1570,600000.0,3.0,200000.0,2904,206.61,47400.0,12.66,34805.0,5.8,2026-01-16,21,1880,4261.0,104.35,3x 3BR
Lowell,1854,650000.0,3.0,216666.67,2234,290.96,51600.0,12.6,37715.0,5.8,2026-01-16,37,1930,7085.0,92.87,"2x 1BR, 1x 2BR"
Medford,2155,1050000.0,2.0,525000.0,2280,460.53,46800.0,22.44,46800.0,4.46,2026-01-17,32,1910,8087.2,87.5,"1x 2BR, 1x 3BR"
Lynn,1905,965000.0,2.0,482500.0,4051,238.21,,,,,2026-01-19,62,1900,6715.0,101.69,"1x 3BR, 1x 6BR"
Athol,1331,440000.0,2.0,220000.0,3090,142.39,,,,,2026-01-19,40,1880,3758.0,100.57,2x 2BR
Everett,2149,919000.0,2.0,459500.0,2200,417.73,65940.0,13.94,65940.0,7.18,2026-01-20,87,1910,8735.0,99.89,2x 3BR
Cambridge,2140,1750000.0,2.0,875000.0,3220,543.48,99990.0,17.5,76749.0,4.39,2026-01-20,27,1896,9567.0,100.0,"1x 3BR, 1x 5BR"
Marlborough,1752,645000.0,2.0,322500.0,2449,263.37,42600.0,15.14,42600.0,6.6,2026-01-20,12,1845,5097.0,99.38,2x 2BR
Lynn,1902,772500.0,2.0,386250.0,2816,274.33,,,,,2026-01-20,37,1900,6837.0,97.78,2x 2BR
New Bedford,2740,680000.0,3.0,226666.67,3920,173.47,,,,,2026-01-20,59,1916,7200.0,97.28,3x 3BR
Newton,2460,1485000.0,2.0,742500.0,3665,405.18,36000.0,41.25,36000.0,2.42,2026-01-20,33,1900,9874.0,92.81,"1x 3BR, 1x 5BR"
Boston,2128,1375000.0,3.0,458333.33,3108,442.41,117600.0,11.69,92486.0,6.73,2026-01-20,6,1905,13568.0,100.0,"1x 2BR, 2x 3BR"
Brockton,2301,750000.0,2.0,375000.0,2392,313.55,19200.0,39.06,19200.0,2.56,2026-01-20,58,1925,8309.0,100.0,2x 2BR
North Brookfield,1535,480000.0,3.0,160000.0,2950,162.71,8400.0,57.14,8400.0,1.75,2026-01-20,52,1890,4799.0,99.17,"1x 2BR, 2x 3BR"
Fall River,2724,699000.0,4.0,174750.0,4123,169.54,52200.0,13.39,52200.0,7.47,2026-01-20,87,1900,6568.0,100.0,"1x 1BR, 3x 2BR"
Shirley,1464,440000.0,2.0,220000.0,1674,262.84,,,,,2026-01-20,5,1927,4731.0,94.62,"1x 1BR, 1x 2BR"
Fall River,2720,540000.0,2.0,270000.0,3740,144.39,45600.0,11.84,45600.0,8.44,2026-01-20,117,1900,5624.0,94.9,2x 3BR
Haverhill,1830,755000.0,2.0,377500.0,1942,388.77,,,,,2026-01-20,15,1900,4808.0,103.44,2x 3BR
Ayer,1432,730000.0,2.0,365000.0,2987,244.39,24000.0,30.42,24000.0,3.29,2026-01-20,77,1870,6289.0,100.0,2x 2BR
Easthampton,1027,520000.0,2.0,260000.0,2297,226.38,39552.0,13.15,38320.0,7.37,2026-01-21,66,1905,4269.0,104.21,2x 3BR
Northampton,1062,460000.0,2.0,230000.0,2080,221.15,15600.0,29.49,15600.0,3.39,2026-01-21,50,1987,6211.0,100.0,2x 2BR
Fitchburg,1420,490000.0,3.0,163333.33,3946,124.18,,,,,2026-01-21,139,1757,7267.0,87.52,"2x 1BR, 1x 3BR"
Westborough,1581,750000.0,2.0,375000.0,2516,298.09,55800.0,13.44,55800.0,7.44,2026-01-21,18,1967,10167.0,107.14,2x 3BR
Boston,2121,1240000.0,3.0,413333.33,5004,247.8,84180.0,14.73,84180.0,6.79,2026-01-21,31,1910,12715.0,97.25,"1x 3BR, 2x 4BR"
Lowell,1850,999990.0,5.0,199998.0,5082,196.77,82740.0,12.09,82740.0,8.27,2026-01-21,9,1910,8956.0,100.0,"3x 2BR, 1x 3BR, 1x 5BR"
Lowell,1851,1325000.0,8.0,165625.0,6720,197.17,122340.0,10.83,80400.0,6.07,2026-01-21,9,1900,12700.0,88.33,"2x 1BR, 3x 2BR"
Boston,2120,2385000.0,3.0,795000.0,3462,688.91,166800.0,14.3,127473.0,5.34,2026-01-21,16,1900,21653.0,100.0,"1x 3BR, 2x 4BR"
Waltham,2453,1600000.0,5.0,320000.0,4730,338.27,142899.0,11.2,118928.0,7.43,2026-01-21,35,1910,12198.0,100.0,"1x 2BR, 4x 3BR"
Haverhill,1830,3325000.0,18.0,184722.22,9724,341.94,372684.0,8.92,262366.0,7.89,2026-01-21,98,1900,28138.0,96.38,"2x 0BR, 2x 1BR, 1x 2BR"
Chelsea,2150,1340000.0,4.0,335000.0,5976,224.23,106200.0,12.62,93035.0,6.94,2026-01-21,17,1910,15184.0,105.1,"2x 1BR, 1x 3BR, 1x 4BR"
Chicopee,1013,242500.0,2.0,121250.0,2160,112.27,10800.0,22.45,10800.0,4.45,2026-01-21,34,1910,3168.0,85.09,"1x 2BR, 1x 3BR"
Fall River,2721,750000.0,3.0,250000.0,3636,206.27,51600.0,14.53,51600.0,6.88,2026-01-21,19,1900,5915.0,102.04,3x 3BR
Brockton,2301,565000.0,2.0,282500.0,1684,335.51,7200.0,78.47,7200.0,1.27,2026-01-21,47,1888,7165.0,100.0,"1x 1BR, 1x 2BR"
Yarmouth,2664,765000.0,2.0,382500.0,2380,321.43,18000.0,42.5,18000.0,2.35,2026-01-21,47,1947,5362.0,95.74,"1x 2BR, 1x 4BR"
Worcester,1609,1190000.0,4.0,297500.0,4488,265.15,132000.0,9.02,132000.0,11.09,2026-01-21,11,1910,5850.0,99.17,"2x 2BR, 1x 3BR, 1x 4BR"
West Springfield,1089,370000.0,2.0,185000.0,2150,172.09,34500.0,10.72,34500.0,9.32,2026-01-21,53,1900,3805.0,102.81,"1x 2BR, 1x 3BR"
Fall River,2724,410000.0,2.0,205000.0,1932,212.22,,,,,2026-01-21,100,1930,3919.0,100.0,2x 2BR
Chicopee,1013,287500.0,3.0,95833.33,1920,149.74,23400.0,12.29,23400.0,8.14,2026-01-22,34,1900,3050.0,88.46,"1x 1BR, 2x 2BR"
Swampscott,1907,900000.0,2.0,450000.0,2400,375.0,,,,,2026-01-22,69,1885,8521.0,94.84,"1x 2BR, 1x 3BR"
Lowell,1854,1872500.0,6.0,312083.33,4017,466.14,196800.0,9.51,165625.0,8.85,2026-01-22,15,1900,14558.0,89.17,5x 4BR
Salem,1970,884000.0,2.0,442000.0,2646,334.09,20400.0,43.33,20400.0,2.31,2026-01-22,15,1942,8608.0,104.01,"1x 3BR, 1x 4BR"
Springfield,1104,607600.0,4.0,151900.0,3528,172.22,50340.0,12.07,50340.0,8.29,2026-01-22,12,1986,9279.0,98.0,4x 2BR
Cohasset,2025,900000.0,2.0,450000.0,2677,336.2,29400.0,30.61,29400.0,3.27,2026-01-22,98,1890,9826.0,90.09,"1x 2BR, 1x 3BR"
Attleboro,2703,770000.0,4.0,192500.0,4572,168.42,,,,,2026-01-22,11,1930,11267.0,102.68,"1x 0BR, 3x 2BR"
Springfield,1109,280000.0,2.0,140000.0,2288,122.38,,,,,2026-01-22,18,1928,4158.0,101.86,2x 2BR
Harvard,1451,1200500.0,2.0,600250.0,5840,205.57,,,,,2026-01-22,348,1880,14959.0,96.43,"1x 1BR, 1x 5BR"
Worcester,1604,990000.0,3.0,330000.0,4567,216.77,96900.0,10.22,96900.0,9.79,2026-01-22,20,1914,9887.0,104.21,3x 3BR
Dartmouth,2747,572000.0,2.0,286000.0,2442,234.23,27600.0,20.72,27600.0,4.83,2026-01-22,145,1930,3362.0,97.79,"1x 2BR, 1x 3BR"
Lawrence,1843,889000.0,2.0,444500.0,2880,308.68,,,,,2026-01-22,3,2025,0.0,98.79,2x 3BR
Chicopee,1020,440000.0,3.0,146666.67,3414,128.88,39000.0,11.28,39000.0,8.86,2026-01-23,94,1900,5227.0,95.76,3x 2BR
Boston,2127,1680000.0,3.0,560000.0,2247,747.66,111600.0,15.05,111600.0,6.64,2026-01-23,55,1890,5790.0,98.82,3x 1BR
Lynn,1905,1800000.0,9.0,200000.0,6381,282.09,78600.0,22.9,78600.0,4.37,2026-01-23,15,1900,19797.0,94.74,"2x 1BR, 1x 2BR, 1x 3BR"
Brockton,2301,829000.0,2.0,414500.0,3114,266.22,,,,,2026-01-23,28,1925,7715.0,100.0,"1x 3BR, 1x 5BR"
Brockton,2301,450000.0,3.0,150000.0,2581,174.35,359964.0,1.25,359964.0,79.99,2026-01-23,23,1879,7025.0,100.02,"1x 1BR, 2x 2BR"
Boston,2124,765000.0,2.0,382500.0,2650,288.68,,,,,2026-01-23,27,1900,8169.0,100.0,"1x 1BR, 1x 4BR"
Fitchburg,1420,620000.0,2.0,310000.0,3000,206.67,,,,,2026-01-23,78,1910,4747.0,98.73,"1x 2BR, 1x 4BR"
Lawrence,1841,875000.0,2.0,437500.0,2438,358.9,,,,,2026-01-23,72,1910,3898.0,97.77,2x 3BR
Montague,1351,380000.0,2.0,190000.0,2446,155.36,,,,,2026-01-23,26,1847,6705.0,87.36,"1x 2BR, 1x 3BR"
Fitchburg,1420,490000.0,3.0,163333.33,2288,214.16,42000.0,11.67,41630.0,8.5,2026-01-23,39,1900,6987.0,100.0,"2x 1BR, 1x 2BR"
Somerville,2144,995000.0,2.0,497500.0,2562,388.37,,,,,2026-01-23,54,1920,11008.0,90.45,"1x 2BR, 1x 3BR"
Everett,2149,800000.0,2.0,400000.0,3323,240.75,52800.0,15.15,52800.0,6.6,2026-01-23,12,1900,8315.0,100.63,"1x 2BR, 1x 3BR"
Fitchburg,1420,480000.0,2.0,240000.0,2828,169.73,48000.0,10.0,48000.0,10.0,2026-01-23,17,1910,5245.0,106.69,2x 2BR
Salem,1970,830000.0,2.0,415000.0,2204,376.59,,,,,2026-01-23,50,1870,6555.0,100.01,"1x 2BR, 1x 4BR"
Cambridge,2138,1470000.0,2.0,735000.0,2016,729.17,52800.0,27.84,52800.0,3.59,2026-01-23,7,1940,8183.0,105.01,"1x 1BR, 1x 4BR"
Gloucester,1930,685000.0,3.0,228333.33,2282,300.18,43800.0,15.64,43800.0,6.39,2026-01-23,27,1900,5365.0,105.55,3x 1BR
New Bedford,2745,627000.0,3.0,209000.0,3555,176.37,,,,,2026-01-23,25,1910,5603.0,101.15,3x 3BR
Brockton,2302,1700000.0,6.0,283333.33,5841,291.05,188400.0,9.02,188400.0,11.08,2026-01-23,135,1900,7646.0,91.89,5x 3BR
Boston,2118,1610000.0,2.0,805000.0,1842,874.05,27000.0,59.63,27000.0,1.68,2026-01-23,170,1890,18359.48,93.33,"1x 1BR, 1x 3BR"
Springfield,1108,355000.0,2.0,177500.0,2648,134.06,24000.0,14.79,24000.0,6.76,2026-01-23,0,1927,4518.0,109.23,2x 3BR
Peabody,1960,580000.0,2.0,290000.0,3116,186.14,,,,,2026-01-23,14,1900,7375.0,92.8,"1x 2BR, 1x 4BR"
New Bedford,2746,1382250.0,10.0,138225.0,10576,130.7,,,,,2026-01-24,26,1920,13341.2,95.33,"1x 2BR, 4x 3BR"
Haverhill,1832,640000.0,2.0,320000.0,1710,374.27,22800.0,28.07,22800.0,3.56,2026-01-26,20,1900,4814.6,103.24,2x 2BR
Gardner,1440,490000.0,2.0,245000.0,2235,219.24,19200.0,25.52,19200.0,3.92,2026-01-27,33,1900,3626.0,98.39,"1x 2BR, 1x 5BR"
Pittsfield,1201,395000.0,2.0,197500.0,4507,87.64,12000.0,32.92,12000.0,3.04,2026-01-27,7,1914,6006.0,103.97,"1x 3BR, 1x 4BR"
Plymouth,2360,900000.0,2.0,450000.0,3327,270.51,76752.0,11.73,76752.0,8.53,2026-01-27,14,1776,9214.0,97.3,"1x 0BR, 1x 4BR"
Webster,1570,485000.0,3.0,161666.67,3975,122.01,,,,,2026-01-27,6,1870,4740.0,100.0,"1x 3BR, 1x 4BR, 1x 5BR"
Somerville,2144,1015000.0,2.0,507500.0,2210,459.28,26400.0,38.45,26400.0,2.6,2026-01-27,93,1918,11236.0,90.22,2x 2BR
Springfield,1104,540000.0,2.0,270000.0,2048,263.67,25200.0,21.43,25200.0,4.67,2026-01-27,13,2024,6303.0,108.02,2x 3BR
Lynn,1902,880000.0,2.0,440000.0,3638,241.89,30600.0,28.76,30600.0,3.48,2026-01-27,40,1890,8846.0,97.79,"1x 3BR, 1x 6BR"
Peabody,1960,840000.0,2.0,420000.0,3048,275.59,,,,,2026-01-27,21,1870,7014.0,105.13,"1x 2BR, 1x 3BR"
Springfield,1105,300000.0,2.0,150000.0,2024,148.22,37200.0,8.06,37200.0,12.4,2026-01-27,22,1896,3714.0,115.43,"1x 2BR, 1x 3BR"
Taunton,2780,676000.0,3.0,225333.33,2074,325.94,10800.0,62.59,10800.0,1.6,2026-01-27,85,1875,5096.0,100.15,"1x 1BR, 2x 2BR"
Revere,2151,865000.0,2.0,432500.0,2009,430.56,,,,,2026-01-27,23,1880,6880.0,102.98,2x 2BR
Worcester,1607,709900.0,3.0,236633.33,2997,236.87,72000.0,9.86,72000.0,10.14,2026-01-27,21,1890,5727.0,97.26,3x 3BR
Lowell,1851,730000.0,2.0,365000.0,2088,349.62,30000.0,24.33,30000.0,4.11,2026-01-27,25,1911,5681.0,104.3,2x 3BR
Beverly,1915,920000.0,2.0,460000.0,2356,390.49,32400.0,28.4,29200.0,3.17,2026-01-27,25,1920,7940.0,102.34,2x 3BR
Revere,2151,895000.0,2.0,447500.0,2416,370.45,,,,,2026-01-27,61,1964,6629.0,101.14,"1x 2BR, 1x 3BR"
Merrimac,1860,695000.0,2.0,347500.0,3811,182.37,,,,,2026-01-28,23,1886,8941.0,116.03,"1x 3BR, 1x 4BR"
New Bedford,2740,500000.0,2.0,250000.0,2833,176.49,,,,,2026-01-28,22,1889,5196.0,111.14,2x 2BR
Holyoke,1040,293500.0,3.0,97833.33,4262,68.86,8400.0,34.94,8400.0,2.86,2026-01-28,101,1920,5425.0,97.87,"2x 2BR, 1x 3BR"
Marlborough,1752,575000.0,3.0,191666.67,1836,313.18,55560.0,10.35,55560.0,9.66,2026-01-28,7,1890,4776.0,104.56,3x 1BR
Brookline,2445,1700000.0,2.0,850000.0,1920,885.42,127200.0,13.36,127200.0,7.48,2026-01-28,28,1952,10875.0,85.0,2x 2BR
Lowell,1854,680000.0,2.0,340000.0,2942,231.14,,,,,2026-01-28,48,1900,6067.0,97.14,2x 3BR
Worcester,1610,770000.0,3.0,256666.67,4266,180.5,88200.0,8.73,74323.0,9.65,2026-01-28,27,1890,8209.0,98.1,3x 3BR
Boston,2127,1400000.0,3.0,466666.67,2756,507.98,,,,,2026-01-28,36,1890,14607.0,93.96,"2x 1BR, 1x 3BR"
New Bedford,2740,640000.0,3.0,213333.33,2682,238.63,43200.0,14.81,43200.0,6.75,2026-01-28,36,1906,5214.0,98.48,3x 3BR
Boston,2124,879000.0,3.0,293000.0,5148,170.75,115200.0,7.63,115200.0,13.11,2026-01-28,15,1900,11204.0,109.88,3x 3BR
Shelburne,1370,525000.0,4.0,131250.0,3682,142.59,24000.0,21.88,24000.0,4.57,2026-01-28,63,1800,3888.0,95.45,"1x 1BR, 3x 2BR"
New Bedford,2745,450000.0,2.0,225000.0,2003,224.66,,,,,2026-01-28,139,1906,4646.15,98.04,2x 2BR
Grafton,1560,318000.0,2.0,159000.0,3380,94.08,,,,,2026-01-29,51,1968,7961.0,96.36,2x 3BR
Methuen,1844,999950.0,4.0,249987.5,3663,272.99,84600.0,11.82,84600.0,8.46,2026-01-29,48,1930,4051.0,102.57,"2x 1BR, 2x 3BR"
Wakefield,1880,850000.0,3.0,283333.33,3278,259.3,54820.0,15.51,18974.0,2.23,2026-01-29,24,1885,8120.0,89.52,3x 2BR
Greenfield,1301,380000.0,2.0,190000.0,2422,156.9,22200.0,17.12,22200.0,5.84,2026-01-29,63,1900,4680.0,96.2,2x 3BR
New Bedford,2745,600000.0,2.0,300000.0,2590,231.66,,,,,2026-01-29,130,1910,5889.12,93.9,2x 2BR
Kingston,2364,780000.0,3.0,260000.0,2421,322.18,70200.0,11.11,70200.0,9.0,2026-01-29,267,1890,5608.0,97.62,3x 2BR
Fall River,2723,760000.0,3.0,253333.33,3682,206.41,,,,,2026-01-29,10,1900,6477.0,104.25,"1x 2BR, 2x 3BR"
Colrain,1340,280000.0,2.0,140000.0,2392,117.06,24000.0,11.67,24000.0,8.57,2026-01-29,88,1900,3354.0,93.33,2x 3BR
Lynn,1904,680000.0,2.0,340000.0,1476,460.7,,,,,2026-01-29,19,1900,6438.0,104.62,2x 2BR
Taunton,2780,780000.0,3.0,260000.0,3338,233.67,69000.0,11.3,69000.0,8.85,2026-01-29,16,1900,5749.0,104.7,3x 3BR
Springfield,1108,700000.0,6.0,116666.67,0,,72000.0,9.72,72000.0,10.29,2026-01-29,22,1910,9079.0,93.33,4x 2BR
Winchester,1890,1290000.0,2.0,645000.0,3233,399.01,,,,,2026-01-29,17,1887,11239.0,117.27,2x 3BR
Fall River,2723,560000.0,2.0,280000.0,2282,245.4,,,,,2026-01-29,17,1920,4340.0,101.84,"1x 2BR, 1x 3BR"
Fall River,2720,740000.0,3.0,246666.67,3888,190.33,14400.0,51.39,14400.0,1.95,2026-01-30,0,1900,6525.0,100.0,3x 3BR
Abington,2351,577000.0,3.0,192333.33,3301,174.8,33000.0,17.48,33000.0,5.72,2026-01-30,124,1847,6001.0,85.48,"1x 0BR, 1x 1BR, 1x 2BR"
Malden,2148,780000.0,2.0,390000.0,1880,414.89,21600.0,36.11,21600.0,2.77,2026-01-30,122,1940,7783.0,97.62,"1x 1BR, 1x 2BR"
Malden,2148,915000.0,2.0,457500.0,2850,321.05,21000.0,43.57,21000.0,2.3,2026-01-30,48,1910,9181.0,98.4,"1x 2BR, 1x 3BR"
Fitchburg,1420,575000.0,2.0,287500.0,3962,145.13,24000.0,23.96,24000.0,4.17,2026-01-30,19,1910,6633.0,102.72,2x 3BR
Brockton,2302,889900.0,3.0,296633.33,2874,309.64,,,,,2026-01-30,28,1925,7069.0,100.0,3x 3BR
Worcester,1604,570000.0,2.0,285000.0,2460,231.71,22000.0,25.91,22000.0,3.86,2026-01-30,53,1903,6720.0,92.08,"1x 2BR, 1x 3BR"
Fall River,2724,669000.0,3.0,223000.0,3302,202.6,,,,,2026-01-30,30,1900,4869.0,98.53,"1x 1BR, 2x 2BR"
Fall River,2723,610000.0,3.0,203333.33,3159,193.1,,,,,2026-01-30,50,1925,4582.0,95.33,3x 3BR
Webster,1570,575000.0,3.0,191666.67,2550,225.49,42000.0,13.69,36142.0,6.29,2026-01-30,10,1920,4605.0,104.74,"2x 1BR, 1x 3BR"
Malden,2148,980000.0,2.0,490000.0,2951,332.09,,,,,2026-01-30,25,1900,9252.0,100.52,"1x 2BR, 1x 5BR"
Everett,2149,780000.0,3.0,260000.0,2205,353.74,,,,,2026-01-30,4,1930,7900.0,100.01,"1x 0BR, 1x 1BR, 1x 2BR"
Everett,2149,990000.0,2.0,495000.0,2760,358.7,,,,,2026-01-30,17,1900,10089.0,99.01,"1x 1BR, 1x 4BR"
Amesbury,1913,600000.0,2.0,300000.0,3876,154.8,,,,,2026-01-30,25,1730,9205.0,171.48,"1x 2BR, 1x 3BR"
Yarmouth,2673,699000.0,2.0,349500.0,1980,353.03,52800.0,13.24,49849.0,7.13,2026-01-30,12,1970,3228.0,100.0,"1x 2BR, 1x 4BR"
Groton,1450,580000.0,6.0,96666.67,6341,91.47,,,,,2026-01-30,95,1772,18579.0,64.8,5x 1BR
Lawrence,1841,1325000.0,5.0,265000.0,5556,238.48,,,,,2026-01-30,28,1920,6770.0,88.34,"1x 2BR, 4x 3BR"
Newton,2464,1285000.0,2.0,642500.0,2540,505.91,69600.0,18.46,69600.0,5.42,2026-01-30,21,1898,9328.0,107.17,2x 4BR
Boston,2135,1335000.0,2.0,667500.0,3436,388.53,84000.0,15.89,84000.0,6.29,2026-01-30,138,1920,16310.0,92.13,"1x 3BR, 1x 4BR"
Somerville,2145,1465000.0,3.0,488333.33,2850,514.04,99000.0,14.8,99000.0,6.76,2026-01-30,24,1900,11188.0,97.99,"2x 2BR, 1x 3BR"
Everett,2149,1000000.0,2.0,500000.0,2184,457.88,73200.0,13.66,71832.0,7.18,2026-01-30,89,1900,8631.0,93.55,"1x 2BR, 1x 3BR"
Framingham,1702,675000.0,2.0,337500.0,2070,326.09,58800.0,11.48,52640.0,7.8,2026-01-30,84,1887,6821.0,90.01,"1x 2BR, 1x 3BR"
Lowell,1851,990000.0,7.0,141428.57,3625,273.1,103200.0,9.59,85008.0,8.59,2026-01-30,56,1850,6575.0,99.01,5x 1BR
Gloucester,1930,685000.0,2.0,342500.0,2544,269.26,24000.0,28.54,7700.0,1.12,2026-01-30,63,1900,5519.99,98.0,"1x 2BR, 1x 3BR"
Cambridge,2139,1945000.0,3.0,648333.33,3044,638.96,,,,,2026-01-30,69,1902,9697.0,97.35,"1x 1BR, 1x 2BR, 1x 3BR"
Lowell,1854,645000.0,2.0,322500.0,2347,274.82,,,,,2026-01-30,9,1900,6143.0,100.8,2x 2BR
Worcester,1610,785000.0,3.0,261666.67,4368,179.72,74268.0,10.57,74268.0,9.46,2026-01-30,63,1915,7885.0,100.0,3x 4BR
Millbury,1527,627000.0,3.0,209000.0,3392,184.85,27600.0,22.72,27600.0,4.4,2026-01-30,27,1830,7385.0,101.95,"1x 1BR, 1x 2BR, 1x 3BR"
Monson,1057,325000.0,2.0,162500.0,1728,188.08,28800.0,11.28,28160.0,8.66,2026-01-30,17,1968,3115.0,108.33,2x 2BR
Raynham,2767,795000.0,2.0,397500.0,3937,201.93,61800.0,12.86,61800.0,7.77,2026-01-30,31,1850,9768.0,99.39,"1x 1BR, 2x 3BR"
Holyoke,1040,380000.0,2.0,190000.0,2612,145.48,,,,,2026-01-30,26,1920,5098.0,102.73,2x 3BR
North Attleboro,2760,1010000.0,4.0,252500.0,4662,216.65,75540.0,13.37,74640.0,7.39,2026-01-30,7,1930,9024.0,102.02,4x 2BR
New Bedford,2740,700000.0,3.0,233333.33,3807,183.87,42600.0,16.43,42600.0,6.09,2026-01-30,51,1905,6478.0,93.35,3x 3BR
Chelsea,2143,930000.0,2.0,465000.0,2264,410.78,78900.0,11.79,78900.0,8.48,2026-01-30,9,1900,7450.0,97.91,"1x 3BR, 1x 7BR"
North Brookfield,1535,290000.0,2.0,145000.0,1916,151.36,,,,,2026-01-30,18,1900,3021.0,96.7,2x 2BR
Milton,2186,1325000.0,2.0,662500.0,2730,485.35,,,,,2026-01-30,11,1910,10869.0,102.32,2x 3BR
Marlborough,1752,725500.0,2.0,362750.0,2385,304.19,59400.0,12.21,59400.0,8.19,2026-01-30,34,1890,5302.0,99.38,"1x 3BR, 1x 5BR"
Revere,2151,760000.0,2.0,380000.0,3403,223.33,,,,,2026-01-30,54,1920,8097.0,87.37,"1x 3BR, 1x 6BR"
Holyoke,1040,275000.0,2.0,137500.0,2410,114.11,,,,,2026-01-30,86,1920,4459.0,98.25,2x 2BR
Springfield,1108,520000.0,4.0,130000.0,3924,132.52,47400.0,10.97,47400.0,9.12,2026-01-30,33,1900,5502.0,104.21,4x 2BR
Southwick,1077,540000.0,2.0,270000.0,2340,230.77,,,,,2026-01-30,15,1955,3413.0,101.91,2x 4BR
Amesbury,1913,965500.0,3.0,321833.33,2720,354.96,90192.0,10.7,69667.0,7.22,2026-01-30,6,1870,10208.0,108.61,"1x 1BR, 1x 2BR, 1x 3BR"
Springfield,1108,370000.0,2.0,185000.0,2246,164.74,,,,,2026-02-02,76,1912,4423.0,99.46,"1x 2BR, 1x 3BR"
Malden,2148,875000.0,2.0,437500.0,2531,345.71,24000.0,36.46,24000.0,2.74,2026-02-02,37,1900,7846.0,97.23,"1x 2BR, 1x 4BR"
Amesbury,1913,1349000.0,5.0,269800.0,3753,359.45,,,102592.0,7.61,2026-02-02,120,1900,12204.0,100.0,"1x 0BR, 1x 1BR, 3x 2BR"
Barre,1005,531500.0,2.0,265750.0,3043,174.66,,,,,2026-02-02,148,1887,7650.0,96.64,2x 4BR
Boston,2127,2300000.0,3.0,766666.67,4221,544.89,,,,,2026-02-02,146,1900,22998.0,93.92,"2x 3BR, 1x 4BR"
Lynn,1905,782500.0,3.0,260833.33,2760,283.51,55200.0,14.18,55200.0,7.05,2026-02-02,6,1910,7054.0,104.33,3x 2BR
Salem,1970,1000000.0,3.0,333333.33,5313,188.22,36000.0,27.78,36000.0,3.6,2026-02-02,16,1900,11916.2,90.99,3x 3BR
Haverhill,1830,850000.0,2.0,425000.0,2634,322.7,,,,,2026-02-02,33,1900,6178.0,100.01,2x 4BR
Boston,2128,825000.0,3.0,275000.0,1960,420.92,33600.0,24.55,33600.0,4.07,2026-02-02,18,1948,10066.0,91.68,3x 1BR
Leominster,1453,385000.0,2.0,192500.0,3244,118.68,14400.0,26.74,14400.0,3.74,2026-02-02,48,1920,6907.0,96.49,2x 2BR
Methuen,1844,565000.0,2.0,282500.0,1856,304.42,25200.0,22.42,25200.0,4.46,2026-02-02,20,1920,5451.0,98.26,2x 2BR
Lowell,1851,2000000.0,6.0,333333.33,4451,449.34,141600.0,14.12,113384.0,5.67,2026-02-02,92,2017,14123.0,86.96,"4x 1BR, 1x 2BR"
Lowell,1850,700000.0,2.0,350000.0,2676,261.58,24000.0,29.17,24000.0,3.43,2026-02-02,18,1900,6857.0,100.01,2x 3BR
Salem,1970,725000.0,2.0,362500.0,1912,379.18,72000.0,10.07,72000.0,9.93,2026-02-02,35,1850,4958.0,99.33,"1x 2BR, 1x 3BR"
Chicopee,1013,375000.0,2.0,187500.0,2708,138.48,32400.0,11.57,32400.0,8.64,2026-02-02,20,1920,4478.0,113.67,2x 2BR
Middleboro,2346,700000.0,3.0,233333.33,3705,188.93,13200.0,53.03,13200.0,1.89,2026-02-02,23,1880,6964.0,96.55,"1x 1BR, 2x 3BR"
Watertown,2472,1035000.0,2.0,517500.0,2100,492.86,,,,,2026-02-02,12,1900,11481.0,96.28,"1x 2BR, 1x 3BR"
Dracut,1826,625000.0,2.0,312500.0,2207,283.19,15600.0,40.06,15600.0,2.5,2026-02-02,19,1880,4622.0,104.34,"1x 3BR, 1x 4BR"
Lowell,1852,529000.0,2.0,264500.0,2144,246.74,18600.0,28.44,18600.0,3.52,2026-02-02,7,1880,4970.0,101.93,"1x 2BR, 1x 3BR"
Merrimac,1860,590000.0,2.0,295000.0,2270,259.91,31200.0,18.91,31200.0,5.29,2026-02-02,7,1850,7072.0,100.17,2x 2BR
Brookline,2446,2200000.0,3.0,733333.33,3978,553.04,,,,,2026-02-02,8,1920,20209.0,110.0,"1x 1BR, 2x 2BR"
Worcester,1604,470000.0,2.0,235000.0,1399,335.95,45600.0,10.31,40440.0,8.6,2026-02-02,33,1878,3636.0,95.94,2x 2BR
Northampton,1060,750000.0,5.0,150000.0,3868,193.9,62419.0,12.02,31264.0,4.17,2026-02-03,25,1900,9050.0,96.77,"3x 1BR, 1x 3BR, 1x 4BR"
Fitchburg,1420,663000.0,4.0,165750.0,3336,198.74,73200.0,9.06,73200.0,11.04,2026-02-03,23,1900,6741.0,102.0,4x 2BR
Boston,2128,980000.0,3.0,326666.67,2464,397.73,26400.0,37.12,26400.0,2.69,2026-02-03,62,1900,10355.0,98.01,"2x 2BR, 1x 3BR"
Worcester,1609,350000.0,3.0,116666.67,2826,123.85,,,,,2026-02-03,7,1890,5830.0,100.03,3x 2BR
Lynn,1902,860000.0,3.0,286666.67,2292,375.22,,,,,2026-02-03,36,1892,7847.0,100.12,3x 2BR
Marlborough,1752,785000.0,3.0,261666.67,2354,333.47,74400.0,10.55,57900.0,7.38,2026-02-03,10,1870,5341.0,104.68,"1x 1BR, 2x 3BR"
Milford,1757,799900.0,3.0,266633.33,3033,263.73,27000.0,29.63,27000.0,3.38,2026-02-03,53,1880,8317.59,100.0,"1x 3BR, 1x 4BR"
Boston,2135,1190000.0,2.0,595000.0,2000,595.0,85800.0,13.87,85800.0,7.21,2026-02-03,17,1955,11249.0,99.25,"1x 3BR, 1x 4BR"
Salem,1970,4200000.0,19.0,221052.63,24126,174.09,412800.0,10.17,243239.0,5.79,2026-02-03,48,1915,38616.0,93.33,"1x 1BR, 1x 2BR"
Holyoke,1040,414600.0,2.0,207300.0,2714,152.76,16200.0,25.59,16200.0,3.91,2026-02-03,29,1920,5123.0,103.68,"1x 2BR, 1x 3BR"
Lowell,1852,1160000.0,5.0,232000.0,4458,260.21,107064.0,10.83,107064.0,9.23,2026-02-03,13,1940,8868.0,106.91,"1x 1BR, 3x 2BR, 1x 3BR"
Winthrop,2152,1065000.0,3.0,355000.0,2028,525.15,,,,,2026-02-03,36,1900,7622.0,100.95,"2x 1BR, 1x 2BR"
Gloucester,1930,645000.0,2.0,322500.0,1848,349.03,78600.0,8.21,78600.0,12.19,2026-02-04,27,1900,4501.0,92.16,2x 3BR
Revere,2151,910000.0,2.0,455000.0,2520,361.11,72000.0,12.64,64000.0,7.03,2026-02-04,31,1912,6344.0,95.8,2x 2BR
Dennis,2639,642000.0,2.0,321000.0,1646,390.04,,,,,2026-02-04,73,1965,1894.0,98.77,2x 2BR
Springfield,1151,445000.0,2.0,222500.0,1920,231.77,35400.0,12.57,35400.0,7.96,2026-02-04,6,2008,5637.0,104.71,2x 3BR
Lowell,1850,690000.0,2.0,345000.0,2191,314.92,,,,,2026-02-04,21,1900,5203.0,100.74,"1x 2BR, 1x 4BR"
Brockton,2301,625000.0,2.0,312500.0,2614,239.1,,,,,2026-02-04,0,1905,7511.0,92.61,2x 3BR
Everett,2149,1000000.0,2.0,500000.0,3400,294.12,,,,,2026-02-04,23,1993,10290.0,113.77,"1x 2BR, 1x 4BR"
Boston,2122,1300000.0,3.0,433333.33,3672,354.03,75600.0,17.2,75600.0,5.82,2026-02-05,42,1905,10640.0,92.86,3x 3BR
Quincy,2171,1050000.0,2.0,525000.0,2016,520.83,,,,,2026-02-05,15,1890,8808.92,99.06,2x 3BR
Springfield,1108,320000.0,2.0,160000.0,2496,128.21,,,,,2026-02-05,38,1924,4357.0,106.7,2x 3BR
Maynard,1754,525000.0,3.0,175000.0,3360,156.25,17400.0,30.17,17400.0,3.31,2026-02-05,101,1900,7858.0,89.0,"2x 2BR, 1x 4BR"
Boston,2124,1200000.0,3.0,400000.0,3930,305.34,122316.0,9.81,122316.0,10.19,2026-02-05,60,1920,12664.0,92.38,"1x 3BR, 2x 4BR"
Malden,2148,1200000.0,2.0,600000.0,4018,298.66,,,,,2026-02-05,22,1900,15679.0,109.09,"1x 1BR, 1x 3BR"
Northampton,1060,1352000.0,7.0,193142.86,6541,206.7,115200.0,11.74,99175.0,7.34,2026-02-05,76,1900,10055.0,91.04,5x 1BR
Gloucester,1930,860000.0,3.0,286666.67,2131,403.57,,,,,2026-02-05,22,1900,5741.0,110.4,"1x 1BR, 2x 2BR"
Fitchburg,1420,644000.0,3.0,214666.67,3507,183.63,35400.0,18.19,35400.0,5.5,2026-02-05,18,1902,6034.0,103.04,3x 3BR
Boston,2124,1400000.0,3.0,466666.67,3416,409.84,96972.0,14.44,96972.0,6.93,2026-02-05,135,1890,10747.0,93.4,"1x 1BR, 1x 2BR, 1x 3BR"
New Bedford,2740,660000.0,2.0,330000.0,3096,213.18,,,,,2026-02-05,9,1873,5032.0,101.69,"1x 3BR, 1x 5BR"
Dartmouth,2748,575000.0,2.0,287500.0,1612,356.7,21600.0,26.62,21600.0,3.76,2026-02-06,0,1930,3397.0,100.0,"1x 2BR, 1x 3BR"
Springfield,1108,499900.0,3.0,166633.33,3792,131.83,78000.0,6.41,78000.0,15.6,2026-02-06,34,1909,4433.0,100.0,"1x 2BR, 2x 3BR"
Seekonk,2771,410000.0,2.0,205000.0,1326,309.2,,,,,2026-02-06,26,1920,4156.0,102.76,2x 2BR
Lowell,1854,1010000.0,4.0,252500.0,3232,312.5,106200.0,9.51,102600.0,10.16,2026-02-06,20,1870,7160.0,106.32,"2x 2BR, 2x 3BR"
Worcester,1604,823000.0,3.0,274333.33,4971,165.56,42600.0,19.32,42600.0,5.18,2026-02-06,47,1860,8134.0,98.09,3x 3BR
Taunton,2780,720000.0,2.0,360000.0,2611,275.76,58800.0,12.24,58800.0,8.17,2026-02-06,20,1800,6589.0,102.13,2x 3BR
Foxboro,2035,955000.0,4.0,238750.0,2832,337.22,82620.0,11.56,50788.0,5.32,2026-02-06,12,1900,9398.0,97.55,"3x 1BR, 1x 2BR"
Framingham,1702,545000.0,2.0,272500.0,2600,209.62,21600.0,25.23,21600.0,3.96,2026-02-06,6,1907,6535.0,109.02,2x 2BR
Lowell,1852,750000.0,2.0,375000.0,2923,256.59,54000.0,13.89,54000.0,7.2,2026-02-06,129,1900,7200.0,98.05,"1x 3BR, 1x 4BR"
Bellingham,2019,370000.0,3.0,123333.33,3226,114.69,,,,,2026-02-06,21,1910,6601.0,112.12,"1x 1BR, 2x 2BR"
Revere,2151,640000.0,2.0,320000.0,3196,200.25,23400.0,27.35,23400.0,3.66,2026-02-06,33,1920,7851.0,95.54,"1x 2BR, 1x 3BR"
Lowell,1850,692000.0,2.0,346000.0,2716,254.79,61380.0,11.27,61380.0,8.87,2026-02-06,23,1900,5097.0,99.0,"1x 2BR, 1x 4BR"
Fall River,2720,599000.0,2.0,299500.0,3582,167.23,19800.0,30.25,19800.0,3.31,2026-02-06,74,1925,4952.0,105.11,2x 3BR
Springfield,1108,626500.0,6.0,104416.67,6144,101.97,85200.0,7.35,,,2026-02-06,66,1911,7073.0,98.04,5x 1BR
Worcester,1604,637900.0,2.0,318950.0,3244,196.64,46200.0,13.81,46200.0,7.24,2026-02-06,37,1910,8219.0,98.14,2x 3BR
Ludlow,1056,450000.0,2.0,225000.0,2200,204.55,38400.0,11.72,38400.0,8.53,2026-02-06,46,1900,4220.0,102.3,2x 2BR
New Bedford,2746,875000.0,6.0,145833.33,5574,156.98,95500.0,9.16,78552.0,8.98,2026-02-06,11,1910,7167.0,97.22,5x 2BR
Springfield,1109,215000.0,2.0,107500.0,2976,72.24,10800.0,19.91,10800.0,5.02,2026-02-06,33,1908,3061.0,91.68,"1x 2BR, 1x 4BR"
Attleboro,2703,470000.0,2.0,235000.0,1569,299.55,,,,,2026-02-06,63,1900,3837.0,111.93,"1x 1BR, 1x 4BR"
Attleboro,2703,685000.0,2.0,342500.0,3000,228.33,126876.0,5.4,106062.0,15.48,2026-02-06,103,1900,4371.0,105.38,2x 7BR
Springfield,1108,405000.0,2.0,202500.0,2791,145.11,,,,,2026-02-09,86,1900,2888.0,98.8,"1x 2BR, 1x 4BR"
Medford,2155,925000.0,2.0,462500.0,2323,398.19,,,,,2026-02-09,7,1910,7079.0,107.56,2x 2BR
Chelsea,2150,875000.0,2.0,437500.0,3634,240.78,,,,,2026-02-09,56,1900,9764.0,102.95,2x 3BR
Boston,2124,925000.0,2.0,462500.0,3220,287.27,,,,,2026-02-09,21,1920,7664.0,105.71,"1x 2BR, 1x 4BR"
Somerville,2144,1705000.0,2.0,852500.0,3448,494.49,126000.0,13.53,126000.0,7.39,2026-02-09,23,1900,15278.0,106.57,"1x 3BR, 1x 5BR"
Somerset,2726,535000.0,2.0,267500.0,2308,231.8,10200.0,52.45,10200.0,1.91,2026-02-09,111,1920,3821.0,79.26,"1x 2BR, 1x 3BR"
Brockton,2301,985000.0,2.0,492500.0,5072,194.2,,,,,2026-02-09,146,1889,9041.0,98.65,"1x 3BR, 1x 8BR"
Springfield,1105,295000.0,2.0,147500.0,2628,112.25,39000.0,7.56,39000.0,13.22,2026-02-09,19,1896,3815.0,103.51,"1x 2BR, 1x 3BR"
Boston,2126,715000.0,2.0,357500.0,3234,221.09,,,,,2026-02-09,22,1920,8745.0,102.29,2x 3BR
Fall River,2724,638000.0,3.0,212666.67,3984,160.14,19200.0,33.23,19200.0,3.01,2026-02-09,9,1900,5864.0,106.35,3x 2BR
Sturbridge,1566,385000.0,2.0,192500.0,1440,267.36,13200.0,29.17,13200.0,3.43,2026-02-10,82,1965,4011.0,101.34,"1x 1BR, 1x 2BR"
Lowell,1852,550000.0,2.0,275000.0,1525,360.66,14400.0,38.19,14400.0,2.62,2026-02-10,26,1920,4505.0,110.02,2x 2BR
Ware,1082,299000.0,2.0,149500.0,1598,187.11,34800.0,8.59,34800.0,11.64,2026-02-10,105,1890,3339.0,106.03,"1x 1BR, 1x 2BR"
Millbury,1527,660000.0,2.0,330000.0,2386,276.61,25200.0,26.19,25200.0,3.82,2026-02-10,24,1950,7484.0,100.02,"1x 1BR, 1x 3BR"
Somerville,2145,2800000.0,5.0,560000.0,0,,,,,,2026-02-10,21,1967,11579.0,93.34,2x 0BR
Ludlow,1056,389000.0,2.0,194500.0,2310,168.4,26400.0,14.73,25151.0,6.47,2026-02-10,19,1979,5583.0,102.64,2x 2BR
Dudley,1571,350000.0,2.0,175000.0,2354,148.68,,,,,2026-02-10,156,1900,2830.0,92.35,2x 2BR
Worcester,1604,700000.0,3.0,233333.33,4554,153.71,51900.0,13.49,51900.0,7.41,2026-02-10,186,1920,9463.0,100.0,3x 3BR
Attleboro,2703,710000.0,2.0,355000.0,2580,275.19,,,,,2026-02-10,57,1900,5621.0,97.93,2x 3BR
Somerville,2144,1350000.0,2.0,675000.0,3352,402.74,,,,,2026-02-10,75,1900,14579.0,96.44,"1x 2BR, 1x 4BR"
Cambridge,2139,4920000.0,8.0,615000.0,7765,633.61,384984.0,12.78,326974.0,6.65,2026-02-10,203,1900,26679.0,92.83,2x 3BR
Haverhill,1830,1175000.0,9.0,130555.56,4107,286.1,139419.0,8.43,91333.0,7.77,2026-02-10,27,1900,9459.0,94.0,5x 1BR
Springfield,1108,330000.0,2.0,165000.0,3499,94.31,30000.0,11.0,30000.0,9.09,2026-02-10,43,1910,2647.0,90.41,"1x 2BR, 2x 3BR"
Lowell,1852,740000.0,3.0,246666.67,4137,178.87,48000.0,15.42,48000.0,6.49,2026-02-10,182,1900,8339.0,92.51,3x 3BR
Fall River,2720,550000.0,3.0,183333.33,3906,140.81,,,,,2026-02-10,23,1912,6055.0,88.71,3x 3BR
Springfield,1108,290000.0,2.0,145000.0,2668,108.7,,,,,2026-02-10,94,1899,4251.0,79.45,"1x 2BR, 1x 4BR"
Lowell,1850,850000.0,2.0,425000.0,3815,222.8,,,,,2026-02-10,24,1942,8853.0,106.38,"1x 2BR, 1x 3BR"
Boston,2125,1005000.0,3.0,335000.0,3807,263.99,74400.0,13.51,74400.0,7.4,2026-02-11,59,1900,9752.0,95.71,"1x 2BR, 2x 3BR"
Boston,2131,1040000.0,3.0,346666.67,3822,272.11,108000.0,9.63,108000.0,10.38,2026-02-11,14,1900,13478.0,94.55,3x 3BR
Everett,2149,975000.0,3.0,325000.0,4595,212.19,44220.0,22.05,44220.0,4.54,2026-02-11,55,1900,9483.0,82.98,"1x 1BR, 1x 2BR, 1x 3BR"
Haverhill,1830,625000.0,2.0,312500.0,2198,284.35,,,,,2026-02-11,40,1900,5841.0,104.34,2x 2BR
Acushnet,2743,750000.0,2.0,375000.0,3648,205.59,,,,,2026-02-11,131,1725,9948.0,96.69,"1x 2BR, 1x 4BR"
Quincy,2169,1100000.0,2.0,550000.0,2798,393.14,,,,,2026-02-11,79,2006,12107.0,93.62,2x 3BR
Brockton,2301,920000.0,3.0,306666.67,4101,224.34,60000.0,15.33,60000.0,6.52,2026-02-11,42,1920,11125.0,94.85,3x 4BR
Boston,2119,1430000.0,3.0,476666.67,3499,408.69,112200.0,12.75,112200.0,7.85,2026-02-11,63,1875,14274.0,92.32,3x 2BR
Fall River,2723,1100786.0,11.0,100071.45,12093,91.03,114900.0,9.58,60518.0,5.5,2026-02-11,21,1880,21216.1,91.73,2x 2BR
Boston,2124,1150000.0,3.0,383333.33,3930,292.62,124812.0,9.21,124812.0,10.85,2026-02-11,60,1920,12506.0,88.53,"1x 3BR, 2x 4BR"
Gloucester,1930,580000.0,2.0,290000.0,2106,275.4,,,,,2026-02-11,9,1894,5848.54,92.21,"1x 1BR, 1x 3BR"
Boston,2124,1225000.0,3.0,408333.33,4062,301.58,127200.0,9.63,127200.0,10.38,2026-02-12,147,1900,11687.0,94.3,"2x 4BR, 1x 5BR"
Andover,1810,1410000.0,3.0,470000.0,3713,379.75,,,,,2026-02-12,22,1920,12005.0,94.0,3x 2BR
Attleboro,2703,630000.0,3.0,210000.0,2954,213.27,54600.0,11.54,54600.0,8.67,2026-02-12,54,1910,9512.0,96.94,"1x 1BR, 2x 3BR"
Montague,1376,390000.0,2.0,195000.0,2462,158.41,19500.0,20.0,19500.0,5.0,2026-02-12,7,1922,3542.0,108.36,2x 3BR
Springfield,1104,442000.0,3.0,147333.33,3400,130.0,28800.0,15.35,28800.0,6.52,2026-02-12,22,1914,6082.0,110.78,"2x 3BR, 1x 4BR"
New Bedford,2746,755000.0,6.0,125833.33,4750,158.95,61800.0,12.22,52100.0,6.9,2026-02-12,21,1908,6292.0,98.69,"2x 1BR, 3x 2BR"
Boston,2113,1250000.0,3.0,416666.67,1377,907.77,,,,,2026-02-12,3,1890,14738.0,104.17,3x 1BR
Gardner,1440,450000.0,2.0,225000.0,2400,187.5,19200.0,23.44,19200.0,4.27,2026-02-12,0,1927,4722.0,100.0,2x 3BR
Worcester,1610,835000.0,3.0,278333.33,3627,230.22,88200.0,9.47,88200.0,10.56,2026-02-12,25,1910,6418.24,100.72,3x 4BR
Springfield,1108,310000.0,2.0,155000.0,4164,74.45,,,,,2026-02-12,41,1905,5781.0,103.68,2x 4BR
Boston,2124,1238000.0,3.0,412666.67,4134,299.47,126120.0,9.82,126120.0,10.19,2026-02-12,124,1905,12838.0,99.04,3x 4BR
Boston,2124,1085000.0,3.0,361666.67,3579,303.16,113760.0,9.54,113760.0,10.48,2026-02-12,124,1905,12949.0,94.35,3x 3BR
Springfield,1109,430000.0,3.0,143333.33,3485,123.39,28200.0,15.25,28200.0,6.56,2026-02-12,23,1910,5306.0,111.69,3x 3BR
Petersham,1366,530000.0,2.0,265000.0,2465,215.01,14400.0,36.81,14400.0,2.72,2026-02-12,81,2003,6754.0,88.48,"1x 1BR, 1x 3BR"
Springfield,1104,393900.0,2.0,196950.0,1972,199.75,,,,,2026-02-12,20,1922,4408.0,101.03,"1x 2BR, 1x 3BR"
Dudley,1571,655000.0,3.0,218333.33,5163,126.86,46800.0,14.0,46800.0,7.15,2026-02-12,21,1900,4641.0,109.35,3x 3BR
Haverhill,1830,770000.0,2.0,385000.0,2842,270.94,14400.0,53.47,14400.0,1.87,2026-02-12,22,1900,6498.0,106.22,"1x 2BR, 1x 4BR"
Boston,2124,1177000.0,3.0,392333.33,4566,257.77,126780.0,9.28,126780.0,10.77,2026-02-12,124,1905,12829.0,94.16,3x 4BR
Everett,2149,900000.0,2.0,450000.0,2610,344.83,,,,,2026-02-13,5,1890,9220.0,94.74,2x 2BR
Boston,2125,1020000.0,2.0,510000.0,2609,390.95,79200.0,12.88,79200.0,7.76,2026-02-13,61,1885,10254.0,99.52,"1x 2BR, 1x 4BR"
Marlborough,1752,580000.0,2.0,290000.0,2155,269.14,37200.0,15.59,37200.0,6.41,2026-02-13,79,1910,5537.0,100.02,"1x 1BR, 1x 3BR"
Cambridge,2138,2100000.0,3.0,700000.0,4143,506.88,48600.0,43.21,48600.0,2.31,2026-02-13,47,1916,16279.0,100.0,"1x 2BR, 2x 3BR"
Northampton,1060,805000.0,2.0,402500.0,2417,333.06,62400.0,12.9,62400.0,7.75,2026-02-13,197,1900,10548.0,93.71,"1x 2BR, 1x 3BR"
Springfield,1108,385000.0,2.0,192500.0,3203,120.2,,,,,2026-02-13,36,1914,3923.6,96.49,"1x 0BR, 1x 3BR"
Arlington,2474,1230000.0,2.0,615000.0,3095,397.42,64200.0,19.16,64200.0,5.22,2026-02-13,4,1910,10905.0,103.36,"1x 2BR, 1x 3BR"
Lowell,1854,2200000.0,0.0,inf,15208,144.66,,,,,2026-02-13,297,1824,23940.79,91.67,2x 0BR
New Bedford,2746,459000.0,2.0,229500.0,1788,256.71,,,,,2026-02-13,45,1912,5635.0,99.8,"1x 1BR, 1x 3BR"
Brockton,2302,895000.0,3.0,298333.33,2840,315.14,,,,,2026-02-13,32,1900,7540.0,102.29,"1x 2BR, 2x 3BR"
Newburyport,1950,672500.0,2.0,336250.0,1975,340.51,,,,,2026-02-13,13,1850,6584.0,122.29,2x 2BR
Springfield,1108,300000.0,2.0,150000.0,2468,121.56,37800.0,7.94,37800.0,12.6,2026-02-13,137,1922,4635.0,88.24,2x 3BR
Springfield,1105,180000.0,2.0,90000.0,3110,57.88,,,,,2026-02-13,16,1900,3139.0,90.05,"1x 2BR, 1x 3BR"
Greenfield,1301,400000.0,2.0,200000.0,2900,137.93,16800.0,23.81,16800.0,4.2,2026-02-13,63,1900,7779.0,95.26,2x 2BR
Cambridge,2138,1541000.0,2.0,770500.0,2730,564.47,,,,,2026-02-13,36,1905,5853.26,90.91,"1x 2BR, 1x 3BR"
Salem,1970,905000.0,2.0,452500.0,2536,356.86,,,,,2026-02-13,85,1880,9931.0,97.84,"1x 2BR, 1x 4BR"
Somerville,2143,1160000.0,3.0,386666.67,2072,559.85,86400.0,13.43,65471.0,5.64,2026-02-13,25,1910,12195.0,100.87,"1x 1BR, 2x 2BR"
Watertown,2472,1080000.0,2.0,540000.0,2480,435.48,,,,,2026-02-13,78,1924,11555.0,93.91,2x 2BR
Mansfield,2048,547500.0,2.0,273750.0,2005,273.07,,,,,2026-02-13,29,1900,7138.0,96.07,2x 3BR
Gloucester,1930,770000.0,2.0,385000.0,2230,345.29,31200.0,24.68,31200.0,4.05,2026-02-13,16,1950,6114.0,98.97,2x 2BR
Lynn,1902,648000.0,2.0,324000.0,2123,305.23,21600.0,30.0,21600.0,3.33,2026-02-13,68,1900,6211.0,95.31,"1x 2BR, 1x 4BR"
Boston,2134,1202000.0,2.0,601000.0,3879,309.87,113400.0,10.6,113400.0,9.43,2026-02-16,29,1900,15685.0,96.16,"1x 4BR, 1x 7BR"
Orange,1364,30000.0,2.0,15000.0,2840,10.56,,,,,2026-02-16,20,2026,1105.0,25.0,2x 3BR
Fitchburg,1420,615000.0,3.0,205000.0,2888,212.95,75600.0,8.13,75600.0,12.29,2026-02-17,19,1920,4538.0,111.82,"1x 1BR, 2x 3BR"
Taunton,2780,672500.0,2.0,336250.0,2382,282.33,,,,,2026-02-17,12,1940,5566.0,103.48,2x 3BR
New Bedford,2744,500000.0,3.0,166666.67,3033,164.85,,,,,2026-02-17,48,1909,5095.0,100.2,"1x 2BR, 2x 3BR"
Russell,1071,375000.0,4.0,93750.0,3360,111.61,52200.0,7.18,50400.0,13.44,2026-02-17,62,1880,6526.0,93.75,"1x 1BR, 2x 3BR, 1x 4BR"
Dudley,1571,420000.0,3.0,140000.0,2956,142.08,24720.0,16.99,24720.0,5.89,2026-02-17,32,1928,3618.0,100.24,3x 2BR
Melrose,2176,1355000.0,3.0,451666.67,3964,341.83,88800.0,15.26,88800.0,6.55,2026-02-17,21,1920,13229.0,98.55,"2x 2BR, 1x 4BR"
Lowell,1851,545000.0,2.0,272500.0,1498,363.82,40800.0,13.36,40800.0,7.49,2026-02-17,12,1965,5366.0,101.87,2x 2BR
Fall River,2724,450000.0,2.0,225000.0,1344,334.82,18000.0,25.0,18000.0,4.0,2026-02-17,99,1900,4392.0,102.27,2x 2BR
Leominster,1453,270000.0,4.0,67500.0,3495,77.25,9600.0,28.12,9600.0,3.56,2026-02-17,0,1900,7740.0,90.03,"3x 1BR, 1x 2BR"
New Bedford,2740,565000.0,2.0,282500.0,1846,306.07,,,,,2026-02-17,40,1886,4121.0,102.73,2x 3BR
Billerica,1862,1050000.0,2.0,525000.0,4555,230.52,,,,,2026-02-18,43,1920,11514.0,91.3,"1x 1BR, 1x 4BR"
Watertown,2472,975000.0,2.0,487500.0,2637,369.74,,,,,2026-02-18,39,1917,10610.0,97.99,"1x 2BR, 1x 4BR"
Boston,2128,1300000.0,3.0,433333.33,2333,557.22,37800.0,34.39,37800.0,2.91,2026-02-18,37,1900,11351.0,92.92,3x 3BR
Springfield,1104,390000.0,2.0,195000.0,2080,187.5,15000.0,26.0,15000.0,3.85,2026-02-18,3,1928,4392.0,105.41,2x 3BR
Leominster,1453,520000.0,2.0,260000.0,1890,275.13,42000.0,12.38,30000.0,5.77,2026-02-18,19,1961,5696.0,99.62,"1x 2BR, 1x 3BR"
Worcester,1610,829999.0,3.0,276666.33,4646,178.65,68400.0,12.13,59355.0,7.15,2026-02-18,20,1910,8522.0,100.0,3x 4BR
Westfield,1085,395000.0,2.0,197500.0,2912,135.65,,,,,2026-02-18,45,1925,4382.0,92.07,2x 3BR
North Attleboro,2760,827500.0,3.0,275833.33,4026,205.54,40800.0,20.28,40800.0,4.93,2026-02-18,17,1930,7319.0,103.44,3x 3BR
Springfield,1108,286000.0,2.0,143000.0,2444,117.02,,,,,2026-02-18,51,1922,3959.0,86.67,2x 3BR
Springfield,1105,239987.0,2.0,119993.5,1932,124.22,22200.0,10.81,22200.0,9.25,2026-02-18,10,1893,2098.0,100.0,2x 3BR
Leominster,1453,881000.0,5.0,176200.0,4396,200.41,103800.0,8.49,69937.0,7.94,2026-02-18,110,1900,8949.74,92.75,"1x 1BR, 2x 2BR, 2x 3BR"
Holyoke,1040,92500.0,2.0,46250.0,1988,46.53,,,,,2026-02-18,21,1880,3427.0,108.82,2x 2BR
Leominster,1453,565000.0,2.0,282500.0,2850,198.25,,,,,2026-02-18,8,1900,6393.0,100.0,"1x 2BR, 1x 3BR"
Boston,2130,1354500.0,2.0,677250.0,2691,503.34,,,,,2026-02-18,52,1900,8792.0,100.33,"1x 2BR, 1x 3BR"
New Bedford,2745,499000.0,2.0,249500.0,2564,194.62,,,,,2026-02-18,18,1922,5708.16,100.0,2x 3BR
Boston,2128,830000.0,2.0,415000.0,1850,448.65,18000.0,46.11,18000.0,2.17,2026-02-19,53,1900,9321.0,98.22,"1x 1BR, 1x 3BR"
Springfield,1151,379000.0,2.0,189500.0,2400,157.92,,,,,2026-02-19,20,1986,4713.0,105.28,2x 2BR
Fall River,2721,625000.0,3.0,208333.33,2539,246.16,36300.0,17.22,36300.0,5.81,2026-02-19,83,1900,4717.0,100.82,3x 2BR
Bridgewater,2324,360000.0,3.0,120000.0,2228,161.58,,,,,2026-02-19,2,1900,4485.0,120.04,"1x 1BR, 2x 2BR"
Wilbraham,1095,435000.0,2.0,217500.0,2448,177.7,18600.0,23.39,18600.0,4.28,2026-02-19,40,1912,4783.0,101.19,2x 3BR
Boston,2125,1250000.0,3.0,416666.67,3594,347.8,104400.0,11.97,104400.0,8.35,2026-02-19,81,1905,9477.0,96.15,3x 3BR
Bedford,1730,2200000.0,2.0,1100000.0,7904,278.34,,,,,2026-02-19,0,2025,0.0,100.0,2x 5BR
Cambridge,2139,1547000.0,2.0,773500.0,3891,397.58,,,,,2026-02-19,18,1873,7222.0,99.81,"1x 2BR, 1x 4BR"
Holyoke,1040,345000.0,2.0,172500.0,1872,184.29,,,,,2026-02-19,78,1900,2354.0,98.6,2x 2BR
Springfield,1151,420000.0,2.0,210000.0,2160,194.44,52800.0,7.95,52800.0,12.57,2026-02-19,31,2008,5151.0,97.7,2x 3BR
Springfield,1108,415000.0,3.0,138333.33,3401,122.02,49608.0,8.37,49608.0,11.95,2026-02-19,41,1915,4461.0,93.26,"2x 2BR, 1x 3BR"
Salem,1970,670000.0,2.0,335000.0,2280,293.86,55200.0,12.14,55200.0,8.24,2026-02-19,35,1890,7195.0,95.85,"1x 2BR, 1x 4BR"
Boston,2127,1350000.0,3.0,450000.0,3051,442.48,,,,,2026-02-19,0,1880,17647.0,100.0,"1x 1BR, 1x 2BR, 1x 3BR"
Worcester,1603,635000.0,2.0,317500.0,3092,205.37,33600.0,18.9,33600.0,5.29,2026-02-19,20,1935,6319.0,107.81,"1x 3BR, 1x 4BR"
Lowell,1854,625000.0,2.0,312500.0,1674,373.36,,,,,2026-02-20,48,1910,5822.0,99.22,2x 2BR
Lawrence,1841,770000.0,3.0,256666.67,2304,334.2,24000.0,32.08,24000.0,3.12,2026-02-20,92,1900,5404.0,101.32,"1x 1BR, 2x 3BR"
Somerville,2145,860000.0,2.0,430000.0,1953,440.35,,,,,2026-02-20,70,1890,8166.0,92.52,"1x 2BR, 1x 3BR"
Salem,1970,870000.0,2.0,435000.0,2668,326.09,,,,,2026-02-20,14,1921,7972.0,108.76,2x 2BR
Weymouth,2188,674000.0,2.0,337000.0,2156,312.62,46800.0,14.4,46800.0,6.94,2026-02-20,192,1930,6436.0,100.0,"1x 1BR, 1x 3BR"
Mansfield,2048,760000.0,2.0,380000.0,2560,296.88,64800.0,11.73,61863.0,8.14,2026-02-20,19,1974,8770.0,104.83,2x 3BR
Fall River,2724,487000.0,2.0,243500.0,1706,285.46,,,,,2026-02-20,9,1925,3765.0,102.53,"1x 2BR, 1x 3BR"
Yarmouth,2673,665000.0,2.0,332500.0,2014,330.19,,,,,2026-02-20,3,1983,3306.0,102.31,2x 2BR
Mansfield,2048,785000.0,2.0,392500.0,1976,397.27,25200.0,31.15,25200.0,3.21,2026-02-20,20,1973,8222.0,104.68,2x 3BR
Chicopee,1013,340000.0,2.0,170000.0,1877,181.14,,,,,2026-02-20,3,1920,4231.0,100.03,"1x 1BR, 1x 3BR"
Springfield,1151,299000.0,2.0,149500.0,1976,151.32,16800.0,17.8,16800.0,5.62,2026-02-20,3,1924,4494.0,100.0,2x 2BR
New Bedford,2746,695000.0,5.0,139000.0,4401,157.92,59700.0,11.64,59700.0,8.59,2026-02-20,133,1890,6095.0,96.66,"4x 2BR, 1x 5BR"
Spencer,1562,475000.0,3.0,158333.33,1987,239.05,48000.0,9.9,44568.0,9.38,2026-02-20,76,1875,3731.0,100.0,"1x 1BR, 1x 2BR, 1x 3BR"
New Bedford,2740,650000.0,2.0,325000.0,3450,188.41,,,,,2026-02-20,16,1875,5174.0,100.0,"1x 3BR, 1x 6BR"
Fall River,2724,600000.0,3.0,200000.0,3605,166.44,15600.0,38.46,15600.0,2.6,2026-02-20,9,1900,5796.0,86.97,3x 3BR
New Bedford,2745,470000.0,2.0,235000.0,1914,245.56,,,,,2026-02-20,12,1925,5442.15,100.02,2x 2BR
Taunton,2780,545000.0,2.0,272500.0,2748,198.33,,,,,2026-02-20,57,1930,5898.0,97.34,2x 2BR
Springfield,1108,459000.0,4.0,114750.0,3744,122.6,77400.0,5.93,77400.0,16.86,2026-02-20,25,1909,4956.0,100.0,"1x 1BR, 3x 2BR"
Spencer,1562,487000.0,2.0,243500.0,2440,199.59,,,,,2026-02-21,100,1890,2787.0,95.51,"1x 3BR, 1x 5BR"
Fall River,2720,425000.0,2.0,212500.0,2196,193.53,,,,,2026-02-23,4,1900,4488.0,100.0,2x 3BR
Holyoke,1040,445000.0,2.0,222500.0,2008,221.61,,,,,2026-02-24,20,1900,5097.0,98.91,2x 3BR
Somerset,2725,445000.0,3.0,148333.33,3376,131.81,,,,,2026-02-24,17,1796,7370.0,84.76,"1x 1BR, 1x 2BR, 1x 3BR"
Blackstone,1504,615000.0,2.0,307500.0,2400,256.25,,,,,2026-02-24,23,1980,7802.0,102.52,2x 2BR
Lawrence,1840,590000.0,2.0,295000.0,2380,247.9,,,,,2026-02-24,48,1900,4812.0,101.74,"1x 3BR, 1x 4BR"
Springfield,1108,319000.0,2.0,159500.0,2902,109.92,36000.0,8.86,36000.0,11.29,2026-02-24,164,1924,4478.0,93.82,2x 2BR
Fitchburg,1420,680000.0,4.0,170000.0,4400,154.55,,,,,2026-02-24,66,1900,6945.0,97.14,"2x 2BR, 2x 3BR"
Lowell,1851,615000.0,3.0,205000.0,3711,165.72,,,,,2026-02-24,28,1900,7735.0,87.87,3x 3BR
Groton,1450,635000.0,2.0,317500.0,1900,334.21,26400.0,24.05,26400.0,4.16,2026-02-24,21,1983,7846.0,115.45,2x 2BR
Westminster,1473,303000.0,2.0,151500.0,2218,136.61,,,,,2026-02-24,104,1745,5178.0,94.72,"1x 1BR, 1x 2BR"
Leominster,1453,464000.0,2.0,232000.0,2430,190.95,21600.0,21.48,21600.0,4.66,2026-02-24,81,1930,6229.0,103.11,"1x 2BR, 1x 4BR"
Springfield,1108,410000.0,2.0,205000.0,2300,178.26,,,,,2026-02-25,48,1902,3847.87,102.53,"1x 2BR, 1x 3BR"
New Bedford,2740,505000.0,2.0,252500.0,1777,284.19,,,,,2026-02-25,27,1874,5242.0,96.19,"1x 1BR, 1x 2BR"
Boston,2125,1660000.0,3.0,553333.33,4002,414.79,,,,,2026-02-25,21,1905,18440.0,90.96,3x 4BR
Boston,2130,1049000.0,2.0,524500.0,2760,380.07,,,,,2026-02-25,21,1900,10896.0,100.0,2x 2BR
Attleboro,2703,515000.0,2.0,257500.0,1647,312.69,,,,,2026-02-25,10,1910,4104.0,103.21,"1x 2BR, 1x 3BR"
Sturbridge,1518,691000.0,5.0,138200.0,3618,190.99,57600.0,12.0,57600.0,8.34,2026-02-25,65,1825,5388.0,95.31,2x 0BR
Medford,2155,1050000.0,2.0,525000.0,2722,385.75,,,,,2026-02-25,20,1913,8222.0,108.26,"1x 2BR, 1x 4BR"
Brockton,2301,663000.0,3.0,221000.0,2446,271.05,63600.0,10.42,63600.0,9.59,2026-02-25,63,1925,7514.26,94.85,"1x 1BR, 2x 2BR"
Springfield,1104,230000.0,2.0,115000.0,2050,112.2,,,,,2026-02-25,25,1903,2630.0,85.5,2x 2BR
Lowell,1852,685000.0,2.0,342500.0,3030,226.07,51600.0,13.28,51600.0,7.53,2026-02-25,21,1900,6230.0,100.0,"1x 3BR, 1x 4BR"
Hudson,1749,4500000.0,31.0,145161.29,12388,363.25,,,,,2026-02-25,40,1890,23589.76,94.74,2x 0BR
Belmont,2478,1372000.0,2.0,686000.0,2420,566.94,,,,,2026-02-25,13,1928,15584.0,108.12,"1x 2BR, 1x 3BR"
Boston,2130,1275000.0,3.0,425000.0,3399,375.11,96600.0,13.2,96600.0,7.58,2026-02-25,59,1905,15060.0,94.51,3x 2BR
Franklin,2038,650000.0,2.0,325000.0,1640,396.34,45600.0,14.25,45600.0,7.02,2026-02-26,19,1906,6649.0,100.0,2x 2BR
Springfield,1104,397000.0,2.0,198500.0,2250,176.44,15300.0,25.95,15300.0,3.85,2026-02-26,35,1923,4657.0,102.06,2x 3BR
Lowell,1851,2370000.0,6.0,395000.0,8135,291.33,,,,,2026-02-26,39,1900,11128.0,94.8,"2x 3BR, 3x 4BR"
Fitchburg,1420,575000.0,3.0,191666.67,4134,139.09,,,,,2026-02-26,19,1900,6347.0,104.55,3x 2BR
Southbridge,1550,520000.0,2.0,260000.0,3014,172.53,21600.0,24.07,21600.0,4.15,2026-02-26,12,1900,5682.0,100.0,"1x 3BR, 1x 4BR"
Boston,2136,999500.0,3.0,333166.67,2132,468.81,79200.0,12.62,79200.0,7.92,2026-02-26,26,1900,7562.0,100.05,3x 2BR
Orange,1364,260000.0,2.0,130000.0,1389,187.19,37200.0,6.99,33550.0,12.9,2026-02-26,9,1880,2749.0,104.0,"1x 2BR, 1x 3BR"
Worcester,1604,925000.0,3.0,308333.33,4239,218.21,83532.0,11.07,83532.0,9.03,2026-02-26,162,1929,11346.0,92.59,3x 3BR
Worcester,1605,632000.0,3.0,210666.67,4815,131.26,19800.0,31.92,19800.0,3.13,2026-02-26,19,1880,8513.0,105.35,3x 3BR
Clinton,1510,410000.0,2.0,205000.0,2382,172.12,23400.0,17.52,23400.0,5.71,2026-02-26,33,1900,4083.0,95.37,2x 3BR
Dudley,1571,500000.0,2.0,250000.0,2539,196.93,42600.0,11.74,42600.0,8.52,2026-02-26,20,1935,5179.48,104.38,"1x 2BR, 1x 3BR"
Haverhill,1830,667000.0,2.0,333500.0,1706,390.97,,,,,2026-02-26,41,1875,4561.0,101.21,2x 2BR
Concord,1742,705000.0,2.0,352500.0,1757,401.25,,,,,2026-02-26,110,1900,8673.0,100.73,"1x 1BR, 1x 3BR"
Springfield,1105,365000.0,2.0,182500.0,1710,213.45,43200.0,8.45,43200.0,11.84,2026-02-26,21,1988,3199.0,101.42,2x 2BR
Fall River,2720,564000.0,2.0,282000.0,1576,357.87,13200.0,42.73,13200.0,2.34,2026-02-26,28,1924,4177.0,98.26,2x 2BR
North Adams,1247,310000.0,2.0,155000.0,2056,150.78,24000.0,12.92,24000.0,7.74,2026-02-26,53,1900,2461.0,103.37,"1x 2BR, 1x 3BR"
Methuen,1844,810000.0,2.0,405000.0,2286,354.33,22800.0,35.53,22800.0,2.81,2026-02-26,39,1939,6604.0,103.2,"1x 2BR, 1x 3BR"
Framingham,1702,15100000.0,54.0,279629.63,30048,502.53,1431774.0,10.55,906350.0,6.0,2026-02-26,21,1970,120332.0,100.67,"1x 1BR, 1x 2BR"
Webster,1570,505000.0,3.0,168333.33,2431,207.73,37200.0,13.58,29068.0,5.76,2026-02-26,17,1940,4215.0,101.02,"1x 1BR, 2x 2BR"
Springfield,1105,380000.0,2.0,190000.0,2884,131.76,,,,,2026-02-26,28,1901,4564.0,108.57,"1x 2BR, 1x 5BR"
Fairhaven,2719,605000.0,2.0,302500.0,2044,295.99,,,,,2026-02-27,14,1920,3760.0,106.33,"1x 2BR, 1x 3BR"
Agawam,1001,580000.0,3.0,193333.33,3484,166.48,74268.0,7.81,74268.0,12.8,2026-02-27,20,1915,5988.0,107.43,3x 3BR
Fitchburg,1420,600000.0,3.0,200000.0,3954,151.75,,,,,2026-02-27,19,1910,6166.0,114.29,3x 2BR
Lynn,1902,780000.0,2.0,390000.0,2017,386.71,32400.0,24.07,32400.0,4.15,2026-02-27,17,1900,7338.0,106.12,2x 3BR
Worcester,1604,840000.0,3.0,280000.0,3693,227.46,,,,,2026-02-27,5,1910,8440.0,112.15,3x 3BR
Agawam,1001,500000.0,2.0,250000.0,2544,196.54,45600.0,10.96,45600.0,9.12,2026-02-27,44,1934,4761.0,100.02,2x 3BR
New Bedford,2745,700000.0,17.0,41176.47,3968,176.41,117600.0,5.95,,,2026-02-27,126,1947,6231.0,87.51,5x 1BR
Canton,2021,850000.0,2.0,425000.0,2298,369.89,24000.0,35.42,24000.0,2.82,2026-02-27,23,1900,7108.0,94.55,"1x 2BR, 1x 3BR"
Hamilton,1982,915000.0,2.0,457500.0,1824,501.64,40800.0,22.43,40800.0,4.46,2026-02-27,23,1976,11841.0,101.72,"1x 2BR, 1x 3BR"
Revere,2151,715000.0,2.0,357500.0,1859,384.62,,,,,2026-02-27,29,1930,5565.0,102.16,"1x 2BR, 1x 3BR"
Springfield,1151,340000.0,2.0,170000.0,1824,186.4,,,,,2026-02-27,7,1973,3991.0,103.03,2x 2BR
Chicopee,1020,275000.0,2.0,137500.0,4437,61.98,45600.0,6.03,45600.0,16.58,2026-02-27,91,1837,5860.85,88.74,"1x 0BR, 1x 3BR"
New Bedford,2740,510000.0,4.0,127500.0,6027,84.62,,,,,2026-02-27,116,1910,4617.87,97.14,"1x 0BR, 3x 3BR"
Boston,2125,4600000.0,16.0,287500.0,22500,204.44,437622.0,10.51,291470.0,6.34,2026-02-27,38,1899,33272.4,109.55,3x 3BR
Amesbury,1913,650000.0,2.0,325000.0,2082,312.2,37200.0,17.47,37200.0,5.72,2026-02-27,18,1885,8449.0,100.0,"1x 1BR, 1x 2BR"
Boston,2121,779000.0,2.0,389500.0,1700,458.24,21600.0,36.06,21600.0,2.77,2026-02-27,26,1895,7391.7,100.0,"1x 2BR, 1x 3BR"
Springfield,1108,429000.0,2.0,214500.0,3403,126.07,,,,,2026-02-27,25,1910,5502.0,99.79,"1x 3BR, 1x 6BR"
Holyoke,1040,350000.0,2.0,175000.0,2438,143.56,14400.0,24.31,14400.0,4.11,2026-02-27,50,1910,3530.0,100.86,2x 3BR
Lowell,1850,695000.0,4.0,173750.0,3752,185.23,31500.0,22.06,22022.0,3.17,2026-02-27,36,1925,7732.0,100.0,"1x 1BR, 1x 2BR, 1x 3BR, 1x 4BR"
Norwood,2062,1155000.0,3.0,385000.0,3084,374.51,97200.0,11.88,,,2026-02-27,54,1920,7431.0,98.3,3x 2BR
Woburn,1801,1107500.0,2.0,553750.0,2866,386.43,,,,,2026-02-27,15,1900,5193.0,110.86,2x 4BR
Watertown,2472,1010000.0,2.0,505000.0,3135,322.17,,,,,2026-02-27,20,1890,11337.0,106.32,2x 3BR
Lawrence,1840,807000.0,2.0,403500.0,3344,241.33,,,,,2026-02-27,18,1900,6289.0,106.32,"1x 2BR, 1x 4BR"
Abington,2351,875000.0,3.0,291666.67,4248,205.98,,,,,2026-02-27,92,1900,9644.0,97.22,"2x 2BR, 1x 4BR"
Chelsea,2150,1000000.0,3.0,333333.33,3444,290.36,105600.0,9.47,105600.0,10.56,2026-02-27,6,1910,8913.0,102.04,3x 3BR
Boston,2124,910000.0,2.0,455000.0,3108,292.79,,,,,2026-02-27,20,1915,7806.0,101.22,"1x 3BR, 1x 4BR"
Worcester,1607,565000.0,2.0,282500.0,1584,356.69,48000.0,11.77,48000.0,8.5,2026-02-27,18,1890,3354.0,104.65,2x 2BR
Lowell,1852,800000.0,3.0,266666.67,2704,295.86,65100.0,12.29,48953.0,6.12,2026-02-27,22,1960,8153.1,103.91,"1x 1BR, 2x 2BR"
Webster,1570,500000.0,2.0,250000.0,2480,201.61,24000.0,20.83,24000.0,4.8,2026-02-27,85,1914,4168.0,95.26,"1x 1BR, 1x 4BR"
Lawrence,1841,855000.0,2.0,427500.0,2688,318.08,,,,,2026-02-27,20,1890,4540.0,109.62,"1x 3BR, 1x 7BR"
New Bedford,2740,510000.0,2.0,255000.0,2228,228.9,,,,,2026-02-27,26,1923,5046.86,98.08,2x 2BR
Haverhill,1832,650000.0,2.0,325000.0,1846,352.11,21900.0,29.68,21900.0,3.37,2026-02-27,144,1920,4309.0,103.17,2x 3BR
Worcester,1604,800000.0,3.0,266666.67,4431,180.55,26400.0,30.3,26400.0,3.3,2026-02-27,21,1923,10598.0,96.97,3x 3BR
Boston,2124,1220000.0,3.0,406666.67,4098,297.71,117600.0,10.37,96710.0,7.93,2026-02-27,35,1987,9750.0,99.59,3x 3BR
Boston,2119,930000.0,3.0,310000.0,2880,322.92,47400.0,19.62,47400.0,5.1,2026-02-27,16,1910,9506.0,103.45,3x 2BR
Webster,1570,425000.0,2.0,212500.0,1728,245.95,,,,,2026-02-27,62,1870,3815.0,99.07,"1x 2BR, 1x 3BR"
Marlborough,1752,630000.0,2.0,315000.0,1797,350.58,,,,,2026-02-27,7,1920,5668.0,96.92,"1x 2BR, 1x 4BR"
Springfield,1108,350000.0,2.0,175000.0,2412,145.11,36000.0,9.72,36000.0,10.29,2026-02-27,37,1910,3693.0,104.51,2x 2BR
Taunton,2780,750000.0,2.0,375000.0,2376,315.66,26400.0,28.41,26400.0,3.52,2026-02-27,5,1915,6258.0,100.01,2x 3BR
Beverly,1915,1150000.0,2.0,575000.0,3637,316.19,,,,,2026-02-27,85,1946,7336.0,95.91,"1x 2BR, 1x 4BR"
Malden,2148,980000.0,2.0,490000.0,2786,351.76,,,,,2026-02-27,56,1910,9105.0,103.27,2x 2BR
Boston,2127,1850000.0,2.0,925000.0,3660,505.46,,,,,2026-02-27,91,1905,21894.0,117.24,2x 4BR
Boston,2127,1500000.0,3.0,500000.0,2406,623.44,,,,,2026-02-27,51,1890,19846.0,100.07,"2x 1BR, 1x 2BR"
Medford,2155,960000.0,2.0,480000.0,2481,386.94,,,,,2026-02-27,49,1920,8411.0,98.98,"1x 2BR, 1x 3BR"
Whitman,2382,950000.0,5.0,190000.0,3520,269.89,82800.0,11.47,52387.0,5.51,2026-03-02,22,1860,11012.0,100.0,"3x 1BR, 2x 2BR"
Fitchburg,1420,740000.0,4.0,185000.0,3648,202.85,74940.0,9.87,53680.0,7.25,2026-03-02,4,1900,7329.0,98.67,4x 2BR
Taunton,2780,855000.0,3.0,285000.0,3200,267.19,,,,,2026-03-02,6,1900,8080.28,107.01,"2x 2BR, 1x 3BR"
Whitman,2382,1450000.0,8.0,181250.0,5451,266.01,120240.0,12.06,74878.0,5.16,2026-03-02,22,1880,17845.0,100.0,"1x 1BR, 1x 2BR"
Lawrence,1841,890000.0,3.0,296666.67,2800,317.86,,,,,2026-03-02,70,1920,5194.0,101.71,"2x 2BR, 1x 4BR"
Lynn,1902,955000.0,2.0,477500.0,4732,201.82,,,,,2026-03-02,22,1880,9269.0,100.53,"1x 2BR, 1x 5BR"
Lowell,1851,726000.0,2.0,363000.0,2419,300.12,57600.0,12.6,57600.0,7.93,2026-03-02,22,1900,5725.0,103.71,"1x 3BR, 1x 4BR"
Lawrence,1841,975000.0,3.0,325000.0,5000,195.0,,,,,2026-03-02,9,1900,7546.0,121.88,3x 4BR
Worcester,1605,580000.0,3.0,193333.33,3204,181.02,32400.0,17.9,32400.0,5.59,2026-03-02,19,1900,6999.0,96.67,3x 2BR
Danvers,1923,1475000.0,5.0,295000.0,4222,349.36,111700.0,13.21,101058.0,6.85,2026-03-02,33,1900,10100.0,98.33,"3x 1BR, 2x 2BR"
Worcester,1606,650000.0,3.0,216666.67,3591,181.01,45600.0,14.25,45600.0,7.02,2026-03-02,51,1920,7446.0,100.0,3x 3BR
New Bedford,2740,650000.0,3.0,216666.67,3348,194.15,,,,,2026-03-02,51,1907,5999.0,97.74,3x 3BR
Cambridge,2139,3820000.0,2.0,1910000.0,7576,504.22,,,,,2026-03-02,166,1840,11322.0,95.62,"1x 0BR, 1x 4BR"
Boston,2125,1120000.0,2.0,560000.0,3960,282.83,,,,,2026-03-02,25,1910,7545.54,101.91,"1x 2BR, 1x 5BR"
Amesbury,1913,629900.0,2.0,314950.0,2000,314.95,25200.0,25.0,25200.0,4.0,2026-03-02,49,1910,7300.0,100.0,2x 3BR
Fall River,2720,570000.0,3.0,190000.0,2519,226.28,46800.0,12.18,46800.0,8.21,2026-03-02,98,1900,4785.0,95.0,3x 2BR
Boston,2124,1153000.0,2.0,576500.0,2870,401.74,67200.0,17.16,67200.0,5.83,2026-03-02,7,1929,10750.0,100.26,"1x 2BR, 1x 3BR"
Boston,2121,1100000.0,2.0,550000.0,3138,350.54,132000.0,8.33,132000.0,12.0,2026-03-02,11,1900,7688.0,97.78,2x 6BR
Brockton,2302,672500.0,2.0,336250.0,1368,491.59,,,,,2026-03-03,57,1925,5899.0,97.46,2x 2BR
Southbridge,1550,400000.0,2.0,200000.0,2492,160.51,,,,,2026-03-03,41,1900,5228.0,97.8,"1x 1BR, 1x 3BR"
North Adams,1247,46000.0,3.0,15333.33,2954,15.57,,,,,2026-03-03,85,1900,962.0,101.32,3x 2BR
Somerville,2145,2600000.0,3.0,866666.67,3952,657.89,,,,,2026-03-03,57,2025,9112.0,96.3,"2x 2BR, 1x 3BR"
Fitchburg,1420,450000.0,2.0,225000.0,1680,267.86,21600.0,20.83,21600.0,4.8,2026-03-03,22,1880,4995.0,102.27,2x 2BR
Revere,2151,1050000.0,2.0,525000.0,2558,410.48,,,,,2026-03-03,23,1949,7163.0,100.01,"1x 1BR, 1x 4BR"
Springfield,1109,410000.0,2.0,205000.0,3203,128.0,20400.0,20.1,20400.0,4.98,2026-03-03,46,1914,3095.0,100.02,2x 3BR
Boston,2131,2000000.0,6.0,333333.33,6081,328.89,142200.0,14.06,142200.0,7.11,2026-03-03,23,1899,12399.0,97.56,"2x 1BR, 3x 2BR"
Waltham,2453,1550000.0,4.0,387500.0,3608,429.6,79908.0,19.4,79908.0,5.16,2026-03-03,27,1890,10588.0,103.33,"2x 1BR, 2x 3BR"
Springfield,1108,420000.0,2.0,210000.0,3132,134.1,26400.0,15.91,26400.0,6.29,2026-03-03,49,1915,5546.0,93.35,"1x 3BR, 1x 5BR"
Springfield,1104,330000.0,2.0,165000.0,1948,169.4,14400.0,22.92,14400.0,4.36,2026-03-03,18,1919,3105.0,100.0,2x 2BR
Haverhill,1830,691500.0,2.0,345750.0,2468,280.19,40800.0,16.95,36856.0,5.33,2026-03-03,112,1910,5345.0,102.44,"1x 3BR, 1x 5BR"
Haverhill,1832,900000.0,2.0,450000.0,2613,344.43,,,,,2026-03-03,14,1880,4713.0,104.66,"1x 3BR, 1x 5BR"
Worcester,1606,650000.0,3.0,216666.67,3591,181.01,74400.0,8.74,74400.0,11.45,2026-03-04,0,1920,7446.0,95.59,3x 3BR
Wilbraham,1095,380000.0,2.0,190000.0,2546,149.25,28800.0,13.19,28800.0,7.58,2026-03-04,28,1920,5158.0,95.0,2x 3BR
Springfield,1118,400000.0,2.0,200000.0,1950,205.13,,,,,2026-03-04,63,1925,3548.0,100.25,2x 2BR
Fall River,2721,1950000.0,12.0,162500.0,9080,214.76,230400.0,8.46,184234.0,9.45,2026-03-04,62,1900,17509.0,97.55,3x 3BR
Watertown,2472,975000.0,2.0,487500.0,2262,431.03,,,,,2026-03-04,137,1930,7275.09,97.99,2x 2BR
Lynn,1904,635000.0,2.0,317500.0,2700,235.19,69600.0,9.12,69600.0,10.96,2026-03-04,99,1910,6651.0,90.73,"1x 2BR, 1x 4BR"
Westfield,1085,232000.0,2.0,116000.0,2196,105.65,,,,,2026-03-04,14,1890,3939.0,80.28,"1x 2BR, 1x 3BR"
Fall River,2720,220000.0,2.0,110000.0,2353,93.5,,,,,2026-03-04,113,1860,4088.0,100.0,"1x 2BR, 1x 3BR"
Greenfield,1301,170000.0,2.0,85000.0,3288,51.7,12000.0,14.17,12000.0,7.06,2026-03-04,34,1905,4913.0,68.0,2x 3BR
Quincy,2169,930000.0,2.0,465000.0,2328,399.48,,,,,2026-03-04,160,1880,8734.0,98.0,2x 2BR
Quincy,2169,960000.0,2.0,480000.0,2984,321.72,56400.0,17.02,56400.0,5.88,2026-03-04,27,1910,9924.0,101.16,"1x 2BR, 1x 3BR"
North Andover,1845,910000.0,2.0,455000.0,2505,363.27,56400.0,16.13,56400.0,6.2,2026-03-05,20,1950,7898.0,104.0,"1x 1BR, 1x 3BR"
Boston,2122,1315000.0,3.0,438333.33,3761,349.64,118800.0,11.07,118800.0,9.03,2026-03-05,9,1910,12600.0,97.48,"2x 3BR, 1x 4BR"
Fall River,2724,650000.0,3.0,216666.67,3222,201.74,,,,,2026-03-05,96,1900,5756.0,92.99,"2x 2BR, 1x 4BR"
Westfield,1085,285000.0,2.0,142500.0,1774,160.65,25200.0,11.31,25200.0,8.84,2026-03-05,79,1920,3579.0,90.48,2x 2BR
New Bedford,2746,635000.0,3.0,211666.67,3045,208.54,,,,,2026-03-05,93,1903,6163.0,96.24,"1x 2BR, 2x 3BR"
Holyoke,1040,280000.0,2.0,140000.0,2000,140.0,,,,,2026-03-05,20,1890,3766.0,101.82,2x 2BR
Boston,2130,1835950.0,2.0,917975.0,3781,485.57,,,,,2026-03-05,120,1905,15059.0,94.2,"1x 2BR, 1x 4BR"
Middleboro,2346,455000.0,2.0,227500.0,2258,201.51,,,,,2026-03-05,46,1850,5867.0,86.67,2x 2BR
Lowell,1852,680000.0,2.0,340000.0,1372,495.63,,,,,2026-03-05,22,1975,4921.0,104.63,2x 2BR
North Brookfield,1535,470000.0,2.0,235000.0,2500,188.0,,,,,2026-03-05,117,1900,4329.0,101.08,2x 2BR
Malden,2148,950000.0,2.0,475000.0,3454,275.04,26160.0,36.31,26160.0,2.75,2026-03-06,46,1900,9639.0,96.06,"1x 2BR, 1x 3BR"
Lynn,1904,844000.0,2.0,422000.0,2268,372.13,28800.0,29.31,28800.0,3.41,2026-03-06,8,1900,7098.0,100.0,"1x 2BR, 1x 3BR"
Worcester,1604,691000.0,2.0,345500.0,2496,276.84,,,,,2026-03-06,16,1990,7712.42,102.52,"1x 2BR, 1x 3BR"
Boston,2119,1625000.0,3.0,541666.67,4734,343.26,,,,,2026-03-06,43,2025,99.0,95.64,"1x 3BR, 2x 4BR"
Everett,2149,1085000.0,2.0,542500.0,1940,559.28,,,,,2026-03-06,16,1910,6762.0,100.56,"1x 2BR, 1x 4BR"
North Adams,1247,150000.0,2.0,75000.0,3710,40.43,,,,,2026-03-06,138,1900,3934.0,85.74,"1x 4BR, 1x 5BR"
Haverhill,1832,725000.0,3.0,241666.67,2544,284.98,52800.0,13.73,52800.0,7.28,2026-03-06,108,1900,6068.0,96.68,"1x 1BR, 2x 2BR"
Greenfield,1301,378000.0,2.0,189000.0,2142,176.47,,,,,2026-03-06,63,1925,6361.0,95.7,2x 2BR
North Andover,1845,936000.0,2.0,468000.0,2811,332.98,,,,,2026-03-06,22,1957,8929.0,105.23,"1x 2BR, 1x 3BR"
Stoughton,2072,2225000.0,8.0,278125.0,6139,362.44,222300.0,10.01,172740.0,7.76,2026-03-06,28,1920,15403.0,87.25,"1x 1BR, 4x 2BR"
Needham,2494,565000.0,2.0,282500.0,1600,353.13,,,,,2026-03-06,48,1880,6381.0,86.92,"1x 1BR, 1x 3BR"
Spencer,1562,525000.0,2.0,262500.0,2790,188.17,,,,,2026-03-06,48,1890,3541.0,100.02,"1x 2BR, 1x 4BR"
Oxford,1537,590000.0,2.0,295000.0,2943,200.48,,,,,2026-03-06,19,1989,7170.0,98.33,"1x 1BR, 1x 2BR"
Brockton,2301,950000.0,2.0,475000.0,4869,195.11,,,,,2026-03-06,15,1910,7730.0,106.15,"1x 4BR, 1x 6BR"
Somerset,2726,836000.0,3.0,278666.67,3367,248.29,55200.0,15.14,55200.0,6.6,2026-03-06,34,1920,7457.0,100.72,"1x 2BR, 2x 3BR"
Worcester,1605,800000.0,3.0,266666.67,4578,174.75,83400.0,9.59,83400.0,10.42,2026-03-06,5,1890,7239.0,100.13,3x 3BR
Springfield,1109,410000.0,2.0,205000.0,1872,219.02,43200.0,9.49,43200.0,10.54,2026-03-06,36,1991,4080.0,96.49,"1x 2BR, 1x 3BR"
Boston,2126,1100000.0,3.0,366666.67,9999,110.01,239976.0,4.58,239976.0,21.82,2026-03-06,106,1917,12569.0,90.16,3x 3BR
Fitchburg,1420,577000.0,2.0,288500.0,3534,163.27,,,,,2026-03-06,56,1891,5644.0,99.65,"1x 1BR, 1x 4BR"
West Springfield,1089,470000.0,2.0,235000.0,2565,183.24,,,,,2026-03-06,20,1910,4648.94,104.7,"1x 2BR, 1x 4BR"
Cambridge,2138,3500000.0,6.0,583333.33,7620,459.32,218100.0,16.05,170423.0,4.87,2026-03-06,23,1920,15999.0,100.0,"1x 2BR, 4x 3BR"
Arlington,2474,1475000.0,2.0,737500.0,2871,513.76,80400.0,18.35,80400.0,5.45,2026-03-06,14,1926,12667.0,105.43,"1x 2BR, 1x 3BR"
Taunton,2780,672500.0,3.0,224166.67,3567,188.53,,,,,2026-03-06,29,1900,7125.0,95.4,"1x 2BR, 2x 3BR"
Lynn,1902,953000.0,3.0,317666.67,3092,308.21,55200.0,17.26,55200.0,5.79,2026-03-06,8,1900,8157.0,112.25,"1x 1BR, 2x 2BR"
Oxford,1537,526500.0,2.0,263250.0,2160,243.75,,,,,2026-03-06,19,1900,4872.0,105.32,2x 3BR
Springfield,1119,425000.0,2.0,212500.0,2040,208.33,,,,,2026-03-06,5,1968,4698.0,95.51,2x 2BR
Boston,2125,825000.0,2.0,412500.0,2141,385.33,76020.0,10.85,60760.0,7.36,2026-03-06,20,1896,7000.0,103.25,"1x 2BR, 1x 4BR"
Norwood,2062,1130000.0,3.0,376666.67,4472,252.68,12000.0,94.17,12000.0,1.06,2026-03-06,116,1900,8584.0,98.35,"2x 1BR, 1x 6BR"
Springfield,1107,460000.0,3.0,153333.33,3714,123.86,,,,,2026-03-06,23,1903,3566.0,102.45,"1x 3BR, 2x 4BR"
Boston,2125,1150390.0,3.0,383463.33,3147,365.55,103788.0,11.08,83493.0,7.26,2026-03-06,19,1896,10155.0,101.0,"1x 2BR, 2x 3BR"
Boston,2129,4000000.0,2.0,2000000.0,5693,702.62,,,,,2026-03-09,63,2000,28277.2,86.96,"1x 1BR, 1x 4BR"
Haverhill,1830,1240000.0,3.0,413333.33,4932,251.42,108000.0,11.48,82653.0,6.67,2026-03-09,10,1920,8917.0,104.2,3x 5BR
Boston,2124,515000.0,2.0,257500.0,2606,197.62,19200.0,26.82,19200.0,3.73,2026-03-09,17,1890,7095.0,76.3,2x 2BR
Brockton,2302,875000.0,3.0,291666.67,3432,254.95,72000.0,12.15,72000.0,8.23,2026-03-09,52,1895,8102.0,97.33,3x 3BR
Weymouth,2188,990000.0,2.0,495000.0,2510,394.42,,,,,2026-03-09,98,1930,7541.0,90.0,2x 3BR
Boston,2127,3575000.0,3.0,1191666.67,5000,715.0,228000.0,15.68,228000.0,6.38,2026-03-09,25,2025,28000.0,92.86,"2x 3BR, 1x 4BR"
Boston,2127,1600000.0,3.0,533333.33,2908,550.21,,,,,2026-03-09,20,1905,18105.0,94.12,"1x 2BR, 2x 3BR"
New Bedford,2740,430000.0,2.0,215000.0,1740,247.13,18000.0,23.89,18000.0,4.19,2026-03-09,128,1871,4530.0,95.58,"1x 1BR, 1x 3BR"
New Bedford,2740,530000.0,3.0,176666.67,2808,188.75,22200.0,23.87,22200.0,4.19,2026-03-09,53,1892,5912.0,100.19,"1x 1BR, 2x 2BR"
Somerville,2144,1100000.0,2.0,550000.0,3277,335.67,33600.0,32.74,33600.0,3.05,2026-03-09,87,1905,13678.0,80.0,"1x 2BR, 1x 3BR"
Boston,2122,1562500.0,2.0,781250.0,2823,553.49,,,,,2026-03-09,8,2025,5250.0,97.66,"1x 2BR, 1x 3BR"
Chicopee,1013,400000.0,2.0,200000.0,2572,155.52,22800.0,17.54,22800.0,5.7,2026-03-09,27,1923,4533.0,102.59,"1x 2BR, 1x 3BR"
Worcester,1605,580000.0,2.0,290000.0,2058,281.83,21600.0,26.85,21600.0,3.72,2026-03-09,11,1890,6265.0,105.45,"1x 2BR, 1x 3BR"
Chicopee,1020,530000.0,2.0,265000.0,2672,198.35,,,,,2026-03-09,56,1881,0.0,94.64,2x 3BR
Winthrop,2152,995000.0,2.0,497500.0,2604,382.1,,,,,2026-03-09,8,1925,7439.0,101.02,"1x 3BR, 1x 4BR"
Newton,2458,1200000.0,4.0,300000.0,4252,282.22,69600.0,17.24,69600.0,5.8,2026-03-10,104,1895,7465.0,96.0,"1x 0BR, 3x 1BR"
Rockland,2370,299000.0,2.0,149500.0,1551,192.78,,,,,2026-03-10,10,1900,6640.0,100.0,2x 1BR
Fall River,2721,315000.0,3.0,105000.0,2520,125.0,,,,,2026-03-10,14,1921,4610.0,49.61,3x 2BR
North Attleboro,2760,675000.0,2.0,337500.0,2184,309.07,,,,,2026-03-10,44,1910,5657.0,101.52,2x 3BR
Arlington,2476,870000.0,2.0,435000.0,1774,490.42,,,,,2026-03-10,11,1898,10029.0,96.77,"1x 1BR, 1x 2BR"
Newton,2458,2350000.0,3.0,783333.33,6925,339.35,66000.0,35.61,66000.0,2.81,2026-03-10,2,1840,25418.0,100.0,"1x 3BR, 2x 5BR"
Warren,1083,359000.0,2.0,179500.0,2494,143.95,10800.0,33.24,10800.0,3.01,2026-03-10,45,1880,3725.0,102.6,2x 2BR
Westfield,1085,295000.0,2.0,147500.0,2450,120.41,31800.0,9.28,31800.0,10.78,2026-03-10,9,1850,3578.0,96.72,"1x 1BR, 1x 2BR"
Boston,2127,1005000.0,2.0,502500.0,99999,10.05,99999.0,10.05,99999.0,9.95,2026-03-10,22,1924,99999.0,102.55,2x 2BR
Worcester,1607,680000.0,3.0,226666.67,3369,201.84,56400.0,12.06,56400.0,8.29,2026-03-10,8,1910,8621.0,100.15,3x 2BR
Fitchburg,1420,490000.0,2.0,245000.0,2312,211.94,39600.0,12.37,39600.0,8.08,2026-03-10,7,1900,4595.0,102.3,2x 3BR
New Bedford,2740,559000.0,3.0,186333.33,2212,252.71,,,,,2026-03-10,28,1882,4620.0,100.0,3x 2BR
Boston,2124,1200000.0,3.0,400000.0,5493,218.46,87000.0,13.79,87000.0,7.25,2026-03-10,137,1899,12373.0,94.49,"2x 3BR, 1x 4BR"
Quincy,2170,904000.0,2.0,452000.0,2303,392.53,70800.0,12.77,61838.0,6.84,2026-03-10,123,1910,8962.0,97.52,2x 2BR
Chicopee,1020,349900.0,2.0,174950.0,1456,240.32,13800.0,25.36,8300.0,2.37,2026-03-10,22,1912,3845.05,100.0,2x 2BR
Athol,1331,365000.0,2.0,182500.0,2082,175.31,,,,,2026-03-10,26,1900,3326.0,101.39,2x 2BR
Fall River,2721,315000.0,3.0,105000.0,3893,80.91,,,,,2026-03-10,14,1900,5155.0,50.01,"2x 2BR, 1x 3BR"
Boston,2126,975000.0,2.0,487500.0,2471,394.58,,,,,2026-03-10,24,1925,6924.0,102.74,"1x 3BR, 1x 4BR"
Worcester,1604,550000.0,2.0,275000.0,3000,183.33,24000.0,22.92,24000.0,4.36,2026-03-10,55,1875,6340.0,91.82,"1x 2BR, 1x 3BR"
Fall River,2723,840000.0,3.0,280000.0,4977,168.78,,,,,2026-03-10,67,1900,7824.0,99.41,"1x 3BR, 2x 4BR"
Worcester,1605,355000.0,2.0,177500.0,2475,143.43,,,,,2026-03-11,23,1875,5486.0,88.75,2x 2BR
Holyoke,1040,515000.0,2.0,257500.0,4062,126.78,43200.0,11.92,43200.0,8.39,2026-03-11,69,1900,6376.0,107.31,2x 3BR
Worcester,1604,510000.0,2.0,255000.0,1775,287.32,,,,,2026-03-11,9,1920,4930.42,97.14,"1x 1BR, 1x 2BR"
New Bedford,2744,575000.0,2.0,287500.0,3679,156.29,50400.0,11.41,50400.0,8.77,2026-03-11,35,1902,4645.0,108.49,"1x 3BR, 1x 4BR"
Hudson,1749,1150000.0,7.0,164285.71,0,,,,,,2026-03-11,60,1900,12323.0,92.0,"2x 2BR, 3x 3BR"
Gloucester,1930,1525000.0,2.0,762500.0,2415,631.47,,,,,2026-03-11,47,1900,4976.0,95.43,"1x 2BR, 1x 3BR"
Boston,2125,815000.0,2.0,407500.0,1902,428.5,71688.0,11.37,54910.0,6.74,2026-03-11,21,1900,8518.0,96.0,"1x 2BR, 1x 4BR"
Lynn,1902,880000.0,2.0,440000.0,1824,482.46,,,,,2026-03-11,21,1895,6214.0,110.0,2x 3BR
Lawrence,1843,1095000.0,3.0,365000.0,4311,254.0,108000.0,10.14,108000.0,9.86,2026-03-12,4,1909,5795.0,109.5,3x 3BR
Lynn,1902,1154000.0,3.0,384666.67,3805,303.29,,,,,2026-03-12,17,1900,9441.0,100.36,3x 3BR
Fall River,2720,500000.0,2.0,250000.0,2748,181.95,,,,,2026-03-12,82,1900,5827.0,89.45,2x 3BR
Holyoke,1040,237000.0,2.0,118500.0,1800,131.67,,,,,2026-03-12,55,1880,4238.0,91.19,2x 2BR
Boston,2119,1630000.0,5.0,326000.0,5816,280.26,167135.0,9.75,122909.0,7.54,2026-03-12,175,1920,15295.0,94.82,"1x 2BR, 3x 3BR, 1x 4BR"
Quincy,2171,776000.0,2.0,388000.0,1951,397.74,,,,,2026-03-12,23,1920,9716.14,103.48,2x 2BR
Revere,2151,755000.0,2.0,377500.0,1798,419.91,,,,,2026-03-12,49,1930,5564.0,97.42,"1x 1BR, 1x 3BR"
Cambridge,2138,2150000.0,2.0,1075000.0,5599,384.0,,,,,2026-03-12,19,1929,14738.0,97.95,2x 4BR
Dennis,2639,669900.0,2.0,334950.0,1116,600.27,,,,,2026-03-12,33,1950,2652.0,100.0,2x 2BR
Fitchburg,1420,465000.0,2.0,232500.0,1738,267.55,,,,,2026-03-12,124,1900,5012.0,97.89,2x 2BR
Everett,2149,940000.0,2.0,470000.0,2341,401.54,72000.0,13.06,72000.0,7.66,2026-03-12,9,1900,8819.0,101.62,"1x 2BR, 1x 3BR"
Fitchburg,1420,571000.0,3.0,190333.33,2547,224.19,55920.0,10.21,55920.0,9.79,2026-03-12,14,1910,5664.0,105.94,"1x 1BR, 2x 2BR"
Hopkinton,1748,780000.0,2.0,390000.0,1953,399.39,67200.0,11.61,67200.0,8.62,2026-03-12,25,1900,9370.0,97.62,"1x 2BR, 1x 3BR"
Winthrop,2152,1600000.0,2.0,800000.0,3866,413.86,,,,,2026-03-12,100,1949,5961.0,94.12,"1x 1BR, 1x 4BR"
Arlington,2474,1260000.0,2.0,630000.0,2900,434.48,,,,,2026-03-12,19,1922,12034.0,105.01,"1x 2BR, 1x 4BR"
Plymouth,2360,740000.0,2.0,370000.0,2040,362.75,,,,,2026-03-12,38,1900,6198.0,98.68,"1x 2BR, 1x 3BR"
Lowell,1854,805000.0,4.0,201250.0,4245,189.63,31200.0,25.8,31200.0,3.88,2026-03-13,32,1920,8028.0,94.72,"1x 1BR, 1x 2BR, 2x 3BR"
Springfield,1109,390000.0,2.0,195000.0,2340,166.67,,,,,2026-03-13,21,1924,2597.0,108.36,2x 3BR
Yarmouth,2673,525000.0,2.0,262500.0,884,593.89,,,,,2026-03-13,16,1950,2866.0,98.13,2x 1BR
Fall River,2720,800000.0,6.0,133333.33,4788,167.08,,,,,2026-03-13,37,1900,0.0,100.01,"4x 2BR, 1x 3BR"
Fall River,2723,800000.0,6.0,133333.33,4788,167.08,,,,,2026-03-13,37,1900,0.0,100.01,5x 2BR
Norwood,2062,905000.0,2.0,452500.0,2471,366.25,,,,,2026-03-13,7,1900,7513.0,100.56,"1x 2BR, 1x 4BR"
Brockton,2301,425000.0,4.0,106250.0,1601,265.46,,,,,2026-03-13,18,1889,6748.0,106.52,4x 1BR
Fitchburg,1420,450000.0,3.0,150000.0,2218,202.89,42000.0,10.71,42000.0,9.33,2026-03-13,143,1910,4833.0,96.9,"1x 1BR, 2x 2BR"
Lowell,1850,750000.0,2.0,375000.0,2600,288.46,,,,,2026-03-13,20,1920,5437.0,110.31,"1x 4BR, 1x 5BR"
Lawrence,1841,215000.0,2.0,107500.0,1680,127.98,,,,,2026-03-13,31,1875,3969.0,107.5,2x 2BR
Spencer,1562,351000.0,2.0,175500.0,1816,193.28,14400.0,24.38,14400.0,4.1,2026-03-13,28,1880,2924.0,103.27,2x 3BR
Norwood,2062,1325000.0,3.0,441666.67,3480,380.75,118752.0,11.16,118752.0,8.96,2026-03-13,22,1920,9527.0,98.22,3x 3BR
Springfield,1108,410000.0,2.0,205000.0,2418,169.56,18000.0,22.78,18000.0,4.39,2026-03-13,176,1922,4709.0,102.5,2x 3BR
Worcester,1602,400000.0,3.0,133333.33,2791,143.32,,,,,2026-03-13,17,1890,6479.0,106.67,3x 2BR
New Bedford,2740,545000.0,3.0,181666.67,3020,180.46,46200.0,11.8,46200.0,8.48,2026-03-13,107,1873,5171.0,97.32,"2x 2BR, 1x 3BR"
New Bedford,2746,1200000.0,9.0,133333.33,8547,140.4,,,,,2026-03-13,91,1910,10976.0,92.38,3x 3BR
Weymouth,2189,560000.0,2.0,280000.0,2356,237.69,,,,,2026-03-13,33,1908,5975.0,93.35,"1x 1BR, 1x 2BR"
Everett,2149,739900.0,2.0,369950.0,1680,440.42,,,,,2026-03-13,7,1910,7479.0,100.0,"1x 1BR, 1x 3BR"
Arlington,2474,1030000.0,2.0,515000.0,2140,481.31,,,,,2026-03-13,30,1926,11517.0,91.56,2x 2BR
Everett,2149,1100000.0,3.0,366666.67,3586,306.75,25200.0,43.65,25200.0,2.29,2026-03-13,22,1911,12229.0,104.86,3x 2BR
Springfield,1104,410000.0,2.0,205000.0,3170,129.34,,,,,2026-03-13,30,1901,3608.0,102.5,"1x 3BR, 1x 6BR"
Medford,2155,1295000.0,2.0,647500.0,2522,513.48,96000.0,13.49,96000.0,7.41,2026-03-13,61,1911,10404.0,93.5,"1x 2BR, 1x 4BR"
Attleboro,2703,700000.0,2.0,350000.0,1996,350.7,47520.0,14.73,47520.0,6.79,2026-03-13,22,1900,5295.0,100.01,2x 3BR
Chicopee,1020,189000.0,10.0,18900.0,4267,44.29,,,,,2026-03-13,7,1910,9343.0,100.0,5x 1BR
Worcester,1604,925000.0,4.0,231250.0,4664,198.33,61248.0,15.1,58255.0,6.3,2026-03-13,105,1900,10143.0,99.47,"1x 1BR, 3x 3BR"
Worcester,1603,731000.0,3.0,243666.67,4624,158.09,76980.0,9.5,76980.0,10.53,2026-03-13,19,1890,9910.0,105.18,3x 3BR
Saugus,1906,1100000.0,2.0,550000.0,3172,346.78,70800.0,15.54,70800.0,6.44,2026-03-16,59,1925,10407.0,91.67,"1x 3BR, 1x 4BR"
Watertown,2472,1070000.0,2.0,535000.0,2390,447.7,,,,,2026-03-16,26,1927,10966.0,95.11,2x 3BR
Haverhill,1835,850000.0,3.0,283333.33,3396,250.29,25800.0,32.95,25800.0,3.04,2026-03-16,13,1900,8494.0,103.79,"1x 2BR, 2x 3BR"
Taunton,2780,660000.0,2.0,330000.0,2800,235.71,,,,,2026-03-16,29,1900,4278.0,101.54,"1x 2BR, 1x 3BR"
Cambridge,2138,2600000.0,3.0,866666.67,3559,730.54,52200.0,49.81,52200.0,2.01,2026-03-16,29,1906,24815.0,88.14,"1x 1BR, 1x 2BR, 1x 5BR"
Southbridge,1550,440000.0,2.0,220000.0,2364,186.13,39000.0,11.28,39000.0,8.86,2026-03-16,102,1902,4933.0,102.33,"1x 2BR, 1x 3BR"
Springfield,1109,410000.0,2.0,205000.0,3139,130.61,,,,,2026-03-16,60,1917,3155.0,102.65,"1x 2BR, 1x 6BR"
Oxford,1537,471999.0,2.0,235999.5,1738,271.58,,,,,2026-03-16,28,1920,4320.0,102.63,2x 2BR
Marlborough,1752,840000.0,2.0,420000.0,2784,301.72,75000.0,11.2,75000.0,8.93,2026-03-16,23,1900,7032.0,101.82,"1x 3BR, 1x 4BR"
Boston,2127,1349000.0,2.0,674500.0,2034,663.23,,,,,2026-03-16,9,1910,9070.0,93.03,"1x 2BR, 1x 3BR"
Bellingham,2019,455000.0,3.0,151666.67,3226,141.04,,,,,2026-03-16,5,1910,6601.0,99.13,"1x 1BR, 2x 2BR"
Boston,2124,1200000.0,3.0,400000.0,3945,304.18,99660.0,12.04,99660.0,8.3,2026-03-17,114,1885,13186.0,97.96,3x 3BR
Beverly,1915,1475000.0,5.0,295000.0,4830,305.38,128400.0,11.49,128400.0,8.71,2026-03-17,27,1915,11875.0,100.0,"4x 1BR, 1x 3BR"
Fall River,2723,800000.0,3.0,266666.67,4158,192.4,47400.0,16.88,47400.0,5.92,2026-03-17,127,1900,6768.0,100.01,"2x 3BR, 1x 5BR"
Southbridge,1550,265000.0,2.0,132500.0,2875,92.17,,,,,2026-03-17,7,1921,5276.0,112.77,"1x 3BR, 1x 4BR"
Fitchburg,1420,480000.0,2.0,240000.0,2577,186.26,27600.0,17.39,27600.0,5.75,2026-03-17,17,1910,5170.0,96.97,"1x 2BR, 1x 4BR"
New Bedford,2740,550000.0,3.0,183333.33,2354,233.64,56400.0,9.75,56400.0,10.25,2026-03-17,14,1902,6166.0,102.8,3x 2BR
Worcester,1603,555000.0,2.0,277500.0,1967,282.16,19200.0,28.91,19200.0,3.46,2026-03-17,24,1925,5597.0,97.39,"1x 2BR, 1x 3BR"
Medford,2155,950000.0,2.0,475000.0,2242,423.73,,,,,2026-03-18,21,1917,6991.0,106.88,2x 2BR
Somerville,2143,1184000.0,2.0,592000.0,3240,365.43,28800.0,41.11,28800.0,2.43,2026-03-18,167,1900,12818.0,93.3,"1x 2BR, 1x 3BR"
Dedham,2026,1050000.0,4.0,262500.0,2122,494.82,92400.0,11.36,92400.0,8.8,2026-03-18,34,1900,11006.0,91.3,"1x 1BR, 3x 2BR"
Boston,2127,2442500.0,6.0,407083.33,3680,663.72,192276.0,12.7,148526.0,6.08,2026-03-18,157,1899,27268.0,93.94,"1x 1BR, 1x 2BR"
Methuen,1844,875000.0,2.0,437500.0,2666,328.21,,,,,2026-03-18,20,1967,6899.0,100.0,2x 3BR
Lynn,1905,850000.0,3.0,283333.33,3500,242.86,60000.0,14.17,60000.0,7.06,2026-03-18,14,1900,8662.0,107.73,"2x 2BR, 1x 3BR"
Leominster,1453,560000.0,3.0,186666.67,2664,210.21,,,,,2026-03-18,93,1905,5582.0,93.35,3x 3BR
Worcester,1605,845000.0,3.0,281666.67,4782,176.7,88020.0,9.6,64264.0,7.61,2026-03-18,93,1920,6133.0,99.41,"1x 3BR, 2x 4BR"
Worcester,1602,615000.0,2.0,307500.0,2369,259.6,50160.0,12.26,50160.0,8.16,2026-03-18,41,1940,6348.0,98.42,"1x 3BR, 1x 4BR"
Brockton,2301,1285000.0,6.0,214166.67,5205,246.88,132000.0,9.73,108000.0,8.4,2026-03-18,9,1900,9994.0,91.85,5x 2BR
Fall River,2724,600000.0,3.0,200000.0,7611,78.83,,,,,2026-03-18,34,1940,6876.0,100.0,2x 3BR
Lowell,1852,430000.0,2.0,215000.0,1534,280.31,22800.0,18.86,22800.0,5.3,2026-03-18,189,1900,4287.0,92.49,2x 3BR
Boston,2130,1800000.0,2.0,900000.0,3818,471.45,100800.0,17.86,100800.0,5.6,2026-03-18,22,1907,20013.48,100.0,"1x 3BR, 1x 6BR"
Boston,2135,1475000.0,3.0,491666.67,3849,383.22,61200.0,24.1,59700.0,4.05,2026-03-19,79,1910,15920.0,92.25,3x 2BR
Lawrence,1841,740000.0,2.0,370000.0,2244,329.77,9600.0,77.08,9600.0,1.3,2026-03-19,22,1900,5673.0,101.38,2x 2BR
Methuen,1844,805000.0,2.0,402500.0,2118,380.08,,,,,2026-03-19,19,1925,5929.0,105.93,"1x 2BR, 1x 3BR"
Worcester,1606,565000.0,2.0,282500.0,2496,226.36,,,,,2026-03-19,21,1915,6930.0,104.65,2x 2BR
Waltham,2453,1150000.0,2.0,575000.0,2288,502.62,,,,,2026-03-19,12,1910,6442.12,105.02,"1x 2BR, 1x 3BR"
Winchendon,1475,440000.0,2.0,220000.0,1923,228.81,,,,,2026-03-19,36,1890,3093.0,93.64,2x 2BR
Boston,2127,1600000.0,2.0,800000.0,2650,603.77,,,,,2026-03-19,18,2018,17739.0,106.74,"1x 1BR, 1x 3BR"
Revere,2151,950000.0,2.0,475000.0,1949,487.43,74400.0,12.77,74400.0,7.83,2026-03-19,14,1979,5311.0,97.94,"1x 2BR, 1x 3BR"
Boston,2127,1600000.0,2.0,800000.0,1822,878.16,,,,,2026-03-19,18,1925,17419.0,106.74,"1x 2BR, 1x 3BR"
Arlington,2474,1150000.0,2.0,575000.0,2355,488.32,34800.0,33.05,34800.0,3.03,2026-03-20,5,1916,9511.0,100.09,"1x 2BR, 1x 3BR"
Waltham,2453,1175000.0,2.0,587500.0,3263,360.1,,,,,2026-03-20,19,1910,6511.0,102.62,"1x 2BR, 1x 3BR"
Somerville,2143,1410000.0,2.0,705000.0,2855,493.87,,,,,2026-03-20,13,1910,15436.0,110.68,"1x 2BR, 1x 4BR"
Arlington,2476,1220000.0,2.0,610000.0,2333,522.93,,,,,2026-03-20,21,1940,10937.0,122.06,"1x 2BR, 1x 3BR"
Boston,2125,1200000.0,2.0,600000.0,2114,567.64,,,,,2026-03-20,20,1875,9464.0,100.0,"1x 3BR, 1x 4BR"
Westfield,1085,427000.0,4.0,106750.0,3732,114.42,53160.0,8.03,53160.0,12.45,2026-03-20,77,1875,4926.0,94.91,"2x 2BR, 1x 3BR"
Merrimac,1860,665000.0,2.0,332500.0,2520,263.89,,,,,2026-03-20,21,1856,6956.0,114.85,"1x 2BR, 1x 3BR"
Brockton,2301,940000.0,3.0,313333.33,3504,268.26,65400.0,14.37,65400.0,6.96,2026-03-20,35,1905,8672.0,101.08,3x 3BR
New Bedford,2745,477000.0,2.0,238500.0,1990,239.7,,,,,2026-03-20,141,1919,4689.0,98.55,2x 2BR
Easthampton,1027,750000.0,2.0,375000.0,1440,520.83,,,,,2026-03-20,201,2025,0.0,93.76,2x 2BR
Springfield,1104,412000.0,2.0,206000.0,2673,154.13,44868.0,9.18,44868.0,10.89,2026-03-20,21,1925,4746.0,108.45,"1x 1BR, 2x 3BR"
Southbridge,1550,275000.0,2.0,137500.0,2200,125.0,,,,,2026-03-20,26,1900,3639.0,110.44,2x 3BR
Somerville,2144,854900.0,2.0,427450.0,1977,432.42,55200.0,15.49,55200.0,6.46,2026-03-20,91,1910,9541.0,100.59,"1x 1BR, 1x 2BR"
Springfield,1107,435000.0,2.0,217500.0,3000,145.0,,,,,2026-03-20,23,1920,5657.0,102.35,3x 3BR
New Bedford,2746,660000.0,3.0,220000.0,3594,183.64,26400.0,25.0,26400.0,4.0,2026-03-20,10,1910,5834.0,103.16,3x 3BR
Cambridge,2141,1400000.0,3.0,466666.67,2889,484.6,122600.0,11.42,98831.0,7.06,2026-03-20,57,1885,10403.0,87.5,"2x 2BR, 1x 3BR"
Gardner,1440,400000.0,2.0,200000.0,2199,181.9,24600.0,16.26,24600.0,6.15,2026-03-20,123,1860,3405.0,100.03,"1x 1BR, 1x 3BR"
Fall River,2721,715000.0,3.0,238333.33,3756,190.36,37800.0,18.92,37800.0,5.29,2026-03-20,33,1900,6285.0,98.62,"1x 2BR, 2x 3BR"
Lynn,1905,1150000.0,3.0,383333.33,3753,306.42,,,,,2026-03-20,40,1915,7935.0,100.0,3x 2BR
Brockton,2301,763000.0,2.0,381500.0,2236,341.23,28800.0,26.49,28800.0,3.77,2026-03-20,151,1925,7632.0,96.7,"1x 2BR, 1x 5BR"
Lynn,1902,670000.0,2.0,335000.0,2235,299.78,,,,,2026-03-20,29,1900,6431.0,93.71,2x 3BR
Holyoke,1040,410000.0,2.0,205000.0,2848,143.96,20400.0,20.1,20400.0,4.98,2026-03-20,40,1900,6247.0,95.35,"1x 3BR, 1x 4BR"
Attleboro,2703,750000.0,3.0,250000.0,2645,283.55,,,,,2026-03-20,29,1910,6018.0,103.46,"1x 2BR, 2x 3BR"
Boston,2128,1225000.0,3.0,408333.33,2342,523.06,,,,,2026-03-20,26,1900,6487.0,96.08,"1x 1BR, 2x 2BR"
Springfield,1108,388000.0,2.0,194000.0,2816,137.78,22800.0,17.02,22800.0,5.88,2026-03-20,59,1911,4799.09,97.02,2x 3BR
Westfield,1085,382500.0,2.0,191250.0,2760,138.59,50400.0,7.59,41742.0,10.91,2026-03-20,83,1922,4190.0,95.63,2x 3BR
Rockland,2370,1385000.0,5.0,277000.0,4233,327.19,148200.0,9.35,148200.0,10.7,2026-03-20,126,1900,16699.0,99.0,"2x 2BR, 2x 3BR, 1x 4BR"
Lynn,1902,900000.0,3.0,300000.0,3124,288.09,51000.0,17.65,51000.0,5.67,2026-03-20,40,1900,8531.0,97.3,"2x 2BR, 1x 3BR"
Salem,1970,650000.0,2.0,325000.0,3378,192.42,,,,,2026-03-23,39,1915,7224.0,92.99,"1x 2BR, 1x 3BR"
Boston,2130,980000.0,3.0,326666.67,3161,310.03,,,,,2026-03-23,25,1905,14600.0,103.16,3x 2BR
Fall River,2723,800000.0,3.0,266666.67,3777,211.81,,,,,2026-03-23,19,1925,7485.0,97.56,"1x 3BR, 2x 4BR"
Ware,1082,334000.0,2.0,167000.0,2145,155.71,,,,,2026-03-23,91,1870,3074.0,98.53,2x 3BR
Worcester,1606,710000.0,3.0,236666.67,3780,187.83,45600.0,15.57,45600.0,6.42,2026-03-23,59,1920,9051.0,95.95,3x 2BR
Northbridge,1588,566000.0,2.0,283000.0,2360,239.83,18000.0,31.44,18000.0,3.18,2026-03-23,17,1900,4073.0,102.91,2x 3BR
Williamsburg,1096,247500.0,2.0,123750.0,1540,160.71,,,,,2026-03-23,36,1880,4583.0,86.84,2x 2BR
Springfield,1108,450000.0,3.0,150000.0,3316,135.71,30600.0,14.71,30600.0,6.8,2026-03-23,26,1923,4696.0,100.02,"1x 3BR, 1x 4BR"
Gardner,1440,392000.0,3.0,130666.67,2935,133.56,18600.0,21.08,18600.0,4.74,2026-03-23,159,1883,6185.0,87.11,"1x 1BR, 2x 3BR"
Worcester,1604,625000.0,2.0,312500.0,3165,197.47,24000.0,26.04,24000.0,3.84,2026-03-24,24,1939,6012.0,106.84,"1x 2BR, 1x 3BR"
Holyoke,1040,1245000.0,12.0,103750.0,13187,94.41,172140.0,7.23,119265.0,9.58,2026-03-24,115,1900,6713.37,90.22,5x 1BR
Lowell,1854,780000.0,2.0,390000.0,3431,227.34,61500.0,12.68,61500.0,7.88,2026-03-24,20,1900,7359.0,109.09,"1x 3BR, 1x 4BR"
Leominster,1453,565000.0,2.0,282500.0,2309,244.69,,,,,2026-03-24,21,1900,6516.0,104.65,"1x 2BR, 1x 3BR"
Salem,1970,745000.0,2.0,372500.0,1376,541.42,,,,,2026-03-24,21,1800,5432.42,102.05,"1x 1BR, 1x 3BR"
Winthrop,2152,725000.0,2.0,362500.0,2454,295.44,,,,,2026-03-24,87,1910,6548.0,96.68,2x 3BR
Holbrook,2343,481000.0,2.0,240500.0,2354,204.33,,,,,2026-03-24,21,1870,7194.0,96.2,"1x 2BR, 1x 3BR"
Ludlow,1056,451000.0,2.0,225500.0,2236,201.7,,,,,2026-03-24,41,9999,5047.0,102.52,2x 3BR
Everett,2149,640000.0,2.0,320000.0,1576,406.09,,,,,2026-03-24,13,1910,6316.0,91.43,2x 2BR
Gardner,1440,440000.0,2.0,220000.0,1770,248.59,19200.0,22.92,19200.0,4.36,2026-03-24,21,1920,4279.0,104.79,2x 2BR
Southbridge,1550,615000.0,5.0,123000.0,4022,152.91,75600.0,8.13,65945.0,10.72,2026-03-24,50,1900,7246.0,92.36,"1x 1BR, 2x 2BR, 2x 3BR"
Taunton,2780,659500.0,2.0,329750.0,1531,430.76,4900.0,134.59,58800.0,8.92,2026-03-24,60,1900,5082.0,99.17,2x 3BR
Boston,2129,1525000.0,2.0,762500.0,2690,566.91,,,,,2026-03-24,19,1930,17557.0,95.31,"1x 3BR, 1x 4BR"
Southbridge,1550,500000.0,4.0,125000.0,3002,166.56,11400.0,43.86,11400.0,2.28,2026-03-24,50,1900,5279.0,131.61,"2x 1BR, 2x 2BR"
Milford,1757,380000.0,2.0,190000.0,3130,121.41,,,,,2026-03-24,90,1850,5471.0,90.48,"1x 2BR, 1x 3BR"
Westport,2790,680000.0,2.0,340000.0,2686,253.16,,,,,2026-03-24,35,1957,3902.0,100.01,"1x 1BR, 1x 3BR"
Everett,2149,1095000.0,3.0,365000.0,2626,416.98,69600.0,15.73,69600.0,6.36,2026-03-24,18,1900,9904.0,104.29,3x 2BR
Southbridge,1550,305000.0,3.0,101666.67,3507,86.97,,,,,2026-03-24,50,1905,5078.0,77.63,3x 3BR
Belmont,2478,1335000.0,2.0,667500.0,2450,544.9,,,,,2026-03-25,16,1910,11642.0,124.19,2x 2BR
Woburn,1801,1199900.0,3.0,399966.67,3879,309.33,,,,,2026-03-25,40,1920,6437.0,100.0,3x 2BR
Abington,2351,900000.0,2.0,450000.0,2336,385.27,34500.0,26.09,34500.0,3.83,2026-03-25,17,2024,8861.25,100.11,2x 2BR
Worcester,1610,740000.0,3.0,246666.67,4632,159.76,28200.0,26.24,28200.0,3.81,2026-03-25,70,1890,7311.0,100.0,3x 3BR
Somerville,2144,1411000.0,2.0,705500.0,2702,522.21,90000.0,15.68,90000.0,6.38,2026-03-25,19,1920,11665.0,104.91,"1x 2BR, 1x 4BR"
Fall River,2721,755000.0,3.0,251666.67,3595,210.01,,,,,2026-03-25,49,1900,6830.0,99.36,"2x 3BR, 1x 4BR"
Leominster,1453,682500.0,2.0,341250.0,3132,217.91,28800.0,23.7,28800.0,4.22,2026-03-25,27,1916,6016.0,98.22,"1x 2BR, 1x 4BR"
Boston,2128,940000.0,2.0,470000.0,1995,471.18,28800.0,32.64,28800.0,3.06,2026-03-25,11,1890,7871.0,105.62,2x 2BR
Springfield,1109,185000.0,3.0,61666.67,3247,56.98,,,,,2026-03-25,48,1912,3035.0,112.12,"1x 2BR, 2x 3BR"
Malden,2148,1010000.0,2.0,505000.0,3030,333.33,27600.0,36.59,27600.0,2.73,2026-03-25,93,1900,11374.0,95.38,"1x 3BR, 1x 4BR"
Boston,2125,1460000.0,3.0,486666.67,3873,376.97,75900.0,19.24,75900.0,5.2,2026-03-25,109,1905,12982.0,91.25,3x 3BR
Beverly,1915,860000.0,2.0,430000.0,2806,306.49,,,,,2026-03-25,21,1900,7518.0,102.5,2x 3BR
New Bedford,2740,547000.0,2.0,273500.0,2590,211.2,,,,,2026-03-25,10,1892,5428.0,109.42,"1x 2BR, 1x 3BR"
Methuen,1844,750000.0,2.0,375000.0,2466,304.14,24000.0,31.25,24000.0,3.2,2026-03-25,21,1920,6966.0,100.0,2x 2BR
Taunton,2780,650000.0,2.0,325000.0,2227,291.87,,,,,2026-03-25,22,1800,6029.0,100.02,"1x 1BR, 1x 3BR"
Berlin,1503,740000.0,2.0,370000.0,2520,293.65,27600.0,26.81,27600.0,3.73,2026-03-25,37,1860,5536.0,98.67,"1x 2BR, 1x 3BR"
Fitchburg,1420,365000.0,2.0,182500.0,1992,183.23,40800.0,8.95,40800.0,11.18,2026-03-25,23,1900,4897.0,104.32,"1x 3BR, 1x 4BR"
Somerville,2143,1750000.0,2.0,875000.0,4636,377.48,43200.0,40.51,43200.0,2.47,2026-03-25,14,1900,13951.0,100.0,"1x 4BR, 1x 5BR"
Rockland,2370,999999.0,2.0,499999.5,3000,333.33,,,,,2026-03-25,37,2025,3435.0,100.5,2x 2BR
Boston,2125,1360000.0,3.0,453333.33,3675,370.07,74400.0,18.28,70900.0,5.21,2026-03-25,96,1905,16642.0,100.74,3x 3BR
New Bedford,2740,580000.0,2.0,290000.0,2600,223.08,,,,,2026-03-26,18,1904,4967.0,103.59,"1x 3BR, 1x 4BR"
Holbrook,2343,790000.0,3.0,263333.33,3216,245.65,,,,,2026-03-26,126,1800,8817.0,98.87,"2x 1BR, 1x 5BR"
Middleboro,2346,699900.0,2.0,349950.0,2387,293.21,67200.0,10.42,67200.0,9.6,2026-03-26,64,1860,6052.0,100.0,"1x 2BR, 1x 3BR"
Danvers,1923,852500.0,2.0,426250.0,2395,355.95,26400.0,32.29,15700.0,1.84,2026-03-26,35,1850,9729.0,98.1,2x 2BR
Millis,2054,465000.0,2.0,232500.0,2183,213.01,,,,,2026-03-26,147,1880,8425.0,97.89,"1x 2BR, 1x 3BR"
Springfield,1104,515000.0,3.0,171666.67,3474,148.24,,,,,2026-03-26,32,1910,4177.0,98.1,3x 3BR
Lowell,1854,825000.0,2.0,412500.0,3543,232.85,82650.0,9.98,58096.0,7.04,2026-03-26,9,1920,7591.0,100.0,"1x 4BR, 1x 7BR"
Southbridge,1550,435000.0,2.0,217500.0,2364,184.01,25200.0,17.26,25200.0,5.79,2026-03-26,54,1938,4331.0,96.67,"1x 4BR, 1x 5BR"
Boston,2131,1001000.0,2.0,500500.0,2776,360.59,33600.0,29.79,33600.0,3.36,2026-03-26,19,1925,8961.0,102.58,"1x 2BR, 1x 4BR"
Milford,1757,545000.0,2.0,272500.0,2644,206.13,,,,,2026-03-26,18,1950,6136.0,104.81,"1x 2BR, 1x 3BR"
North Attleboro,2760,590000.0,3.0,196666.67,1795,328.69,10500.0,56.19,10500.0,1.78,2026-03-26,49,1932,5652.0,90.91,3x 2BR
Essex,1929,1135000.0,2.0,567500.0,3321,341.76,,,,,2026-03-26,128,1965,10283.0,94.66,2x 3BR
Revere,2151,750000.0,2.0,375000.0,1824,411.18,31200.0,24.04,31200.0,4.16,2026-03-27,35,2004,5104.73,96.77,2x 3BR
Boston,2124,1075000.0,3.0,358333.33,3441,312.41,99.0,10858.59,99.0,0.01,2026-03-27,44,1905,99.0,89.66,3x 3BR
Boston,2119,900000.0,3.0,300000.0,2769,325.03,43200.0,20.83,43200.0,4.8,2026-03-27,266,1890,8089.0,94.74,3x 2BR
Brockton,2301,745000.0,2.0,372500.0,3019,246.77,31200.0,23.88,31200.0,4.19,2026-03-27,21,1895,8711.0,106.43,2x 3BR
Boston,2119,1025000.0,2.0,512500.0,3018,339.63,,,,,2026-03-27,138,1900,10261.0,95.35,"1x 2BR, 1x 4BR"
Lynn,1902,1825000.0,9.0,202777.78,6412,284.62,99.0,18434.34,99.0,0.01,2026-03-27,78,1940,99.0,97.86,"1x 1BR, 1x 2BR"
Westport,2790,660000.0,2.0,330000.0,1666,396.16,,,,,2026-03-27,45,1975,2394.0,101.55,2x 2BR
Rochester,2770,1440000.0,2.0,720000.0,4233,340.18,,,,,2026-03-27,217,1998,13051.0,94.43,"1x 1BR, 1x 4BR"
Arlington,2474,1853000.0,2.0,926500.0,3164,585.65,,,,,2026-03-27,6,1892,15950.0,102.94,"1x 2BR, 1x 3BR"
New Bedford,2740,535000.0,2.0,267500.0,2483,215.47,18600.0,28.76,18600.0,3.48,2026-03-27,23,1870,5596.0,101.9,"1x 2BR, 1x 4BR"
Springfield,1105,350000.0,4.0,87500.0,5000,70.0,63600.0,5.5,63600.0,18.17,2026-03-27,29,1900,5777.0,102.97,"1x 1BR, 2x 2BR, 1x 3BR"
West Springfield,1089,500000.0,4.0,125000.0,3322,150.51,37164.0,13.45,37164.0,7.43,2026-03-27,20,1800,4739.0,105.26,4x 1BR
Somerville,2143,1610000.0,2.0,805000.0,4767,337.74,,,,,2026-03-27,12,1900,16811.0,100.63,"1x 3BR, 2x 4BR"
Brockton,2301,637000.0,3.0,212333.33,2830,225.09,,,,,2026-03-27,4,1879,7591.0,122.5,3x 2BR
Worcester,1605,765000.0,3.0,255000.0,3605,212.21,76200.0,10.04,56194.0,7.35,2026-03-27,93,1890,6265.0,98.71,"1x 2BR, 2x 3BR"
Watertown,2472,2500000.0,3.0,833333.33,3794,658.94,,,,,2026-03-27,72,1894,17094.84,100.0,3x 2BR
Westborough,1581,1395000.0,14.0,99642.86,7830,178.16,201960.0,6.91,126049.0,9.04,2026-03-27,15,1912,12472.0,93.94,2x 1BR
Lynn,1902,750000.0,2.0,375000.0,1963,382.07,57600.0,13.02,57600.0,7.68,2026-03-27,42,1880,6033.0,99.34,2x 2BR
Methuen,1844,970000.0,2.0,485000.0,2732,355.05,,,,,2026-03-27,22,1900,7651.0,105.45,"1x 2BR, 1x 4BR"
New Bedford,2740,550000.0,2.0,275000.0,2124,258.95,19800.0,27.78,19800.0,3.6,2026-03-27,170,1883,4691.0,103.77,"1x 2BR, 1x 4BR"
Salem,1970,1195000.0,3.0,398333.33,3748,318.84,84000.0,14.23,84000.0,7.03,2026-03-27,9,1886,13740.0,94.84,3x 2BR
New Bedford,2744,600000.0,4.0,150000.0,3488,172.02,60000.0,10.0,60000.0,10.0,2026-03-27,134,1910,5135.87,99.17,"2x 1BR, 2x 3BR"
Attleboro,2703,715000.0,2.0,357500.0,3018,236.91,52800.0,13.54,49871.0,6.97,2026-03-27,5,1900,5802.0,103.64,2x 3BR
Lowell,1852,868000.0,3.0,289333.33,3378,256.96,22500.0,38.58,22500.0,2.59,2026-03-27,20,1900,8348.0,99.2,3x 2BR
Worcester,1607,615000.0,3.0,205000.0,2313,265.89,21600.0,28.47,21600.0,3.51,2026-03-27,25,1905,6181.0,102.5,"1x 1BR, 2x 2BR"
Greenfield,1301,320000.0,2.0,160000.0,1764,181.41,13200.0,24.24,13200.0,4.12,2026-03-27,18,1947,5168.0,94.15,"1x 1BR, 1x 2BR"
Watertown,2472,1100000.0,2.0,550000.0,2456,447.88,67800.0,16.22,67800.0,6.16,2026-03-27,107,1930,10913.0,100.0,"1x 2BR, 1x 3BR"
Fairhaven,2719,350000.0,2.0,175000.0,1382,253.26,10200.0,34.31,10200.0,2.91,2026-03-27,32,1930,2970.0,100.0,2x 1BR
Boston,2125,1460000.0,3.0,486666.67,3924,372.07,18000.0,81.11,18000.0,1.23,2026-03-27,142,1910,12501.0,94.25,3x 2BR
Worcester,1603,650000.0,3.0,216666.67,2831,229.6,57708.0,11.26,57708.0,8.88,2026-03-27,145,1890,5702.0,96.3,"1x 1BR, 2x 2BR"
Amherst,1002,832000.0,3.0,277333.33,2934,283.57,,,,,2026-03-27,90,1900,10617.0,94.56,"2x 1BR, 1x 3BR"
Leominster,1453,950000.0,4.0,237500.0,4176,227.49,122400.0,7.76,118850.0,12.51,2026-03-28,19,1900,8586.0,105.57,"2x 2BR, 1x 3BR, 1x 4BR"
Agawam,1001,270000.0,2.0,135000.0,2128,126.88,,,,,2026-03-30,16,1880,4272.0,101.89,2x 2BR
Lowell,1854,770000.0,2.0,385000.0,3131,245.93,,,,,2026-03-30,71,1900,7136.0,96.86,2x 3BR
Fall River,2723,630000.0,3.0,210000.0,2012,313.12,28800.0,21.88,28800.0,4.57,2026-03-30,3,1900,3821.0,100.02,"2x 1BR, 1x 4BR"
Boston,2126,900000.0,2.0,450000.0,2632,341.95,,,,,2026-03-30,22,1907,7741.0,105.88,"1x 2BR, 1x 3BR"
Framingham,1702,915000.0,3.0,305000.0,3423,267.31,6200.0,147.58,74400.0,8.13,2026-03-30,19,1912,8240.0,101.68,"1x 2BR, 2x 3BR"
Malden,2148,1350000.0,2.0,675000.0,4347,310.56,,,,,2026-03-30,86,1900,12141.0,96.5,2x 3BR
Springfield,1108,415000.0,3.0,138333.33,3675,112.93,19200.0,21.61,19200.0,4.63,2026-03-30,48,1908,6277.0,101.24,3x 3BR
Quincy,2169,1096339.0,2.0,548169.5,2200,498.34,21900.0,50.06,21900.0,2.0,2026-03-30,49,1915,8808.0,99.76,2x 3BR
Peabody,1960,915000.0,2.0,457500.0,2713,337.27,,,,,2026-03-30,19,1910,6217.0,102.23,2x 3BR
Taunton,2780,525000.0,2.0,262500.0,1785,294.12,,,,,2026-03-30,20,1900,4525.0,105.02,"1x 1BR, 1x 2BR"
Lynn,1902,855000.0,2.0,427500.0,2836,301.48,,,,,2026-03-30,20,1900,7232.0,104.27,"1x 2BR, 1x 4BR"
Taunton,2780,745000.0,2.0,372500.0,2774,268.57,,,,,2026-03-30,15,1875,6461.0,99.33,"1x 2BR, 1x 3BR"
Boston,2124,1225000.0,3.0,408333.33,4695,260.92,128160.0,9.56,128160.0,10.46,2026-03-30,13,1905,99.0,102.08,"1x 3BR, 2x 4BR"
Blackstone,1504,485000.0,2.0,242500.0,2020,240.1,,,,,2026-03-30,94,1930,4459.0,100.0,"1x 2BR, 1x 3BR"
Worcester,1610,946000.0,4.0,236500.0,3517,268.98,7534.0,125.56,7534.0,0.8,2026-03-30,36,1900,7543.0,99.58,"1x 1BR, 3x 3BR"
Holbrook,2343,820000.0,2.0,410000.0,4060,201.97,78300.0,10.47,78300.0,9.55,2026-03-30,37,1850,8812.0,102.51,2x 4BR
Fall River,2721,750000.0,15.0,50000.0,6627,113.17,,,,,2026-03-30,39,1873,6666.23,88.25,2x 1BR
Marlborough,1752,1349900.0,6.0,224983.33,2672,505.2,119100.0,11.33,104277.0,7.72,2026-03-30,35,1968,8478.0,100.0,"3x 1BR, 2x 2BR"
Boston,2121,1210000.0,3.0,403333.33,3000,403.33,106920.0,11.32,83255.0,6.88,2026-03-31,164,1890,16438.0,109.01,"1x 3BR, 2x 4BR"
Pittsfield,1201,375000.0,3.0,125000.0,3276,114.47,16200.0,23.15,16200.0,4.32,2026-03-31,21,1900,2861.0,100.03,3x 2BR
Taunton,2780,640000.0,2.0,320000.0,1438,445.06,,,,,2026-03-31,17,1900,5064.0,100.8,2x 2BR
Boston,2125,1240000.0,2.0,620000.0,2944,421.2,,,,,2026-03-31,17,1910,14705.0,103.33,"1x 2BR, 1x 3BR"
New Bedford,2746,680000.0,2.0,340000.0,3490,194.84,45600.0,14.91,45600.0,6.71,2026-03-31,21,1915,6111.0,113.35,2x 3BR
Medway,2053,690000.0,2.0,345000.0,2658,259.59,,,,,2026-03-31,22,1880,6839.0,106.15,2x 3BR
Worcester,1605,665000.0,3.0,221666.67,3639,182.74,9720.0,68.42,9720.0,1.46,2026-03-31,20,1904,5276.0,102.31,"1x 2BR, 2x 3BR"
Bedford,1730,1265000.0,2.0,632500.0,6210,203.7,58800.0,21.51,58800.0,4.65,2026-03-31,22,1890,17598.0,93.7,"1x 3BR, 1x 5BR"
Westfield,1085,450000.0,3.0,150000.0,3861,116.55,66600.0,6.76,54532.0,12.12,2026-03-31,12,1920,5962.0,105.88,"1x 3BR, 2x 4BR"
Boston,2124,1129000.0,3.0,376333.33,3249,347.49,93300.0,12.1,92100.0,8.16,2026-03-31,108,1905,99.0,98.26,3x 3BR
Winthrop,2152,1260000.0,3.0,420000.0,3708,339.81,101400.0,12.43,101400.0,8.05,2026-03-31,100,1900,10481.0,96.92,"2x 2BR, 1x 3BR"
Boston,2124,1225000.0,3.0,408333.33,4485,273.13,128160.0,9.56,128160.0,10.46,2026-03-31,13,1905,99.0,102.08,"1x 3BR, 2x 4BR"
Boston,2119,950000.0,2.0,475000.0,2454,387.12,,,,,2026-03-31,21,1880,9469.0,100.0,"1x 2BR, 1x 3BR"
Haverhill,1830,870000.0,3.0,290000.0,2405,361.75,,,,,2026-03-31,22,1900,6793.0,100.01,"1x 2BR, 2x 3BR"
Chicopee,1013,380000.0,2.0,190000.0,1728,219.91,,,,,2026-03-31,60,1969,3294.0,102.98,"1x 2BR, 1x 3BR"
Hudson,1749,1350000.0,2.0,675000.0,2372,569.14,,,,,2026-03-31,95,1900,7565.0,96.43,2x 3BR
Beverly,1915,850000.0,3.0,283333.33,2238,379.8,51900.0,16.38,51900.0,6.11,2026-03-31,7,1918,7875.0,100.12,3x 2BR
Springfield,1108,300000.0,3.0,100000.0,4285,70.01,,,,,2026-03-31,37,1899,3260.0,87.21,"1x 2BR, 2x 3BR"
Worcester,1610,685000.0,3.0,228333.33,3158,216.91,89400.0,7.66,89400.0,13.05,2026-03-31,122,1890,6599.0,95.15,"2x 3BR, 1x 4BR"
Lawrence,1843,1080000.0,3.0,360000.0,3720,290.32,69000.0,15.65,69000.0,6.39,2026-03-31,23,1910,6474.0,116.77,"1x 3BR, 2x 4BR"
Boston,2119,1950000.0,4.0,487500.0,8253,236.28,170400.0,11.44,170400.0,8.74,2026-03-31,8,2022,13455.0,97.55,"1x 2BR, 3x 3BR"
Boston,2118,3150000.0,4.0,787500.0,3848,818.61,,,,,2026-03-31,47,1910,27802.0,78.75,"1x 4BR, 1x 5BR"
Fall River,2721,630000.0,2.0,315000.0,4092,153.96,,,,,2026-03-31,45,1900,6015.0,98.45,2x 3BR
Worcester,1604,800000.0,3.0,266666.67,4329,184.8,,,,,2026-03-31,18,1928,7913.0,100.01,3x 3BR
Lawrence,1843,905000.0,2.0,452500.0,2706,334.44,,,,,2026-03-31,10,1930,6185.0,102.85,"1x 3BR, 1x 4BR"
Boston,2126,920000.0,2.0,460000.0,2986,308.1,37200.0,24.73,37200.0,4.04,2026-03-31,137,2008,10888.0,97.98,2x 3BR
Holyoke,1040,419000.0,2.0,209500.0,2942,142.42,,,,,2026-03-31,18,1925,7073.0,100.0,2x 2BR
Boston,2115,5200000.0,9.0,577777.78,5520,942.03,373200.0,13.93,289774.0,5.57,2026-03-31,134,1900,19659.0,92.86,5x 1BR
Malden,2148,605000.0,2.0,302500.0,1475,410.17,,,,,2026-03-31,19,1920,6991.0,94.55,"1x 1BR, 1x 2BR"
Quincy,2169,1000000.0,4.0,250000.0,2994,334.0,69100.0,14.47,39000.0,3.9,2026-03-31,113,1922,9414.0,90.99,"3x 1BR, 1x 2BR"
Haverhill,1832,965000.0,3.0,321666.67,4135,233.37,,,,,2026-03-31,14,1910,7381.0,107.22,3x 3BR
Fall River,2720,585000.0,3.0,195000.0,2833,206.49,84000.0,6.96,84000.0,14.36,2026-03-31,7,1900,5045.0,103.54,"1x 3BR, 2x 4BR"
Greenfield,1301,310900.0,2.0,155450.0,2440,127.42,27600.0,11.26,27600.0,8.88,2026-03-31,8,1900,4743.0,97.19,2x 2BR
Worcester,1607,700000.0,3.0,233333.33,2482,282.03,,,,,2026-03-31,21,1915,7098.0,111.13,"2x 2BR, 1x 3BR"
Brockton,2301,830000.0,2.0,415000.0,2634,315.11,,,,,2026-03-31,76,1892,7336.0,106.44,2x 3BR
Boston,2127,1900000.0,3.0,633333.33,3639,522.12,126000.0,15.08,126000.0,6.63,2026-03-31,42,1890,19165.0,95.05,3x 3BR
Springfield,1107,305000.0,3.0,101666.67,2876,106.05,23100.0,13.2,23100.0,7.57,2026-03-31,7,1897,3599.0,103.39,"2x 2BR, 1x 3BR"
Boston,2119,1450000.0,3.0,483333.33,5159,281.06,119820.0,12.1,119820.0,8.26,2026-03-31,8,1900,12483.0,103.65,3x 3BR
Franklin,2038,1450000.0,6.0,241666.67,6276,231.04,131820.0,11.0,98660.0,6.8,2026-04-01,67,1900,11395.0,96.67,4x 2BR
Pittsfield,1201,484000.0,4.0,121000.0,4000,121.0,76800.0,6.3,67788.0,14.01,2026-04-01,36,1889,5517.0,97.78,4x 3BR
Avon,2322,561400.0,2.0,280700.0,2434,230.65,,,,,2026-04-01,30,1900,5373.0,102.07,2x 2BR
Lowell,1850,680000.0,2.0,340000.0,2769,245.58,49800.0,13.65,49800.0,7.32,2026-04-01,15,1900,5530.0,104.63,"1x 3BR, 1x 4BR"
Boston,2114,4295000.0,6.0,715833.33,4211,1019.95,294540.0,14.58,244622.0,5.7,2026-04-01,4,1899,25796.0,100.0,2x 2BR
Haverhill,1830,792000.0,2.0,396000.0,3519,225.06,20400.0,38.82,20400.0,2.58,2026-04-01,21,1900,7383.0,105.74,2x 2BR
Boston,2120,1800000.0,3.0,600000.0,4120,436.89,,,,,2026-04-01,16,1900,22531.0,94.99,3x 3BR
Springfield,1151,420000.0,2.0,210000.0,1872,224.36,42960.0,9.78,42960.0,10.23,2026-04-01,21,2008,4608.0,105.03,2x 2BR
Boston,2130,1400000.0,3.0,466666.67,3988,351.05,108000.0,12.96,108000.0,7.71,2026-04-01,50,1905,15789.0,80.0,3x 2BR
Arlington,2474,1187000.0,2.0,593500.0,2232,531.81,72000.0,16.49,72000.0,6.07,2026-04-01,21,1925,11192.0,89.58,2x 2BR
Eastham,2642,1550000.0,8.0,193750.0,4503,344.21,168600.0,9.19,146206.0,9.43,2026-04-01,61,1973,6762.0,93.94,3x 1BR
Millbury,1527,542000.0,2.0,271000.0,3113,174.11,,,,,2026-04-01,117,1828,7027.0,91.09,"1x 1BR, 1x 4BR"
Salem,1970,915000.0,2.0,457500.0,1955,468.03,70680.0,12.95,70680.0,7.72,2026-04-01,19,1925,7962.0,97.34,2x 2BR
Wenham,1984,720000.0,2.0,360000.0,3158,227.99,,,,,2026-04-01,81,1900,17220.0,90.11,"1x 1BR, 1x 2BR"
Concord,1742,1107500.0,2.0,553750.0,2554,433.63,,,,,2026-04-02,135,1900,12179.0,94.67,"1x 2BR, 1x 3BR"
Fall River,2723,714900.0,3.0,238300.0,3198,223.55,38400.0,18.62,38400.0,5.37,2026-04-02,0,1900,6246.0,100.0,3x 2BR
Boston,2130,2300000.0,4.0,575000.0,4850,474.23,164400.0,13.99,164400.0,7.15,2026-04-02,21,1920,12356.0,93.88,"1x 0BR, 2x 3BR, 1x 4BR"
Fall River,2720,650000.0,2.0,325000.0,2760,235.51,24000.0,27.08,24000.0,3.69,2026-04-02,46,1900,6350.0,98.5,2x 3BR
Fall River,2720,635000.0,5.0,127000.0,3810,166.67,,,,,2026-04-02,23,1840,8540.67,90.73,"3x 1BR, 1x 2BR, 1x 3BR"
Worcester,1604,767000.0,3.0,255666.67,4740,161.81,,,,,2026-04-02,184,1900,9358.0,89.19,3x 4BR
Brookline,2446,3205000.0,3.0,1068333.33,6546,489.61,,,,,2026-04-02,20,1920,29224.0,128.2,"1x 3BR, 2x 4BR"
Southbridge,1550,427000.0,2.0,213500.0,2206,193.56,34800.0,12.27,34800.0,8.15,2026-04-02,10,1932,4782.0,101.67,"1x 2BR, 1x 3BR"
Lynn,1902,685000.0,2.0,342500.0,1662,412.15,19200.0,35.68,19200.0,2.8,2026-04-02,49,1900,5918.0,97.87,2x 3BR
Somerville,2143,1400000.0,2.0,700000.0,3301,424.11,76800.0,18.23,76800.0,5.49,2026-04-02,8,1900,12500.0,94.6,"1x 3BR, 1x 4BR"
Methuen,1844,730000.0,2.0,365000.0,2096,348.28,,,,,2026-04-02,106,1920,6444.0,101.53,2x 2BR
Millbury,1527,510000.0,3.0,170000.0,2800,182.14,,,,,2026-04-02,8,1900,5139.0,97.14,3x 2BR
Winchester,1890,1025000.0,2.0,512500.0,2605,393.47,,,,,2026-04-02,4,1926,10669.0,100.0,"1x 2BR, 1x 4BR"
Worcester,1604,691275.0,3.0,230425.0,4323,159.91,66600.0,10.38,66600.0,9.63,2026-04-02,10,1900,7608.0,96.68,3x 3BR
Lowell,1850,705000.0,2.0,352500.0,2758,255.62,48000.0,14.69,48000.0,6.81,2026-04-02,16,1920,6686.0,100.73,2x 3BR
Fall River,2723,715000.0,3.0,238333.33,3018,236.91,72000.0,9.93,72000.0,10.07,2026-04-03,32,1900,5513.0,96.62,3x 3BR
Springfield,1109,385000.0,2.0,192500.0,1920,200.52,,,,,2026-04-03,0,1988,4223.0,100.0,2x 3BR
Natick,1760,819000.0,2.0,409500.0,2066,396.42,,,,,2026-04-03,6,1900,9196.87,102.5,2x 2BR
Brockton,2301,700000.0,3.0,233333.33,2401,291.55,,,,,2026-04-03,71,1925,7589.0,79.55,3x 2BR
Barre,1074,235000.0,2.0,117500.0,2328,100.95,,,,,2026-04-03,24,1920,3032.0,85.45,2x 3BR
Worcester,1604,730000.0,3.0,243333.33,4218,173.07,75600.0,9.66,75600.0,10.36,2026-04-03,28,1925,6367.0,98.66,3x 3BR
Revere,2151,1141111.0,2.0,570555.5,3558,320.72,46800.0,24.38,46800.0,4.1,2026-04-03,30,1930,9591.0,103.74,"1x 4BR, 1x 6BR"
Randolph,2368,650000.0,2.0,325000.0,1744,372.71,,,,,2026-04-03,10,1965,7347.0,100.78,"1x 2BR, 1x 3BR"
Springfield,1105,278000.0,2.0,139000.0,2538,109.54,48000.0,5.79,48000.0,17.27,2026-04-03,10,1900,3065.0,106.96,2x 3BR
New Bedford,2740,600000.0,2.0,300000.0,1664,360.58,,,,,2026-04-03,42,1959,4959.44,96.0,2x 2BR
Chicopee,1013,390000.0,2.0,195000.0,2278,171.2,16800.0,23.21,16800.0,4.31,2026-04-03,16,1900,4437.0,104.0,2x 3BR
Weymouth,2190,626000.0,2.0,313000.0,1728,362.27,,,,,2026-04-03,28,1890,5184.0,99.52,"1x 2BR, 1x 3BR"
Malden,2148,1410000.0,3.0,470000.0,5350,263.55,112800.0,12.5,112800.0,8.0,2026-04-03,16,1900,14819.0,104.44,"1x 1BR, 1x 3BR, 1x 6BR"
Northbridge,1588,800000.0,4.0,200000.0,4805,166.49,72000.0,11.11,72000.0,9.0,2026-04-03,22,1920,7555.0,106.67,"2x 2BR, 2x 3BR"
Quincy,2171,910000.0,2.0,455000.0,2056,442.61,60000.0,15.17,60000.0,6.59,2026-04-03,104,1938,8965.73,95.89,2x 2BR
Newburyport,1950,1350000.0,3.0,450000.0,3312,407.61,51000.0,26.47,36500.0,2.7,2026-04-03,20,1780,7723.0,91.53,"1x 2BR, 2x 3BR"
Gardner,1440,505000.0,3.0,168333.33,2020,250.0,57600.0,8.77,57600.0,11.41,2026-04-03,236,1910,5583.0,101.2,"1x 1BR, 2x 2BR"
Boston,2135,1360000.0,2.0,680000.0,2692,505.2,98400.0,13.82,98400.0,7.24,2026-04-03,24,1920,12731.0,104.62,"1x 3BR, 1x 4BR"
Lawrence,1840,970000.0,3.0,323333.33,4147,233.9,80400.0,12.06,80400.0,8.29,2026-04-03,16,1900,6068.0,107.9,3x 3BR
Watertown,2472,2000000.0,6.0,333333.33,7764,257.6,154200.0,12.97,101533.0,5.08,2026-04-03,77,1930,20738.0,83.33,3x 3BR
Worcester,1605,795000.0,3.0,265000.0,4437,179.18,88200.0,9.01,64264.0,8.08,2026-04-04,111,1910,9520.0,96.36,"2x 3BR, 1x 4BR"
Lowell,1852,605000.0,2.0,302500.0,3200,189.06,,,,,2026-04-06,6,1900,5916.0,110.02,"1x 3BR, 1x 5BR"
Fitchburg,1420,630000.0,2.0,315000.0,2400,262.5,,,,,2026-04-06,22,2022,6465.0,97.54,"1x 2BR, 1x 4BR"
Newbury,1922,960000.0,2.0,480000.0,4055,236.74,79200.0,12.12,79200.0,8.25,2026-04-06,37,1968,5636.0,98.46,"1x 2BR, 1x 3BR"
Attleboro,2703,655000.0,3.0,218333.33,2773,236.21,54000.0,12.13,54000.0,8.24,2026-04-06,22,1900,8073.0,97.91,3x 2BR
Somerville,2145,1010000.0,2.0,505000.0,2487,406.11,68400.0,14.77,68400.0,6.77,2026-04-06,18,1890,9677.0,96.28,"1x 1BR, 1x 3BR"
Lawrence,1843,775000.0,2.0,387500.0,2452,316.07,,,,,2026-04-06,11,1910,4813.0,103.33,2x 3BR
Natick,1760,710000.0,2.0,355000.0,1786,397.54,,,,,2026-04-06,116,1920,6073.0,94.67,"1x 1BR, 1x 3BR"
Winchester,1890,960000.0,2.0,480000.0,1800,533.33,63000.0,15.24,63000.0,6.56,2026-04-06,26,1922,10080.0,96.48,2x 2BR
Revere,2151,1050000.0,2.0,525000.0,2820,372.34,,,,,2026-04-07,13,1987,8307.05,100.0,2x 3BR
Webster,1570,545000.0,2.0,272500.0,2700,201.85,19200.0,28.39,19200.0,3.52,2026-04-07,8,1920,6085.0,104.83,2x 3BR
Attleboro,2703,630000.0,2.0,315000.0,1860,338.71,30000.0,21.0,30000.0,4.76,2026-04-07,40,1910,4468.0,101.61,2x 2BR
Taunton,2780,765000.0,2.0,382500.0,2333,327.9,119988.0,6.38,119988.0,15.68,2026-04-07,20,1920,6745.0,102.14,"1x 1BR, 1x 4BR"
Boston,2132,1009000.0,2.0,504500.0,2365,426.64,58200.0,17.34,58200.0,5.77,2026-04-07,58,1920,10114.0,103.06,2x 2BR
Boston,2131,1060000.0,3.0,353333.33,3343,317.08,,,,,2026-04-07,62,1890,10649.0,106.0,"2x 2BR, 1x 3BR"
West Springfield,1089,418000.0,2.0,209000.0,2574,162.39,15600.0,26.79,15600.0,3.73,2026-04-07,21,1930,4555.0,103.21,2x 2BR
Boston,2129,1650500.0,3.0,550166.67,3194,516.75,9999.0,165.07,,,2026-04-07,32,1900,16508.0,91.69,"1x 2BR, 2x 3BR"
Fall River,2721,650000.0,2.0,325000.0,2711,239.76,,,,,2026-04-07,12,1900,4596.0,104.86,"1x 2BR, 1x 5BR"
Somerville,2144,1325555.0,2.0,662777.5,2035,651.38,,,,,2026-04-07,20,1920,11771.0,132.56,"1x 1BR, 1x 3BR"
Boston,2119,700000.0,2.0,350000.0,3104,225.52,,,,,2026-04-07,48,1847,10275.0,96.55,"1x 2BR, 1x 4BR"
Maynard,1754,510000.0,2.0,255000.0,1768,288.46,31200.0,16.35,31200.0,6.12,2026-04-08,22,1920,7193.0,113.59,2x 2BR
Newton,2458,1390000.0,2.0,695000.0,2218,626.69,92640.0,15.0,92640.0,6.66,2026-04-08,30,1875,9772.0,101.09,"1x 3BR, 1x 4BR"
Chelsea,2150,835000.0,2.0,417500.0,2580,323.64,38400.0,21.74,38400.0,4.6,2026-04-08,56,1920,7521.0,95.99,"1x 2BR, 1x 3BR"
Pittsfield,1201,325000.0,3.0,108333.33,2976,109.21,,,,,2026-04-08,57,1900,4521.0,98.51,"2x 1BR, 1x 3BR"
Gloucester,1930,632000.0,2.0,316000.0,2155,293.27,,,,,2026-04-08,61,1900,5341.99,97.25,2x 3BR
Boston,2136,1243200.0,3.0,414400.0,3588,346.49,84600.0,14.7,84600.0,6.81,2026-04-08,20,1920,12806.0,99.46,3x 3BR
Middleboro,2346,265000.0,2.0,132500.0,3118,84.99,,,,,2026-04-08,34,1925,6855.0,94.64,2x 4BR
Lee,1238,455000.0,3.0,151666.67,2346,193.95,10800.0,42.13,10800.0,2.37,2026-04-08,16,1910,3013.0,96.83,3x 2BR
Chicopee,1020,375000.0,2.0,187500.0,1752,214.04,,,,,2026-04-08,34,1900,2138.0,100.0,2x 2BR
New Bedford,2740,660000.0,1.0,660000.0,3580,184.36,,,,,2026-04-08,112,1870,4890.0,94.3,2x 1BR
Westborough,1581,735000.0,3.0,245000.0,2439,301.35,79200.0,9.28,79200.0,10.78,2026-04-08,18,1800,10656.0,105.0,3x 2BR
Marblehead,1945,999900.0,2.0,499950.0,2523,396.31,,,,,2026-04-08,36,1850,11281.0,100.0,"1x 1BR, 1x 3BR"
Malden,2148,825000.0,2.0,412500.0,2208,373.64,60000.0,13.75,53833.0,6.53,2026-04-08,49,1925,8747.0,91.68,"1x 2BR, 1x 3BR"
Fall River,2721,445000.0,2.0,222500.0,2040,218.14,18000.0,24.72,18000.0,4.04,2026-04-08,10,1925,4280.0,93.68,"1x 1BR, 1x 3BR"
Fall River,2724,585000.0,3.0,195000.0,2686,217.8,,,,,2026-04-08,71,1900,4566.0,98.32,3x 2BR
Brockton,2301,920000.0,2.0,460000.0,2848,323.03,,,,,2026-04-09,19,1925,6277.0,103.95,"1x 3BR, 1x 4BR"
New Bedford,2744,665000.0,3.0,221666.67,3321,200.24,43200.0,15.39,43200.0,6.5,2026-04-09,9,1910,5491.0,105.56,3x 3BR
Framingham,1702,1500000.0,6.0,250000.0,4407,340.37,104400.0,14.37,104400.0,6.96,2026-04-09,84,1890,12917.0,100.01,"4x 1BR, 1x 2BR"
Boston,2121,875000.0,2.0,437500.0,5281,165.69,,,,,2026-04-09,27,1905,9236.0,79.55,"1x 2BR, 1x 4BR"
Lynn,1902,975000.0,3.0,325000.0,3780,257.94,51600.0,18.9,51600.0,5.29,2026-04-09,46,1900,8110.0,97.5,3x 3BR
Quincy,2169,1035000.0,3.0,345000.0,2791,370.83,21600.0,47.92,21600.0,2.09,2026-04-09,62,1880,9978.0,92.0,"1x 2BR, 2x 3BR"
Newton,2459,1380000.0,2.0,690000.0,2330,592.27,69720.0,19.79,69720.0,5.05,2026-04-09,26,1939,10716.0,96.84,2x 2BR
Randolph,2368,780000.0,2.0,390000.0,2080,375.0,78000.0,10.0,78000.0,10.0,2026-04-09,57,1870,6469.0,97.51,"1x 2BR, 1x 3BR"
New Bedford,2746,180000.0,2.0,90000.0,1524,118.11,,,,,2026-04-09,180,1926,4445.0,72.03,2x 0BR
Cambridge,2140,1595000.0,2.0,797500.0,2410,661.83,99000.0,16.11,99000.0,6.21,2026-04-10,27,1910,7081.0,100.0,"1x 2BR, 1x 5BR"
Worcester,1606,740000.0,3.0,246666.67,3536,209.28,46200.0,16.02,46200.0,6.24,2026-04-10,28,1920,9051.0,101.37,3x 3BR
Watertown,2472,1025000.0,2.0,512500.0,2837,361.3,46200.0,22.19,46200.0,4.51,2026-04-10,75,1840,10354.0,85.49,2x 2BR
Worcester,1602,875000.0,3.0,291666.67,4185,209.08,66600.0,13.14,58750.0,6.71,2026-04-10,11,1905,10742.19,103.06,3x 2BR
Malden,2148,910000.0,2.0,455000.0,2551,356.72,61800.0,14.72,61800.0,6.79,2026-04-10,11,1900,8718.0,107.07,"1x 2BR, 1x 4BR"
Marlborough,1752,875000.0,3.0,291666.67,3675,238.1,68400.0,12.79,68400.0,7.82,2026-04-10,19,1900,7859.0,92.11,"2x 2BR, 1x 3BR"
Worcester,1604,705000.0,3.0,235000.0,3711,189.98,19200.0,36.72,19200.0,2.72,2026-04-10,64,1910,7808.0,96.59,3x 2BR
Fall River,2723,705000.0,3.0,235000.0,3726,189.21,,,,,2026-04-10,38,1916,6049.0,101.44,"1x 2BR, 2x 3BR"
Uxbridge,1569,650000.0,3.0,216666.67,2548,255.1,74400.0,8.74,74400.0,11.45,2026-04-10,29,1900,6432.0,100.02,"1x 1BR, 2x 3BR"
Monson,1057,360000.0,2.0,180000.0,4620,77.92,,,,,2026-04-10,130,1855,6068.0,100.0,"1x 1BR, 1x 9BR"
Foxboro,2035,1715000.0,5.0,343000.0,4284,400.33,,,,,2026-04-10,51,1970,10924.0,96.62,5x 2BR
New Bedford,2740,585000.0,4.0,146250.0,2388,244.97,,,,,2026-04-10,51,1881,4540.0,99.15,"3x 1BR, 1x 3BR"
Chicopee,1020,465000.0,3.0,155000.0,2687,173.06,,,,,2026-04-10,17,1920,4595.0,103.36,"1x 1BR, 2x 2BR"
Waltham,2453,1559750.0,4.0,389937.5,3392,459.83,55200.0,28.26,55200.0,3.54,2026-04-10,22,1900,11955.0,97.79,4x 2BR
Fitchburg,1420,280000.0,2.0,140000.0,1835,152.59,28800.0,9.72,28800.0,10.29,2026-04-10,27,1900,3795.0,84.87,"1x 2BR, 1x 3BR"
Amherst,1002,800000.0,4.0,200000.0,2680,298.51,90000.0,8.89,80000.0,10.0,2026-04-10,18,1900,8370.0,100.0,"1x 1BR, 3x 2BR"
Southbridge,1550,445000.0,2.0,222500.0,2200,202.27,10800.0,41.2,10800.0,2.43,2026-04-10,4,1940,5370.0,104.71,2x 2BR
Norwood,2062,830000.0,2.0,415000.0,2152,385.69,,,,,2026-04-10,7,1924,6698.0,100.01,2x 2BR
Halifax,2338,705000.0,2.0,352500.0,2972,237.21,,,,,2026-04-10,146,1870,9368.0,108.48,"1x 1BR, 1x 3BR"
Franklin,2038,645000.0,2.0,322500.0,2128,303.1,45915.0,14.05,23400.0,3.63,2026-04-10,5,1900,6412.0,100.8,2x 2BR
Everett,2149,1042000.0,2.0,521000.0,3454,301.68,70200.0,14.84,60360.0,5.79,2026-04-10,45,1900,11314.0,98.39,2x 3BR
Gardner,1440,550000.0,4.0,137500.0,3598,152.86,,,,,2026-04-10,18,1900,5491.0,100.92,"1x 1BR, 3x 2BR"
Methuen,1844,926000.0,2.0,463000.0,3184,290.83,38400.0,24.11,38400.0,4.15,2026-04-13,55,1900,8042.0,92.69,2x 3BR
Newton,2458,900000.0,2.0,450000.0,1566,574.71,18000.0,50.0,18000.0,2.0,2026-04-13,86,1950,7890.12,90.09,"1x 1BR, 1x 2BR"
Brookline,2445,2125000.0,2.0,1062500.0,2540,836.61,,,,,2026-04-13,16,1910,21181.0,106.3,"1x 2BR, 1x 3BR"
Fall River,2720,710000.0,3.0,236666.67,3535,200.85,,,,,2026-04-13,154,1916,6088.0,97.39,"2x 2BR, 1x 3BR"
Springfield,1151,450000.0,2.0,225000.0,3030,148.51,,,,,2026-04-13,6,1987,4895.0,102.27,"2x 0BR, 2x 4BR"
Springfield,1107,308000.0,2.0,154000.0,1540,200.0,16800.0,18.33,16800.0,5.45,2026-04-13,21,1905,3431.0,103.01,2x 2BR
Leominster,1453,512070.0,4.0,128017.5,2524,202.88,35400.0,14.47,35400.0,6.91,2026-04-13,50,1850,5639.0,96.64,4x 1BR
Leominster,1453,608000.0,2.0,304000.0,2400,253.33,,,,,2026-04-13,19,1925,5956.0,107.44,2x 3BR
Quincy,2169,930000.0,3.0,310000.0,2645,351.61,65400.0,14.22,65400.0,7.03,2026-04-13,121,1900,9624.0,93.0,3x 2BR
Haverhill,1832,910000.0,3.0,303333.33,4446,204.68,63600.0,14.31,63600.0,6.99,2026-04-13,9,1910,8436.0,101.22,"1x 3BR, 2x 4BR"
Springfield,1108,325000.0,2.0,162500.0,2468,131.69,27600.0,11.78,27600.0,8.49,2026-04-13,187,1922,4399.8,98.48,"1x 0BR, 1x 2BR"
Springfield,1109,455000.0,2.0,227500.0,2661,170.99,,,,,2026-04-13,15,1923,3437.0,100.0,"1x 3BR, 1x 5BR"
Southbridge,1550,411897.0,2.0,205948.5,2489,165.49,17400.0,23.67,17400.0,4.22,2026-04-13,18,1975,5032.82,103.0,"1x 1BR, 1x 2BR"
Springfield,1109,390000.0,2.0,195000.0,2128,183.27,,,,,2026-04-13,79,1921,3964.0,97.52,2x 3BR
Somerville,2143,1025000.0,3.0,341666.67,5461,187.69,,,,,2026-04-14,15,2026,8195.0,103.02,"2x 2BR, 1x 4BR"
Fitchburg,1420,375000.0,2.0,187500.0,1991,188.35,,,,,2026-04-14,51,1870,3821.0,98.68,"1x 1BR, 1x 4BR"
Boston,2135,1570000.0,2.0,785000.0,3864,406.31,115200.0,13.63,115200.0,7.34,2026-04-14,28,1900,14870.0,104.74,2x 4BR
Gloucester,1930,935000.0,2.0,467500.0,2389,391.38,,,,,2026-04-14,43,1900,0.0,91.22,"1x 2BR, 1x 4BR"
Milton,2186,1335000.0,2.0,667500.0,3443,387.74,,,,,2026-04-14,78,1919,10552.0,100.75,"1x 3BR, 1x 4BR"
Cambridge,2139,2950000.0,3.0,983333.33,3336,884.29,,,,,2026-04-14,58,1858,13313.0,98.83,"1x 1BR, 1x 2BR, 1x 4BR"
Boston,2120,2200000.0,3.0,733333.33,3866,569.06,168000.0,13.1,131094.0,5.96,2026-04-14,106,1905,24596.0,95.86,"2x 3BR, 1x 6BR"
Hudson,1749,616000.0,2.0,308000.0,1944,316.87,,,,,2026-04-14,6,1910,7349.0,102.67,2x 2BR
Northbridge,1588,460000.0,2.0,230000.0,1888,243.64,34800.0,13.22,34800.0,7.57,2026-04-14,22,1882,4628.0,104.78,"1x 1BR, 1x 4BR"
Somerville,2143,1500000.0,2.0,750000.0,2993,501.17,,,,,2026-04-15,147,1900,12639.0,98.69,"1x 2BR, 1x 4BR"
Boston,2114,4025000.0,9.0,447222.22,4920,818.09,248000.0,16.23,184476.0,4.58,2026-04-15,23,1899,32999.0,94.71,"4x 1BR, 1x 2BR"
Southbridge,1550,830000.0,6.0,138333.33,5280,157.2,111600.0,7.44,88530.0,10.67,2026-04-15,16,1900,7236.0,97.66,"3x 2BR, 2x 3BR"
Somerville,2145,1200000.0,3.0,400000.0,2658,451.47,110400.0,10.87,110400.0,9.2,2026-04-15,61,1900,14478.0,100.01,"1x 1BR, 2x 3BR"
Somerville,2144,1200000.0,3.0,400000.0,2192,547.45,94200.0,12.74,85088.0,7.09,2026-04-15,13,1900,11274.0,100.08,"1x 1BR, 2x 2BR"
Cambridge,2138,4200000.0,3.0,1400000.0,5295,793.2,28800.0,145.83,28800.0,0.69,2026-04-15,18,1873,17616.0,116.83,"1x 2BR, 2x 3BR"
Westfield,1085,180000.0,2.0,90000.0,2141,84.07,22800.0,7.89,22800.0,12.67,2026-04-15,71,1860,4158.0,72.03,2x 2BR
Cambridge,2138,4150000.0,3.0,1383333.33,2877,1442.47,49200.0,84.35,49200.0,1.19,2026-04-15,14,1880,16436.0,118.57,"2x 1BR, 1x 2BR"
Lawrence,1843,875000.0,3.0,291666.67,3228,271.07,,,,,2026-04-15,133,1900,5057.0,100.0,"1x 1BR, 2x 3BR"
Medford,2155,1325000.0,2.0,662500.0,3783,350.25,,,,,2026-04-15,23,1921,11041.0,110.42,"1x 2BR, 1x 3BR"
Haverhill,1830,815000.0,2.0,407500.0,2652,307.32,62400.0,13.06,62400.0,7.66,2026-04-15,19,1850,7073.0,108.81,2x 3BR
Boston,2128,865000.0,3.0,288333.33,2205,392.29,78600.0,11.01,78600.0,9.09,2026-04-15,101,1918,10830.0,96.22,"1x 1BR, 2x 2BR"
Everett,2149,1680000.0,2.0,840000.0,3960,424.24,33600.0,50.0,33600.0,2.0,2026-04-15,34,1940,28740.4,90.81,2x 3BR
Somerville,2143,1800000.0,3.0,600000.0,3816,471.7,99600.0,18.07,99600.0,5.53,2026-04-15,7,1900,18009.0,92.31,3x 4BR
New Bedford,2744,665000.0,3.0,221666.67,3042,218.61,,,,,2026-04-15,23,1892,4985.0,103.92,3x 3BR
Winthrop,2152,1175000.0,3.0,391666.67,4062,289.27,73800.0,15.92,73800.0,6.28,2026-04-15,47,1900,9583.0,94.0,"1x 1BR, 1x 2BR, 1x 3BR"
Winthrop,2152,1300000.0,4.0,325000.0,5124,253.71,88800.0,14.64,88800.0,6.83,2026-04-15,3,1920,13449.0,100.0,4x 2BR
Everett,2149,1250000.0,4.0,312500.0,4148,301.35,,,,,2026-04-15,16,1925,12445.0,100.0,"1x 1BR, 3x 2BR"
Winthrop,2152,990000.0,2.0,495000.0,2212,447.56,42000.0,23.57,37000.0,3.74,2026-04-16,27,1930,8544.0,100.0,"1x 2BR, 1x 4BR"
Boston,2131,1080000.0,2.0,540000.0,2262,477.45,86400.0,12.5,86400.0,8.0,2026-04-16,23,1923,0.0,100.47,"1x 2BR, 1x 3BR"
West Springfield,1089,410000.0,2.0,205000.0,2166,189.29,43800.0,9.36,43800.0,10.68,2026-04-16,88,1900,3912.0,93.2,"1x 2BR, 1x 3BR"
Fall River,2721,950000.0,5.0,190000.0,5647,168.23,37560.0,25.29,22330.0,2.35,2026-04-16,115,1900,9731.0,96.94,"1x 2BR, 4x 3BR"
Boston,2135,1315000.0,2.0,657500.0,2730,481.68,63600.0,20.68,63600.0,4.84,2026-04-16,6,1920,9982.9,101.15,"1x 2BR, 1x 3BR"
Milford,1757,720000.0,3.0,240000.0,2544,283.02,64800.0,11.11,78000.0,10.83,2026-04-16,19,1880,4593.0,110.77,"1x 1BR, 2x 3BR"
Winthrop,2152,1240000.0,4.0,310000.0,3688,336.23,102600.0,12.09,102600.0,8.27,2026-04-16,32,1912,8970.0,95.38,"2x 1BR, 1x 2BR, 1x 3BR"
Boston,2135,1455000.0,2.0,727500.0,3427,424.57,84000.0,17.32,84000.0,5.77,2026-04-16,24,1930,13897.0,97.32,2x 2BR
Springfield,1108,265000.0,2.0,132500.0,2341,113.2,25200.0,10.52,25200.0,9.51,2026-04-16,230,1899,4955.0,94.68,"1x 1BR, 1x 3BR"
Clinton,1510,390000.0,2.0,195000.0,1660,234.94,,,,,2026-04-16,9,1900,4836.0,105.43,2x 2BR
Easthampton,1027,440000.0,2.0,220000.0,3062,143.7,34200.0,12.87,34200.0,7.77,2026-04-16,19,1930,4470.0,91.86,2x 3BR
Orange,1364,505000.0,2.0,252500.0,2184,231.23,44400.0,11.37,44400.0,8.79,2026-04-16,17,1998,4619.0,101.2,2x 2BR
Framingham,1702,690000.0,2.0,345000.0,2351,293.49,75600.0,9.13,75600.0,10.96,2026-04-16,175,1867,7211.0,92.01,"1x 2BR, 1x 4BR"
Fitchburg,1420,550000.0,2.0,275000.0,2472,222.49,,,,,2026-04-16,17,1910,5273.0,112.27,2x 3BR
Easthampton,1027,340000.0,2.0,170000.0,2327,146.11,14400.0,23.61,14400.0,4.24,2026-04-16,0,1900,4436.0,104.62,"1x 2BR, 1x 3BR"
Haverhill,1835,760000.0,2.0,380000.0,3901,194.82,,,,,2026-04-16,40,1890,6405.56,95.12,"1x 2BR, 1x 5BR"
Fitchburg,1420,406000.0,2.0,203000.0,2502,162.27,,,,,2026-04-17,99,1935,5095.0,96.69,"1x 2BR, 1x 3BR"
Lowell,1852,1139000.0,4.0,284750.0,3024,376.65,107400.0,10.61,98219.0,8.62,2026-04-17,5,1983,10400.0,91.12,4x 2BR
Easthampton,1027,310000.0,2.0,155000.0,1256,246.82,26480.0,11.71,10874.0,3.51,2026-04-17,19,1915,3575.0,96.88,2x 1BR
North Attleboro,2760,655000.0,3.0,218333.33,2376,275.67,28800.0,22.74,28800.0,4.4,2026-04-17,19,1900,5394.0,89.74,"2x 2BR, 1x 3BR"
Springfield,1108,415000.0,2.0,207500.0,2440,170.08,20400.0,20.34,20400.0,4.92,2026-04-17,19,1923,4328.0,104.01,2x 3BR
Lawrence,1841,530000.0,2.0,265000.0,1460,363.01,40800.0,12.99,40800.0,7.7,2026-04-17,39,1900,4533.0,96.54,"1x 1BR, 1x 2BR"
Somerville,2145,2100000.0,6.0,350000.0,4661,450.55,179400.0,11.71,153000.0,7.29,2026-04-17,190,1900,17984.0,97.72,"3x 1BR, 2x 2BR"
Lowell,1852,655000.0,2.0,327500.0,2092,313.1,,,,,2026-04-17,12,1925,5389.0,109.35,2x 2BR
Springfield,1104,450000.0,2.0,225000.0,3748,120.06,,,,,2026-04-17,24,1928,5474.0,108.43,2x 3BR
Medford,2155,1400000.0,3.0,466666.67,3188,439.15,,,,,2026-04-17,13,1900,8425.0,107.78,"1x 1BR, 1x 2BR, 1x 3BR"
Springfield,1107,385000.0,2.0,192500.0,2179,176.69,,,,,2026-04-17,80,1908,5132.0,101.32,"1x 2BR, 1x 4BR"
North Attleboro,2760,722000.0,3.0,240666.67,2808,257.12,28800.0,25.07,28800.0,3.99,2026-04-17,23,1900,5692.0,99.59,3x 2BR
Brockton,2302,730000.0,3.0,243333.33,2642,276.31,,,,,2026-04-17,36,1889,7684.0,98.66,3x 2BR
Salem,1970,650000.0,2.0,325000.0,2088,311.3,,,,,2026-04-17,20,1900,6889.0,86.68,"1x 2BR, 1x 4BR"
Chelmsford,1863,875000.0,2.0,437500.0,3843,227.69,61200.0,14.3,49200.0,5.62,2026-04-17,81,1900,8478.0,89.74,2x 3BR
Chicopee,1020,376000.0,2.0,188000.0,2134,176.19,,,,,2026-04-17,33,1880,4075.0,101.62,"1x 2BR, 1x 3BR"
Fall River,2723,580000.0,3.0,193333.33,3210,180.69,62400.0,9.29,62400.0,10.76,2026-04-17,53,1900,4587.0,97.48,3x 3BR
Hadley,1035,900000.0,2.0,450000.0,4348,206.99,,,,,2026-04-17,221,1968,10479.0,96.88,"1x 1BR, 1x 3BR"
Taunton,2780,290000.0,2.0,145000.0,1966,147.51,37200.0,7.8,37200.0,12.83,2026-04-17,1,1900,4792.0,96.7,2x 2BR
Boston,2119,940000.0,2.0,470000.0,2834,331.69,,,,,2026-04-17,33,1890,7967.0,103.3,"1x 2BR, 1x 3BR"
New Bedford,2740,440000.0,2.0,220000.0,2039,215.79,,,,,2026-04-17,64,1889,3640.0,97.78,"1x 2BR, 1x 3BR"
New Bedford,2740,675000.0,6.0,112500.0,4056,166.42,27300.0,24.73,27300.0,4.04,2026-04-17,35,1900,5874.0,98.54,5x 2BR
Chicopee,1013,450000.0,2.0,225000.0,2188,205.67,,,,,2026-04-17,7,1880,4174.0,105.88,2x 3BR
Worcester,1604,475000.0,2.0,237500.0,1722,275.84,,,,,2026-04-17,94,1900,4299.0,97.94,2x 2BR
Amesbury,1913,900000.0,2.0,450000.0,3000,300.0,65700.0,13.7,65700.0,7.3,2026-04-17,17,1820,11362.0,112.51,2x 3BR
Norton,2766,675000.0,2.0,337500.0,2090,322.97,68400.0,9.87,68400.0,10.13,2026-04-17,17,1900,6156.0,100.0,"1x 2BR, 1x 3BR"
New Bedford,2740,870000.0,4.0,217500.0,4839,179.79,94500.0,9.21,88310.0,10.15,2026-04-17,38,1846,8948.0,98.98,"3x 1BR, 1x 2BR"
Springfield,1107,467000.0,2.0,233500.0,3378,138.25,23400.0,19.96,23400.0,5.01,2026-04-17,78,1905,5284.0,101.54,"1x 3BR, 1x 6BR"
Malden,2148,1160000.0,2.0,580000.0,2570,451.36,,,,,2026-04-17,51,1925,6349.0,96.67,2x 2BR
Ludlow,1056,335000.0,2.0,167500.0,1736,192.97,14400.0,23.26,11550.0,3.45,2026-04-17,35,1900,4544.0,95.71,2x 2BR
Brockton,2301,800000.0,2.0,400000.0,3800,210.53,24000.0,33.33,24000.0,3.0,2026-04-20,0,1908,7559.0,100.0,"1x 1BR, 2x 4BR"
Worcester,1602,625000.0,2.0,312500.0,2010,310.95,56400.0,11.08,56400.0,9.02,2026-04-21,7,1945,6486.0,96.15,"1x 2BR, 1x 3BR"
Eastham,2642,900000.0,2.0,450000.0,1782,505.05,64800.0,13.89,64800.0,7.2,2026-04-21,181,1972,5706.0,94.74,2x 2BR
Belmont,2478,1320000.0,2.0,660000.0,2856,462.18,,,,,2026-04-21,22,1938,16538.0,102.41,"1x 2BR, 1x 3BR"
Marlborough,1752,795000.0,2.0,397500.0,2738,290.36,,,,,2026-04-21,7,1890,5177.0,101.27,"1x 3BR, 1x 4BR"
Holyoke,1040,412000.0,2.0,206000.0,2799,147.2,19800.0,20.81,19800.0,4.81,2026-04-21,48,1900,6294.0,103.0,"1x 2BR, 1x 5BR"
Lowell,1852,1000000.0,4.0,250000.0,3884,257.47,92640.0,10.79,82734.0,8.27,2026-04-21,4,1900,7971.0,105.27,4x 3BR
Chicopee,1013,400000.0,2.0,200000.0,1892,211.42,,,,,2026-04-21,13,1910,2997.0,103.9,2x 2BR
Boston,2127,3200000.0,3.0,1066666.67,3846,832.03,270000.0,11.85,230663.0,7.21,2026-04-21,55,1905,21637.0,94.15,3x 5BR
Northfield,1360,358000.0,2.0,179000.0,2292,156.2,10800.0,33.15,10800.0,3.02,2026-04-21,126,1850,3863.0,98.08,"1x 1BR, 1x 3BR"
Worcester,1604,780000.0,2.0,390000.0,2940,265.31,68400.0,11.4,68400.0,8.77,2026-04-21,6,1988,7909.57,104.01,"1x 2BR, 1x 3BR"
Malden,2148,1055000.0,2.0,527500.0,2244,470.14,20400.0,51.72,20400.0,1.93,2026-04-21,9,1870,9485.0,95.91,"1x 1BR, 1x 3BR"
Belmont,2478,1360000.0,2.0,680000.0,2922,465.43,31200.0,43.59,31200.0,2.29,2026-04-21,12,1923,13429.0,98.91,"1x 2BR, 1x 4BR"
Methuen,1844,830000.0,2.0,415000.0,2508,330.94,18000.0,46.11,18000.0,2.17,2026-04-21,21,1900,7362.0,114.48,2x 2BR
Norwood,2062,749000.0,2.0,374500.0,2462,304.22,40800.0,18.36,40800.0,5.45,2026-04-21,46,1911,7035.0,100.0,2x 3BR
Lowell,1852,857000.0,3.0,285666.67,3485,245.91,79236.0,10.82,73369.0,8.56,2026-04-21,5,1930,7141.0,100.84,"1x 2BR, 2x 3BR"
Framingham,1702,1500000.0,8.0,187500.0,9606,156.15,133045.0,11.27,85200.0,5.68,2026-04-21,102,1900,15885.0,89.55,"2x 1BR, 2x 2BR"
Somerville,2145,1100000.0,2.0,550000.0,2476,444.26,60000.0,18.33,60000.0,5.45,2026-04-21,14,1900,10012.0,110.55,"1x 2BR, 1x 4BR"
Southbridge,1550,550000.0,2.0,275000.0,2148,256.05,,,,,2026-04-22,149,2025,0.0,96.66,"1x 2BR, 1x 3BR"
New Bedford,2740,695000.0,3.0,231666.67,3022,229.98,,,,,2026-04-22,14,1872,6146.0,102.24,3x 3BR
Boston,2122,1245000.0,2.0,622500.0,3725,334.23,75600.0,16.47,75600.0,6.07,2026-04-22,3,1905,11914.0,103.84,2x 3BR
Waltham,2453,1211000.0,2.0,605500.0,2665,454.41,,,,,2026-04-22,6,1920,10923.0,112.23,"1x 2BR, 1x 3BR"
Springfield,1105,358875.0,2.0,179437.5,2462,145.77,22800.0,15.74,22800.0,6.35,2026-04-22,44,1905,5486.0,95.7,2x 4BR
Brockton,2301,825000.0,3.0,275000.0,3068,268.9,54000.0,15.28,54000.0,6.55,2026-04-22,179,1895,7852.0,98.8,"1x 2BR, 2x 3BR"
Southbridge,1550,432000.0,3.0,144000.0,2922,147.84,,,,,2026-04-22,78,1925,5027.0,99.31,"1x 2BR, 2x 3BR"
Newbury,1951,1135000.0,2.0,567500.0,4080,278.19,,,,,2026-04-22,104,2026,5735.0,87.64,2x 3BR
Chelsea,2150,760000.0,2.0,380000.0,1652,460.05,,,,,2026-04-22,87,1920,6454.0,97.45,"1x 2BR, 1x 3BR"
Boston,2135,1370000.0,2.0,685000.0,4342,315.52,91200.0,15.02,91200.0,6.66,2026-04-22,29,1890,16717.0,88.39,2x 3BR
Springfield,1151,394500.0,2.0,197250.0,1310,301.15,43200.0,9.13,43200.0,10.95,2026-04-23,24,1915,3012.0,103.96,2x 2BR
Boston,2122,1100000.0,2.0,550000.0,3760,292.55,,,,,2026-04-23,8,1900,8524.0,110.11,"1x 2BR, 1x 3BR"
Quincy,2169,1280000.0,3.0,426666.67,3180,402.52,74100.0,17.27,46455.0,3.63,2026-04-23,22,1917,11621.0,106.67,"2x 1BR, 1x 4BR"
Rochester,2770,440000.0,2.0,220000.0,2695,163.27,,,,,2026-04-23,185,1770,5387.0,84.63,"1x 1BR, 1x 3BR"
Lowell,1852,629900.0,2.0,314950.0,2250,279.96,50520.0,12.47,50520.0,8.02,2026-04-23,31,1920,6122.0,100.0,2x 3BR
Lynn,1902,1075000.0,3.0,358333.33,3054,352.0,94200.0,11.41,94200.0,8.76,2026-04-23,142,1910,7823.0,93.48,3x 3BR
Charlton,1507,676000.0,4.0,169000.0,2700,250.37,76800.0,8.8,76800.0,11.36,2026-04-23,10,1880,5921.0,112.69,"1x 1BR, 3x 2BR"
Lawrence,1841,1115000.0,3.0,371666.67,5079,219.53,,,,,2026-04-23,23,1910,7238.0,123.9,"2x 3BR, 1x 5BR"
Oxford,1540,930000.0,6.0,155000.0,3972,234.14,114480.0,8.12,76463.0,8.22,2026-04-23,13,1833,7704.0,100.54,"2x 1BR, 3x 2BR"
Medford,2155,860000.0,2.0,430000.0,2583,332.95,20400.0,42.16,20400.0,2.37,2026-04-23,8,1900,8651.0,107.51,"2x 2BR, 1x 3BR"
Brockton,2301,742000.0,2.0,371000.0,2214,335.14,24000.0,30.92,24000.0,3.23,2026-04-24,72,1900,8466.0,96.49,"1x 2BR, 1x 3BR"
Somerville,2145,1000000.0,2.0,500000.0,2992,334.22,,,,,2026-04-24,234,1905,9875.0,83.33,2x 2BR
Arlington,2474,1250000.0,2.0,625000.0,2142,583.57,,,,,2026-04-24,19,1930,12048.0,105.49,"1x 2BR, 1x 3BR"
Millbury,1527,740000.0,2.0,370000.0,4134,179.0,,,,,2026-04-24,94,1930,7925.0,96.1,"1x 3BR, 1x 4BR"
Marlborough,1752,571000.0,2.0,285500.0,2773,205.91,,,,,2026-04-24,5,1915,5218.0,103.82,"1x 2BR, 1x 4BR"
Malden,2148,1080000.0,3.0,360000.0,4276,252.57,146400.0,7.38,126100.0,11.68,2026-04-24,11,1900,6576.0,102.63,3x 3BR
Fall River,2721,765000.0,4.0,191250.0,2741,279.1,85200.0,8.98,78465.0,10.26,2026-04-24,27,1900,4289.0,102.0,"2x 1BR, 2x 3BR"
Springfield,1105,360000.0,2.0,180000.0,2003,179.73,32900.0,10.94,51600.0,14.33,2026-04-24,4,1930,4778.0,100.0,"1x 2BR, 1x 4BR"
Revere,2151,1050000.0,2.0,525000.0,2653,395.78,,,,,2026-04-24,90,1964,7838.0,100.0,"1x 2BR, 1x 4BR"
Leominster,1453,770000.0,4.0,192500.0,3474,221.65,,,,,2026-04-24,15,1900,8264.0,102.68,"1x 1BR, 3x 2BR"
Boston,2124,1245000.0,2.0,622500.0,5835,213.37,42000.0,29.64,42000.0,3.37,2026-04-24,24,1916,11162.0,99.6,"1x 3BR, 1x 4BR"
Springfield,1108,420000.0,2.0,210000.0,2419,173.63,,,,,2026-04-24,32,1904,4492.0,97.7,"1x 3BR, 1x 4BR"
Revere,2151,990000.0,2.0,495000.0,2927,338.23,,,,,2026-04-24,11,1958,7822.0,101.02,"1x 2BR, 1x 3BR"
Marlborough,1752,1050000.0,4.0,262500.0,3186,329.57,,,,,2026-04-24,30,1900,6369.0,91.3,"2x 1BR, 2x 2BR"
Lynn,1902,840000.0,2.0,420000.0,2464,340.91,67200.0,12.5,67200.0,8.0,2026-04-24,8,1920,7935.0,105.0,"1x 3BR, 1x 4BR"
Springfield,1107,500000.0,3.0,166666.67,2896,172.65,19200.0,26.04,19200.0,3.84,2026-04-24,165,1915,4765.0,103.11,"2x 2BR, 1x 3BR"
Watertown,2472,1300000.0,2.0,650000.0,2732,475.84,,,,,2026-04-24,12,1908,14109.0,100.08,"1x 2BR, 1x 3BR"
Fitchburg,1420,695000.0,4.0,173750.0,3990,174.19,77700.0,8.94,77700.0,11.18,2026-04-24,16,1905,7687.0,101.46,"1x 1BR, 3x 3BR"
Athol,1331,320000.0,2.0,160000.0,2868,111.58,20400.0,15.69,20400.0,6.38,2026-04-24,148,1920,3447.0,86.72,2x 3BR
Fall River,2720,501000.0,3.0,167000.0,3177,157.7,,,,,2026-04-24,6,1911,5475.63,125.56,3x 2BR
West Springfield,1089,500000.0,2.0,250000.0,2556,195.62,42000.0,11.9,42000.0,8.4,2026-04-24,12,1900,4699.0,100.0,2x 3BR
New Bedford,2740,590000.0,3.0,196666.67,3464,170.32,31200.0,18.91,31200.0,5.29,2026-04-24,14,1910,6142.62,100.0,3x 3BR
Malden,2148,1170000.0,3.0,390000.0,2770,422.38,60036.0,19.49,60036.0,5.13,2026-04-24,21,1900,10804.0,103.63,"1x 1BR, 2x 2BR"
Springfield,1109,458000.0,3.0,152666.67,3484,131.46,76080.0,6.02,76080.0,16.61,2026-04-24,57,1912,5198.0,101.8,"1x 2BR, 2x 3BR"
Boston,2215,10100000.0,22.0,459090.91,12420,813.2,67200.0,150.3,67200.0,0.67,2026-04-24,41,1900,58777.76,89.78,"1x 0BR, 1x 1BR"
Worcester,1604,720000.0,2.0,360000.0,3440,209.3,72000.0,10.0,72000.0,10.0,2026-04-24,1,2006,9286.0,92.9,2x 3BR
Hingham,2043,1349000.0,2.0,674500.0,3073,438.98,69600.0,19.38,52786.0,3.91,2026-04-24,13,1850,9398.0,103.85,"1x 2BR, 1x 3BR"
Somerville,2143,1900000.0,4.0,475000.0,3998,475.24,141120.0,13.46,113199.0,5.96,2026-04-24,9,1920,17121.0,102.7,4x 3BR
Brockton,2302,625000.0,2.0,312500.0,1735,360.23,,,,,2026-04-26,8,1925,6927.0,104.34,"1x 2BR, 1x 3BR"
Gardner,1440,302500.0,2.0,151250.0,2196,137.75,,,,,2026-04-27,3,1930,4068.0,100.87,"1x 2BR, 1x 3BR"
West Springfield,1089,460000.0,4.0,115000.0,3008,152.93,18300.0,25.14,18300.0,3.98,2026-04-27,107,1910,3744.0,96.84,4x 2BR
Boston,2124,940000.0,2.0,470000.0,2900,324.14,28800.0,32.64,28800.0,3.06,2026-04-27,24,1900,7395.0,104.56,"1x 2BR, 1x 5BR"
New Bedford,2745,590000.0,2.0,295000.0,2993,197.13,19200.0,30.73,19200.0,3.25,2026-04-27,78,1923,5269.0,96.72,"1x 2BR, 1x 3BR"
Leominster,1453,600000.0,2.0,300000.0,2574,233.1,45600.0,13.16,45600.0,7.6,2026-04-27,21,1930,6194.0,104.37,2x 2BR
Worcester,1605,2010000.0,12.0,167500.0,8228,244.29,218400.0,9.2,146788.0,7.3,2026-04-27,0,1905,21456.0,95.71,"1x 1BR, 1x 3BR"
Webster,1570,390000.0,2.0,195000.0,1260,309.52,,,,,2026-04-27,25,1900,2226.0,97.52,2x 2BR
Somerville,2144,1090000.0,2.0,545000.0,3000,363.33,,,,,2026-04-27,29,1920,9792.0,90.83,"1x 2BR, 1x 4BR"
Boston,2129,1190000.0,3.0,396666.67,2775,428.83,88800.0,13.4,67559.0,5.68,2026-04-27,33,1879,12937.0,79.6,"1x 0BR, 1x 2BR, 1x 4BR"
Lawrence,1843,1600000.0,6.0,266666.67,7841,204.06,182400.0,8.77,145453.0,9.09,2026-04-27,17,1900,7868.0,92.75,"2x 3BR, 3x 4BR"
Springfield,1108,493000.0,3.0,164333.33,3511,140.42,14400.0,34.24,14400.0,2.92,2026-04-27,47,1905,4985.0,99.0,"2x 2BR, 1x 3BR"
Lawrence,1843,645000.0,2.0,322500.0,1800,358.33,56400.0,11.44,12520.0,1.94,2026-04-27,19,1880,4266.0,99.23,"1x 1BR, 1x 3BR"
Revere,2151,780000.0,4.0,195000.0,2214,352.3,21600.0,36.11,21600.0,2.77,2026-04-27,23,1962,5661.0,111.43,"1x 1BR, 1x 2BR"
Fitchburg,1420,699500.0,3.0,233166.67,4253,164.47,48000.0,14.57,48000.0,6.86,2026-04-27,20,1900,7050.0,100.0,"2x 3BR, 1x 4BR"
Gardner,1440,394900.0,2.0,197450.0,1904,207.41,,,,,2026-04-27,3,1925,4141.0,100.0,2x 2BR
Worcester,1606,630000.0,2.0,315000.0,1728,364.58,19800.0,31.82,19800.0,3.14,2026-04-27,17,1942,4887.0,104.13,2x 2BR
Belmont,2478,1337000.0,2.0,668500.0,2522,530.13,,,,,2026-04-27,7,1923,15492.46,111.6,2x 2BR
Revere,2151,1020000.0,2.0,510000.0,3576,285.23,39600.0,25.76,39600.0,3.88,2026-04-27,13,1900,7922.0,107.37,"1x 3BR, 1x 5BR"
Lawrence,1843,820000.0,2.0,410000.0,2848,287.92,,,,,2026-04-28,14,1900,5880.0,105.26,2x 3BR
Winchendon,1475,465000.0,4.0,116250.0,3891,119.51,38400.0,12.11,25032.0,5.38,2026-04-28,79,1900,3168.0,97.89,"1x 2BR, 2x 3BR"
Boston,2132,1238000.0,2.0,619000.0,3384,365.84,,,,,2026-04-28,37,1910,11608.0,95.6,"1x 3BR, 1x 4BR"
Somerville,2145,800000.0,2.0,400000.0,1796,445.43,,,,,2026-04-28,16,1900,7747.0,102.58,2x 2BR
Springfield,1108,370000.0,2.0,185000.0,3295,112.29,,,,,2026-04-28,5,1912,4837.0,100.03,"1x 3BR, 1x 5BR"
Springfield,1104,415000.0,3.0,138333.33,2772,149.71,17400.0,23.85,17400.0,4.19,2026-04-28,232,1924,5370.0,97.67,"1x 2BR, 2x 3BR"
Medford,2155,1515000.0,3.0,505000.0,4086,370.78,,,,,2026-04-28,18,1910,10786.64,101.0,"1x 2BR, 2x 3BR"
Brockton,2301,670000.0,2.0,335000.0,2256,296.99,,,,,2026-04-28,62,1925,6823.0,99.11,2x 3BR
Northborough,1532,825000.0,2.0,412500.0,2645,311.91,21600.0,38.19,21600.0,2.62,2026-04-28,4,1975,8994.26,110.01,"1x 2BR, 1x 3BR"
New Bedford,2740,630000.0,3.0,210000.0,3348,188.17,,,,,2026-04-29,36,1909,6183.0,103.3,3x 3BR
Beverly,1915,767500.0,2.0,383750.0,2176,352.71,50400.0,15.23,50400.0,6.57,2026-04-29,23,1985,7203.0,95.94,2x 2BR
Gloucester,1930,600000.0,2.0,300000.0,1750,342.86,37200.0,16.13,37200.0,6.2,2026-04-29,33,1900,4905.44,92.31,2x 2BR
Quincy,2171,1454000.0,4.0,363500.0,3778,384.86,95400.0,15.24,90600.0,6.23,2026-04-29,28,1900,12527.0,107.7,"1x 0BR, 2x 1BR, 1x 2BR"
Lawrence,1843,785000.0,2.0,392500.0,2074,378.5,56400.0,13.92,56400.0,7.18,2026-04-29,16,1970,5527.28,98.25,2x 2BR
Fall River,2723,795000.0,3.0,265000.0,3437,231.31,30000.0,26.5,30000.0,3.77,2026-04-29,18,1900,6509.0,100.76,"2x 3BR, 1x 4BR"
Randolph,2368,820000.0,2.0,410000.0,1588,516.37,,,,,2026-04-29,17,1957,7912.43,102.63,"1x 1BR, 1x 2BR"
West Springfield,1089,435000.0,2.0,217500.0,2541,171.19,45600.0,9.54,45600.0,10.48,2026-04-29,12,1900,4007.0,102.35,2x 2BR
Lowell,1851,618000.0,2.0,309000.0,1940,318.56,,,,,2026-04-29,18,1930,6590.0,112.38,"1x 1BR, 1x 2BR"
Fitchburg,1420,520000.0,2.0,260000.0,2756,188.68,47400.0,10.97,47400.0,9.12,2026-04-29,43,1920,5712.0,100.0,"1x 2BR, 1x 4BR"
Fitchburg,1420,594000.0,3.0,198000.0,2348,252.98,,,,,2026-04-29,21,1900,6024.45,102.59,"2x 1BR, 1x 3BR"
Fitchburg,1420,610000.0,3.0,203333.33,3716,164.16,,,,,2026-04-29,7,1910,7221.0,100.0,3x 2BR
Lowell,1854,725000.0,2.0,362500.0,2920,248.29,39516.0,18.35,39516.0,5.45,2026-04-29,7,1900,8262.0,103.59,2x 3BR
Lunenburg,1462,700000.0,2.0,350000.0,3450,202.9,,,,,2026-04-29,11,1972,8461.0,100.01,2x 3BR
Attleboro,2703,700000.0,3.0,233333.33,2246,311.67,63600.0,11.01,63600.0,9.09,2026-04-29,3,1900,6250.98,96.55,3x 2BR
Brockton,2301,789000.0,2.0,394500.0,2643,298.52,22200.0,35.54,22200.0,2.81,2026-04-29,26,1900,7723.0,100.0,"1x 2BR, 1x 3BR"
Acushnet,2743,585000.0,2.0,292500.0,2488,235.13,,,,,2026-04-29,26,1940,4412.0,101.04,2x 2BR
New Bedford,2740,710000.0,2.0,355000.0,3091,229.7,,,,,2026-04-29,38,1896,5389.0,102.16,"1x 3BR, 1x 5BR"
Montague,1351,616000.0,4.0,154000.0,3159,195.0,48000.0,12.83,48000.0,7.79,2026-04-29,42,1979,9024.0,91.27,4x 2BR
Springfield,1107,539000.0,3.0,179666.67,4320,124.77,33000.0,16.33,33000.0,6.12,2026-04-30,108,1989,4886.0,100.0,3x 3BR
Brookline,2445,999999.0,3.0,333333.0,3898,256.54,,,,,2026-04-30,1,1890,9921.0,100.0,3x 3BR
Taunton,2780,800000.0,3.0,266666.67,2640,303.03,55200.0,14.49,55200.0,6.9,2026-04-30,34,1900,6471.0,100.01,"1x 2BR, 2x 3BR"
Fall River,2723,410000.0,2.0,205000.0,1163,352.54,,,,,2026-04-30,24,1900,3219.0,102.5,2x 2BR
Boston,2125,1300000.0,3.0,433333.33,3399,382.47,,,,,2026-04-30,14,1905,10225.0,104.0,3x 3BR
Springfield,1109,344900.0,2.0,172450.0,3320,103.89,42840.0,8.05,42840.0,12.42,2026-04-30,12,1923,4272.0,98.57,"1x 3BR, 1x 5BR"
Fitchburg,1420,505000.0,2.0,252500.0,2201,229.44,37440.0,13.49,37440.0,7.41,2026-04-30,18,1890,4877.0,108.6,"1x 2BR, 1x 3BR"
Waltham,2453,900000.0,3.0,300000.0,3500,257.14,,,,,2026-04-30,59,1870,9.82,94.84,"2x 0BR, 1x 2BR"
Arlington,2474,1549000.0,2.0,774500.0,3773,410.55,43200.0,35.86,43200.0,2.79,2026-04-30,19,1928,14802.0,100.0,"1x 3BR, 1x 4BR"
Webster,1570,560000.0,2.0,280000.0,2592,216.05,53400.0,10.49,48436.0,8.65,2026-04-30,35,1910,4689.0,95.73,2x 3BR
Fall River,2721,348900.0,2.0,174450.0,1756,198.69,25800.0,13.52,25800.0,7.39,2026-04-30,137,1921,3785.0,94.32,2x 2BR
Fall River,2720,680000.0,2.0,340000.0,4024,168.99,,,,,2026-04-30,22,1900,7457.0,104.65,2x 4BR
New Bedford,2740,545000.0,2.0,272500.0,3420,159.36,,,,,2026-04-30,22,1922,6317.0,109.0,2x 3BR
Worcester,1610,650000.0,3.0,216666.67,5258,123.62,,,,,2026-04-30,46,1800,9093.0,96.3,"2x 1BR, 1x 2BR, 2x 3BR"
North Attleboro,2760,660000.0,2.0,330000.0,2556,258.22,44462.0,14.84,13742.0,2.08,2026-04-30,20,1890,6082.0,105.6,2x 2BR
Cambridge,2138,1830000.0,2.0,915000.0,2601,703.58,39570.0,46.25,,,2026-04-30,28,1888,8395.12,98.92,"1x 2BR, 1x 4BR"
Winthrop,2152,844000.0,2.0,422000.0,2212,381.56,43800.0,19.27,43800.0,5.19,2026-04-30,36,1890,6719.0,101.69,"1x 2BR, 1x 3BR"
Attleboro,2703,750000.0,4.0,187500.0,3711,202.1,32400.0,23.15,32400.0,4.32,2026-04-30,21,1912,7777.0,104.31,"2x 1BR, 2x 3BR"
Lynn,1905,960000.0,3.0,320000.0,3047,315.06,,,,,2026-04-30,17,1900,8001.0,109.71,3x 2BR
Stoughton,2072,600000.0,2.0,300000.0,1772,338.6,35400.0,16.95,35400.0,5.9,2026-04-30,28,1949,5725.0,100.02,2x 2BR
Pembroke,2359,780000.0,2.0,390000.0,2686,290.39,,,,,2026-04-30,12,1965,7824.0,100.01,"1x 2BR, 1x 3BR"
Fall River,2723,585000.0,3.0,195000.0,3499,167.19,50400.0,11.61,50400.0,8.62,2026-04-30,61,1900,4217.0,97.52,"2x 2BR, 1x 4BR"
Foxboro,2035,843000.0,4.0,210750.0,2939,286.83,,,,,2026-04-30,36,1930,10285.0,96.34,"2x 1BR, 2x 2BR"
Fall River,2723,730000.0,3.0,243333.33,3894,187.47,,,,,2026-04-30,14,1900,5376.0,104.3,"2x 2BR, 1x 3BR"
Northbridge,1588,380000.0,3.0,126666.67,3060,124.18,13200.0,28.79,13200.0,3.47,2026-04-30,4,1926,4967.0,101.36,3x 2BR
Boston,2136,830000.0,2.0,415000.0,2370,350.21,80088.0,10.36,80088.0,9.65,2026-04-30,72,1915,6920.0,97.65,2x 3BR
Taunton,2780,775000.0,3.0,258333.33,2352,329.51,24000.0,32.29,24000.0,3.1,2026-04-30,4,1900,5156.0,103.47,"2x 2BR, 1x 3BR"
Somerset,2726,931000.0,2.0,465500.0,2452,379.69,,,,,2026-04-30,63,1900,8892.0,98.0,"1x 2BR, 1x 3BR"
Easthampton,1027,522500.0,2.0,261250.0,2176,240.12,54000.0,9.68,44294.0,8.48,2026-04-30,44,1972,5230.0,95.02,2x 2BR
Somerville,2144,1751500.0,2.0,875750.0,2608,671.59,,,,,2026-04-30,13,1920,10537.93,111.57,"1x 2BR, 1x 3BR"
Fall River,2721,1800000.0,9.0,200000.0,9402,191.45,180000.0,10.0,43200.0,2.4,2026-04-30,96,1900,14898.0,98.63,2x 3BR
Boston,2127,1425000.0,2.0,712500.0,2398,594.25,87600.0,16.27,87600.0,6.15,2026-04-30,113,1890,16564.0,91.94,"1x 1BR, 1x 4BR"
Worcester,1610,725000.0,3.0,241666.67,5468,132.59,53400.0,13.58,53400.0,7.37,2026-04-30,28,1910,7983.0,100.01,"2x 2BR, 1x 3BR"
Boston,2134,1350000.0,2.0,675000.0,2617,515.86,,,,,2026-04-30,47,1920,13342.0,87.1,"1x 2BR, 1x 4BR"
Quincy,2169,1155000.0,2.0,577500.0,2100,550.0,,,,,2026-04-30,16,1925,7632.0,98.8,2x 2BR
Worcester,1602,970000.0,3.0,323333.33,4233,229.15,92100.0,10.53,92100.0,9.49,2026-04-30,18,1910,8092.0,86.61,3x 3BR
Pittsfield,1201,295000.0,4.0,73750.0,3320,88.86,49800.0,5.92,26006.0,8.82,2026-04-30,31,1920,3324.0,100.0,"2x 1BR, 2x 2BR"
Worcester,1606,637000.0,2.0,318500.0,2288,278.41,40800.0,15.61,40800.0,6.41,2026-04-30,16,1918,5680.0,101.92,2x 2BR
Somerville,2145,1767000.0,4.0,441750.0,4556,387.84,148800.0,11.88,126461.0,7.16,2026-04-30,95,1900,17644.0,88.39,"2x 2BR, 2x 4BR"
Boston,2127,3650000.0,9.0,405555.56,6018,606.51,272303.0,13.4,216815.0,5.94,2026-04-30,29,1899,29718.0,100.0,5x 1BR
Springfield,1109,435000.0,2.0,217500.0,4329,100.49,,,,,2026-04-30,54,1912,4259.0,101.16,"1x 2BR, 1x 5BR"
Everett,2149,1075000.0,2.0,537500.0,3241,331.69,,,,,2026-04-30,13,1928,9380.0,100.0,"1x 2BR, 1x 4BR"
Grafton,1560,650000.0,3.0,216666.67,2690,241.64,43200.0,15.05,43200.0,6.65,2026-04-30,66,1900,7123.0,104.0,"1x 1BR, 1x 2BR, 1x 3BR"
Fairhaven,2719,528000.0,2.0,264000.0,1738,303.8,,,,,2026-04-30,32,1950,3663.0,100.57,"1x 1BR, 1x 2BR"
Boston,2127,2654000.0,3.0,884666.67,4125,643.39,105600.0,25.13,105600.0,3.98,2026-04-30,26,1897,24267.0,98.33,"1x 2BR, 2x 3BR"
Haverhill,1830,560000.0,2.0,280000.0,2485,225.35,,,,,2026-04-30,0,1890,6563.35,95.74,"1x 2BR, 1x 3BR"
Fall River,2723,900000.0,4.0,225000.0,4451,202.2,108000.0,8.33,108000.0,12.0,2026-04-30,50,1900,3001.0,100.0,"1x 0BR, 3x 2BR"
Springfield,1108,519000.0,3.0,173000.0,3247,159.84,39600.0,13.11,39600.0,7.63,2026-05-01,15,1914,6079.0,104.01,"1x 2BR, 2x 3BR"
Quincy,2169,1150000.0,5.0,230000.0,3540,324.86,83400.0,13.79,83400.0,7.25,2026-05-01,55,1830,11233.0,92.0,"4x 1BR, 1x 2BR"
Watertown,2472,2450000.0,2.0,1225000.0,4476,547.36,,,,,2026-05-01,7,2026,6935.0,100.0,2x 4BR
Somerville,2144,1460000.0,2.0,730000.0,3374,432.72,24.0,60833.33,24.0,0.0,2026-05-01,16,1920,15289.0,116.8,"1x 3BR, 1x 4BR"
Somerville,2144,1600000.0,2.0,800000.0,3269,489.45,88800.0,18.02,88800.0,5.55,2026-05-01,16,1910,12496.0,110.34,"1x 2BR, 1x 4BR"
Cambridge,2140,1475000.0,2.0,737500.0,2644,557.87,82800.0,17.81,69572.0,4.72,2026-05-01,47,1950,7666.0,95.16,"1x 2BR, 1x 3BR"
Springfield,1108,446000.0,2.0,223000.0,3236,137.82,,,,,2026-05-01,30,1923,5566.0,101.39,"1x 3BR, 1x 4BR"
Medford,2155,995000.0,2.0,497500.0,2508,396.73,,,,,2026-05-01,24,1928,6990.0,104.74,"1x 2BR, 1x 3BR"
Chicopee,1020,815000.0,7.0,116428.57,5028,162.09,114120.0,7.14,90247.0,11.07,2026-05-01,71,1920,7720.0,91.57,"3x 1BR, 2x 2BR"
Attleboro,2703,914400.0,2.0,457200.0,3778,242.03,,,,,2026-05-01,135,2020,11314.0,101.61,2x 3BR
North Adams,1247,279900.0,2.0,139950.0,2584,108.32,40200.0,6.96,40200.0,14.36,2026-05-01,179,1900,2954.0,100.0,"1x 2BR, 1x 3BR"
Lynn,1905,1100000.0,3.0,366666.67,3593,306.15,84000.0,13.1,84000.0,7.64,2026-05-01,23,1890,10156.0,100.0,3x 3BR
Fitchburg,1420,610000.0,2.0,305000.0,1956,311.86,,,,,2026-05-01,20,1959,5097.0,104.27,"1x 2BR, 1x 3BR"
Somerville,2144,1995000.0,2.0,997500.0,3670,543.6,140400.0,14.21,121711.0,6.1,2026-05-01,27,1917,13188.88,100.0,"1x 4BR, 1x 5BR"
Wakefield,1880,915000.0,2.0,457500.0,2772,330.09,,,,,2026-05-01,26,1920,9295.0,98.92,"1x 2BR, 1x 3BR"
Lynn,1902,840000.0,2.0,420000.0,2077,404.43,26400.0,31.82,26400.0,3.14,2026-05-01,19,1920,6791.0,105.13,"1x 2BR, 1x 3BR"
Fall River,2723,690000.0,3.0,230000.0,3429,201.22,,,,,2026-05-01,12,1900,5591.91,100.15,3x 3BR
Gardner,1440,200000.0,2.0,100000.0,2825,70.8,15600.0,12.82,15600.0,7.8,2026-05-01,23,1800,5348.0,74.1,2x 3BR
Agawam,1001,340000.0,2.0,170000.0,1480,229.73,35400.0,9.6,35400.0,10.41,2026-05-01,20,1900,4063.0,101.49,2x 2BR
Fall River,2724,610000.0,3.0,203333.33,2877,212.03,,,,,2026-05-01,21,1900,5602.0,107.02,"2x 2BR, 1x 3BR"
Holyoke,1014,205000.0,5.0,41000.0,4587,44.69,,,,,2026-05-01,12,1880,3294.0,97.62,3x 2BR
Belmont,2478,1300000.0,2.0,650000.0,2242,579.84,,,,,2026-05-01,6,1952,12449.0,101.96,"1x 2BR, 1x 3BR"
Boston,2130,1425000.0,2.0,712500.0,6939,205.36,200220.0,7.12,142199.0,9.98,2026-05-01,43,2007,17701.0,91.94,"1x 3BR, 1x 9BR"
Leicester,1542,510000.0,2.0,255000.0,3040,167.76,14400.0,35.42,14400.0,2.82,2026-05-01,129,1962,0.0,97.14,2x 2BR
Lynn,1902,830000.0,2.0,415000.0,2852,291.02,,,,,2026-05-01,83,1900,8019.0,96.51,2x 3BR
Lynn,1902,875000.0,2.0,437500.0,2961,295.51,30000.0,29.17,30000.0,3.43,2026-05-01,38,1900,6997.0,99.54,"1x 2BR, 1x 5BR"
Boston,2131,980000.0,2.0,490000.0,2700,362.96,30000.0,32.67,30000.0,3.06,2026-05-01,33,1924,7554.0,109.01,"1x 2BR, 1x 4BR"
Oxford,1540,502500.0,2.0,251250.0,2370,212.03,43200.0,11.63,43200.0,8.6,2026-05-01,13,1916,4518.0,100.52,"1x 2BR, 1x 3BR"
North Attleboro,2760,605000.0,2.0,302500.0,2330,259.66,,,,,2026-05-01,34,1920,5209.0,94.55,2x 2BR
Fall River,2720,1200000.0,8.0,150000.0,5747,208.8,,,,,2026-05-04,125,1900,15530.0,92.31,"1x 2BR, 4x 3BR"
Leominster,1453,625000.0,3.0,208333.33,3512,177.96,,,,,2026-05-04,91,1956,8419.0,99.86,"1x 3BR, 1x 5BR"
Everett,2149,959900.0,2.0,479950.0,2835,338.59,76800.0,12.5,76800.0,8.0,2026-05-04,5,1910,10040.0,100.0,2x 3BR
Somerville,2144,1543000.0,2.0,771500.0,2358,654.37,64800.0,23.81,64800.0,4.2,2026-05-04,19,1900,13123.0,110.29,"1x 1BR, 1x 4BR"
Springfield,1107,520000.0,3.0,173333.33,3072,169.27,60000.0,8.67,60000.0,11.54,2026-05-04,7,2007,8607.36,104.02,3x 3BR
Southbridge,1550,302000.0,2.0,151000.0,2434,124.08,,,,,2026-05-04,17,1910,4358.0,136.04,2x 3BR
Gardner,1440,400000.0,2.0,200000.0,1359,294.33,36600.0,10.93,36600.0,9.15,2026-05-04,89,1910,4515.0,100.03,"1x 1BR, 1x 2BR"
North Attleboro,2760,610000.0,2.0,305000.0,1824,334.43,48600.0,12.55,46450.0,7.61,2026-05-04,37,1890,5369.0,100.16,"1x 2BR, 1x 3BR"
Marblehead,1945,1220000.0,2.0,610000.0,2820,432.62,,,,,2026-05-04,20,1750,9943.0,122.61,"1x 1BR, 1x 2BR"
Boston,2128,830000.0,2.0,415000.0,2068,401.35,30000.0,27.67,30000.0,3.61,2026-05-04,39,1900,7966.0,94.87,"1x 2BR, 1x 4BR"
Methuen,1844,744000.0,2.0,372000.0,2402,309.74,,,,,2026-05-04,22,1850,6701.0,100.68,"1x 2BR, 1x 3BR"
New Bedford,2740,485000.0,2.0,242500.0,1900,255.26,,,,,2026-05-04,49,1940,5000.0,102.11,2x 3BR
Walpole,2081,705000.0,2.0,352500.0,1776,396.96,,,,,2026-05-04,21,1926,6162.0,102.92,2x 2BR
Worcester,1607,600000.0,2.0,300000.0,2584,232.2,24000.0,25.0,24000.0,4.0,2026-05-04,21,1890,6106.0,101.87,"1x 2BR, 1x 3BR"
Gardner,1440,415000.0,2.0,207500.0,1998,207.71,14400.0,28.82,14400.0,3.47,2026-05-04,18,1922,4380.0,100.0,2x 2BR
Belmont,2478,2350000.0,2.0,1175000.0,3390,693.22,,,,,2026-05-04,9,1919,12882.0,100.0,"1x 3BR, 1x 4BR"
Haverhill,1830,624000.0,2.0,312000.0,2394,260.65,,,,,2026-05-04,21,1953,5898.0,108.52,"1x 1BR, 1x 4BR"
Watertown,2472,1015000.0,3.0,338333.33,2957,343.25,47700.0,21.28,47700.0,4.7,2026-05-04,23,1920,9157.36,103.57,"1x 1BR, 2x 2BR"
Fitchburg,1420,650000.0,3.0,216666.67,3521,184.61,66000.0,9.85,66000.0,10.15,2026-05-04,23,1910,5700.0,109.26,3x 3BR
Boston,2128,1425000.0,3.0,475000.0,2700,527.78,126600.0,11.26,126600.0,8.88,2026-05-05,20,1899,12788.0,103.64,"1x 3BR, 2x 4BR"
Weymouth,2189,710000.0,3.0,236666.67,1524,465.88,55200.0,12.86,55200.0,7.77,2026-05-05,45,1893,5253.0,101.57,3x 1BR
Somerville,2143,1120000.0,2.0,560000.0,2301,486.74,,,,,2026-05-05,17,1875,12005.0,106.77,"1x 1BR, 1x 3BR"
Dartmouth,2748,885000.0,3.0,295000.0,3035,291.6,25200.0,35.12,25200.0,2.85,2026-05-05,71,1918,3416.0,98.34,"1x 2BR, 2x 3BR"
Haverhill,1830,760000.0,3.0,253333.33,4488,169.34,,,,,2026-05-05,23,1890,7653.0,98.06,3x 3BR
Worcester,1609,690000.0,2.0,345000.0,2383,289.55,48000.0,14.38,48000.0,6.96,2026-05-05,18,1935,0.0,106.17,"1x 2BR, 1x 3BR"
Lowell,1851,720000.0,2.0,360000.0,1666,432.17,,,,,2026-05-05,158,1960,5993.0,97.56,2x 2BR
Worcester,1602,430000.0,2.0,215000.0,1092,393.77,41400.0,10.39,27728.0,6.45,2026-05-05,61,1964,4492.0,97.95,2x 1BR
Lawrence,1841,720000.0,3.0,240000.0,2728,263.93,,,,,2026-05-05,9,1900,6214.0,102.86,"2x 2BR, 1x 3BR"
Marlborough,1752,650000.0,2.0,325000.0,2320,280.17,,,,,2026-05-06,21,1890,6021.0,105.01,2x 2BR
Worcester,1603,627000.0,4.0,156750.0,3878,161.68,,,,,2026-05-06,141,1908,7330.0,96.48,"2x 1BR, 2x 2BR"
Athol,1331,336700.0,2.0,168350.0,2406,139.94,17400.0,19.35,17400.0,5.17,2026-05-06,47,1900,3277.0,99.06,2x 3BR
Southbridge,1550,525000.0,2.0,262500.0,3060,171.57,,,,,2026-05-06,21,1925,6512.0,100.96,2x 2BR
Quincy,2170,950000.0,2.0,475000.0,2272,418.13,48000.0,19.79,48000.0,5.05,2026-05-06,24,1930,11502.0,90.48,2x 1BR
Quincy,2169,1325000.0,4.0,331250.0,3117,425.09,60000.0,22.08,48350.0,3.65,2026-05-06,15,1900,11709.0,98.15,"2x 2BR, 2x 3BR"
North Attleboro,2760,650000.0,2.0,325000.0,2472,262.94,24000.0,27.08,24000.0,3.69,2026-05-06,37,1890,5383.0,104.02,2x 2BR
Millbury,1527,450000.0,3.0,150000.0,1454,309.49,21600.0,20.83,21600.0,4.8,2026-05-06,20,1920,5506.0,94.94,3x 2BR
Methuen,1844,910000.0,3.0,303333.33,2916,312.07,,,,,2026-05-06,66,1930,8083.0,101.22,"2x 1BR, 1x 3BR"
Northampton,1062,350000.0,1.0,350000.0,1404,249.29,12000.0,29.17,12000.0,3.43,2026-05-07,41,1900,5191.71,77.78,"1x 0BR, 1x 2BR"
Springfield,1107,540000.0,3.0,180000.0,4686,115.24,52800.0,10.23,52800.0,9.78,2026-05-07,21,1897,5847.0,103.87,"1x 3BR, 2x 4BR"
Springfield,1104,450000.0,2.0,225000.0,3475,129.5,21600.0,20.83,50400.0,11.2,2026-05-07,34,1926,5643.0,100.0,"1x 3BR, 1x 5BR"
Fall River,2723,314250.0,2.0,157125.0,1464,214.65,9600.0,32.73,9600.0,3.05,2026-05-07,78,1925,3406.0,78.56,"1x 1BR, 1x 2BR"
Danvers,1923,735000.0,2.0,367500.0,1740,422.41,64800.0,11.34,64800.0,8.82,2026-05-07,36,1920,7674.0,96.02,"1x 1BR, 1x 3BR"
Rockland,2370,870000.0,3.0,290000.0,3301,263.56,64200.0,13.55,64200.0,7.38,2026-05-07,19,1880,9387.0,100.12,"2x 2BR, 1x 4BR"
Boston,2119,900000.0,3.0,300000.0,2400,375.0,72000.0,12.5,72000.0,8.0,2026-05-07,7,1890,9280.41,100.11,3x 2BR
Worcester,1603,799900.0,3.0,266633.33,4399,181.84,82800.0,9.66,82800.0,10.35,2026-05-07,21,1910,8066.0,100.0,3x 3BR
North Andover,1845,937000.0,2.0,468500.0,2298,407.75,27600.0,33.95,27600.0,2.95,2026-05-07,21,1900,7345.0,104.23,2x 2BR
New Bedford,2740,507000.0,2.0,253500.0,1850,274.05,16800.0,30.18,16800.0,3.31,2026-05-07,21,1915,4119.0,101.42,2x 2BR
Worcester,1604,480000.0,2.0,240000.0,1680,285.71,12000.0,40.0,12000.0,2.5,2026-05-07,50,1915,5141.0,97.98,2x 2BR
Webster,1570,485000.0,2.0,242500.0,1937,250.39,19200.0,25.26,19200.0,3.96,2026-05-07,11,1920,3449.0,107.79,2x 3BR
Peabody,1960,1000000.0,3.0,333333.33,2300,434.78,52800.0,18.94,52800.0,5.28,2026-05-07,13,1889,6258.0,102.56,"1x 1BR, 2x 3BR"
Lowell,1850,600000.0,2.0,300000.0,2048,292.97,21000.0,28.57,21000.0,3.5,2026-05-07,5,1929,5326.0,92.45,2x 3BR
Fall River,2724,1150000.0,10.0,115000.0,11457,100.38,148200.0,7.76,97200.0,8.45,2026-05-08,15,1909,10479.0,95.83,5x 3BR
Waltham,2453,1925000.0,6.0,320833.33,5543,347.28,,,,,2026-05-08,87,1890,16256.0,87.7,"3x 1BR, 1x 2BR, 1x 3BR"
Whitman,2382,675000.0,2.0,337500.0,2723,247.89,,,,,2026-05-08,28,1925,8210.0,97.84,2x 3BR
Worcester,1606,650000.0,3.0,216666.67,2910,223.37,,,,,2026-05-08,11,1900,7843.0,100.02,"1x 2BR, 2x 3BR"
Taunton,2780,700000.0,3.0,233333.33,2606,268.61,72000.0,9.72,72000.0,10.29,2026-05-08,11,1875,5576.0,101.46,"1x 2BR, 2x 3BR"
Springfield,1108,450000.0,2.0,225000.0,3059,147.11,,,,,2026-05-08,20,1905,3004.0,102.3,"1x 1BR, 1x 5BR"
Methuen,1844,800000.0,3.0,266666.67,5616,142.45,,,,,2026-05-08,36,1850,11668.0,72.73,"1x 2BR, 1x 3BR, 1x 4BR"
Winchendon,1475,555000.0,2.0,277500.0,2498,222.18,,,,,2026-05-08,31,1801,2338.0,100.91,"1x 2BR, 1x 3BR"
Boston,2125,1225000.0,3.0,408333.33,3321,368.86,99.0,12373.74,99.0,0.01,2026-05-08,120,1905,99.0,100.0,"2x 3BR, 1x 4BR"
Springfield,1108,410000.0,2.0,205000.0,3163,129.62,50700.0,8.09,50700.0,12.37,2026-05-08,91,1900,4641.0,98.8,"1x 2BR, 1x 5BR"
West Brookfield,1585,400000.0,2.0,200000.0,2020,198.02,31800.0,12.58,31800.0,7.95,2026-05-08,64,1955,3589.0,95.47,"1x 1BR, 1x 2BR"
Fall River,2720,462000.0,3.0,154000.0,3077,150.15,,,,,2026-05-08,24,1900,5973.04,102.69,3x 3BR
Springfield,1108,500000.0,2.0,250000.0,3096,161.5,,,,,2026-05-08,13,1898,5149.0,102.25,"1x 4BR, 1x 5BR"
Boston,2134,1109000.0,2.0,554500.0,2814,394.1,50820.0,21.82,,,2026-05-08,9,1945,12988.0,96.52,"1x 3BR, 1x 5BR"
Boston,2125,1500000.0,3.0,500000.0,3966,378.21,135600.0,11.06,135600.0,9.04,2026-05-08,48,1905,10134.0,101.69,"1x 3BR, 2x 4BR"
Sutton,1590,455000.0,2.0,227500.0,1830,248.63,20100.0,22.64,20100.0,4.42,2026-05-08,44,1830,5802.0,96.81,2x 3BR
Brockton,2302,900000.0,2.0,450000.0,3000,300.0,,,,,2026-05-08,3,1887,6843.0,100.01,"1x 3BR, 1x 5BR"
Lowell,1850,787000.0,3.0,262333.33,3467,227.0,79428.0,9.91,59786.0,7.6,2026-05-08,23,1900,7200.0,101.68,"1x 1BR, 1x 3BR, 1x 4BR"
Worcester,1604,871500.0,3.0,290500.0,3891,223.98,31800.0,27.41,31800.0,3.65,2026-05-08,23,1910,8172.0,98.48,"1x 1BR, 2x 3BR, 1x 4BR"
Springfield,1108,410000.0,2.0,205000.0,2440,168.03,22800.0,17.98,22800.0,5.56,2026-05-08,21,1922,5557.0,110.84,2x 3BR
Fall River,2724,320000.0,2.0,160000.0,1562,204.87,19200.0,16.67,19200.0,6.0,2026-05-08,60,1930,3887.0,87.67,2x 2BR
Springfield,1104,400000.0,2.0,200000.0,2392,167.22,,,,,2026-05-08,3,1922,4738.0,97.58,2x 3BR
Lynn,1905,810000.0,2.0,405000.0,1926,420.56,47820.0,16.94,42520.0,5.25,2026-05-08,29,1860,6519.0,101.38,"1x 2BR, 1x 3BR"
Dennis,2639,975000.0,2.0,487500.0,2468,395.06,,,,,2026-05-08,12,1930,3354.0,100.0,"1x 2BR, 1x 3BR"
Boston,2126,915000.0,1.0,915000.0,3434,266.45,45000.0,20.33,45000.0,4.92,2026-05-08,23,1925,7756.0,114.52,"2x 2BR, 1x 3BR"
Cambridge,2139,2230000.0,2.0,1115000.0,3410,653.96,,,,,2026-05-08,18,1894,10797.0,106.19,"1x 3BR, 1x 4BR"
Gardner,1440,290000.0,2.0,145000.0,1845,157.18,,,,,2026-05-08,15,1820,3772.0,96.67,2x 2BR
Boston,2124,1220000.0,3.0,406666.67,4145,294.33,83220.0,14.66,83220.0,6.82,2026-05-08,14,1890,99.0,103.39,"2x 3BR, 1x 4BR"
Boston,2124,995000.0,2.0,497500.0,3102,320.76,22800.0,43.64,22800.0,2.29,2026-05-08,5,1895,7940.0,104.85,2x 3BR
Gloucester,1930,850000.0,3.0,283333.33,2596,327.43,39600.0,21.46,39600.0,4.66,2026-05-08,6,1989,7875.0,101.31,"1x 1BR, 1x 2BR, 1x 3BR"
Boston,2126,1049000.0,3.0,349666.67,3588,292.36,42000.0,24.98,42000.0,4.0,2026-05-08,30,1905,12633.08,100.0,3x 4BR
Charlton,1507,515000.0,3.0,171666.67,2810,183.27,18000.0,28.61,18000.0,3.5,2026-05-08,279,1850,7219.0,89.57,"2x 1BR, 1x 2BR"
Salem,1970,580000.0,2.0,290000.0,2640,219.7,,,,,2026-05-08,7,1860,5303.0,122.11,2x 2BR
Woburn,1801,765000.0,2.0,382500.0,2352,325.26,,,,,2026-05-11,80,1900,5646.0,90.01,2x 2BR
Fall River,2721,605000.0,4.0,151250.0,2288,264.42,18000.0,33.61,18000.0,2.98,2026-05-11,19,1960,7524.0,93.08,4x 2BR
Waltham,2451,1310000.0,4.0,327500.0,3343,391.86,68400.0,19.15,68400.0,5.22,2026-05-11,31,1900,10406.0,109.17,"3x 1BR, 1x 3BR"
Worcester,1604,755000.0,3.0,251666.67,4545,166.12,10200.0,74.02,1640.0,0.22,2026-05-11,8,1920,9459.0,104.14,3x 3BR
Haverhill,1835,820000.0,3.0,273333.33,2232,367.38,46200.0,17.75,38598.0,4.71,2026-05-11,20,1915,6470.0,105.81,3x 2BR
Boston,2121,851000.0,2.0,425500.0,2926,290.84,,,,,2026-05-11,30,1910,6813.0,116.59,"1x 3BR, 1x 4BR"
Lawrence,1841,700000.0,2.0,350000.0,2168,322.88,,,,,2026-05-11,3,1962,5504.0,117.67,2x 2BR
New Bedford,2740,640000.0,3.0,213333.33,3408,187.79,,,,,2026-05-11,42,1910,7663.0,94.26,"1x 1BR, 2x 2BR"
Avon,2322,920000.0,4.0,230000.0,5250,175.24,89400.0,10.29,69408.0,7.54,2026-05-11,56,1900,4584.0,96.85,"2x 1BR, 2x 2BR"
Boston,2124,1322000.0,3.0,440666.67,4272,309.46,133380.0,9.91,133380.0,10.09,2026-05-11,25,1905,14724.0,97.93,3x 4BR
Worcester,1603,900000.0,3.0,300000.0,4512,199.47,52800.0,17.05,52800.0,5.87,2026-05-11,50,1910,10272.0,100.0,3x 3BR
Attleboro,2703,655000.0,2.0,327500.0,1925,340.26,,,,,2026-05-11,62,1900,5169.43,93.71,2x 2BR
North Attleboro,2760,805000.0,3.0,268333.33,2210,364.25,48600.0,16.56,48600.0,6.04,2026-05-11,33,1912,5610.0,93.71,"2x 2BR, 1x 3BR"
Fall River,2720,180000.0,2.0,90000.0,2499,72.03,,,,,2026-05-11,49,1930,3282.0,80.0,2x 2BR
Quincy,2169,778000.0,2.0,389000.0,1919,405.42,55800.0,13.94,55800.0,7.17,2026-05-11,29,1880,7324.0,97.37,2x 2BR
Boston,2124,1135000.0,2.0,567500.0,2713,418.36,,,,,2026-05-11,92,1928,9364.0,98.7,"1x 2BR, 1x 4BR"
Lawrence,1841,830000.0,3.0,276666.67,3258,254.76,,,,,2026-05-11,24,1900,5893.0,103.75,3x 3BR
Taunton,2780,845000.0,3.0,281666.67,2790,302.87,76200.0,11.09,76200.0,9.02,2026-05-11,29,1900,6905.0,99.42,"1x 2BR, 2x 3BR"
Fitchburg,1420,540000.0,2.0,270000.0,3179,169.86,,,,,2026-05-11,5,1930,5856.0,103.87,"1x 2BR, 1x 3BR"
Waltham,2451,940875.0,2.0,470437.5,3136,300.02,69600.0,13.52,69600.0,7.4,2026-05-11,64,1910,7046.0,94.09,"1x 1BR, 1x 3BR"
Palmer,1069,297000.0,3.0,99000.0,2039,145.66,32400.0,9.17,8400.0,2.83,2026-05-11,11,1900,4225.81,99.0,"2x 1BR, 1x 2BR"
Fall River,2724,925000.0,5.0,185000.0,5839,158.42,90600.0,10.21,90600.0,9.79,2026-05-11,15,1900,8296.0,97.37,"1x 1BR, 1x 2BR, 3x 3BR"
Greenfield,1301,355000.0,2.0,177500.0,1858,191.07,,,,,2026-05-11,172,1880,4256.0,100.0,"1x 2BR, 1x 4BR"
Revere,2151,845000.0,2.0,422500.0,2234,378.25,30000.0,28.17,30000.0,3.55,2026-05-12,21,1900,5942.0,106.29,"1x 2BR, 1x 4BR"
Malden,2148,980000.0,2.0,490000.0,2780,352.52,,,,,2026-05-12,7,1900,9457.0,98.01,"1x 1BR, 1x 4BR"
Winthrop,2152,650000.0,2.0,325000.0,2278,285.34,,,,,2026-05-12,32,1930,7499.0,100.0,"1x 1BR, 1x 2BR"
Lowell,1852,670000.0,2.0,335000.0,3254,205.9,,,,,2026-05-12,70,1900,6602.0,100.75,2x 2BR
Fitchburg,1420,610000.0,2.0,305000.0,2768,220.38,49500.0,12.32,49500.0,8.11,2026-05-12,29,1895,5296.0,106.11,2x 3BR
Marblehead,1945,1075000.0,2.0,537500.0,2441,440.39,,,,,2026-05-12,11,1938,9655.0,100.0,"1x 1BR, 1x 3BR"
Boston,2124,1900000.0,6.0,316666.67,5442,349.14,187740.0,10.12,,,2026-05-12,49,1899,10107.0,95.0,5x 2BR
Uxbridge,1569,615000.0,2.0,307500.0,2928,210.04,,,,,2026-05-12,43,1910,5424.0,96.11,2x 3BR
Fitchburg,1420,405000.0,2.0,202500.0,1733,233.7,14400.0,28.12,14400.0,3.56,2026-05-12,28,1920,4658.0,98.78,"1x 1BR, 1x 2BR"
Springfield,1108,485000.0,4.0,121250.0,5602,86.58,64320.0,7.54,64320.0,13.26,2026-05-12,68,1922,6306.92,97.02,"1x 1BR, 1x 2BR, 2x 3BR"
Taunton,2780,850000.0,4.0,212500.0,2658,319.79,85800.0,9.91,85800.0,10.09,2026-05-12,16,1900,6056.0,100.01,"2x 1BR, 2x 2BR"
Lowell,1854,700000.0,2.0,350000.0,2434,287.59,43200.0,16.2,43200.0,6.17,2026-05-12,14,1930,7892.0,100.14,2x 2BR
Chicopee,1020,475000.0,3.0,158333.33,2851,166.61,29640.0,16.03,29640.0,6.24,2026-05-12,131,1900,5197.0,96.96,"2x 2BR, 1x 3BR"
Ipswich,1938,810000.0,2.0,405000.0,2033,398.43,61800.0,13.11,61800.0,7.63,2026-05-12,19,1900,6602.0,101.38,"1x 2BR, 1x 3BR"
Ware,1082,70000.0,2.0,35000.0,2718,25.75,,,,,2026-05-12,105,1920,2762.0,56.0,2x 2BR
Fitchburg,1420,650000.0,3.0,216666.67,3394,191.51,48000.0,13.54,48000.0,7.38,2026-05-13,0,1900,7483.0,100.0,2x 3BR
Worcester,1605,815000.0,3.0,271666.67,3425,237.96,80100.0,10.17,80100.0,9.83,2026-05-13,24,1910,8709.0,100.0,3x 3BR
Boston,2127,1335000.0,3.0,445000.0,1988,671.53,76800.0,17.38,76800.0,5.75,2026-05-13,23,1929,13869.0,98.96,3x 1BR
Tisbury,2568,1000000.0,4.0,250000.0,1999,500.25,,,,,2026-05-13,46,1974,394100.0,66.89,4x 1BR
Fitchburg,1420,560000.0,2.0,280000.0,2672,209.58,27600.0,20.29,27600.0,4.93,2026-05-13,21,1925,6116.0,101.82,"1x 3BR, 1x 4BR"
Westfield,1085,380000.0,2.0,190000.0,1540,246.75,15600.0,24.36,15600.0,4.11,2026-05-13,16,1948,3804.0,108.57,2x 2BR
Fitchburg,1420,581000.0,3.0,193666.67,3762,154.44,18600.0,31.24,15800.0,2.72,2026-05-13,17,1935,7008.0,109.64,3x 3BR
Weymouth,2191,630000.0,2.0,315000.0,2161,291.53,36000.0,17.5,36000.0,5.71,2026-05-13,26,1650,5990.0,95.6,"1x 3BR, 1x 4BR"
Wakefield,1880,1070000.0,2.0,535000.0,2433,439.79,,,,,2026-05-13,18,1897,9654.0,108.19,"1x 2BR, 1x 3BR"
Everett,2149,1255000.0,3.0,418333.33,3367,372.74,,,,,2026-05-13,14,1900,12540.0,104.67,"2x 2BR, 1x 3BR"
Fitchburg,1420,700000.0,3.0,233333.33,3948,177.3,48000.0,14.58,48000.0,6.86,2026-05-13,0,1900,6908.0,100.0,3x 3BR
Springfield,1108,465000.0,2.0,232500.0,3652,127.33,,,,,2026-05-13,8,1913,5775.0,110.74,"1x 2BR, 1x 5BR"
New Bedford,2744,580000.0,3.0,193333.33,2400,241.67,,,,,2026-05-13,28,1892,4715.0,105.47,3x 3BR
Peabody,1960,950000.0,2.0,475000.0,2400,395.83,90000.0,10.56,85900.0,9.04,2026-05-13,40,2019,10909.87,86.36,"1x 0BR, 1x 3BR"
Melrose,2176,795000.0,2.0,397500.0,1819,437.05,,,,,2026-05-14,22,1895,7351.0,102.58,2x 2BR
Fall River,2723,630000.0,3.0,210000.0,2481,253.93,36000.0,17.5,36000.0,5.71,2026-05-14,26,1900,4124.0,100.8,"1x 1BR, 2x 2BR"
Holyoke,1040,432000.0,2.0,216000.0,2340,184.62,40800.0,10.59,40800.0,9.44,2026-05-14,15,1920,4732.0,102.88,2x 3BR
Springfield,1105,340000.0,2.0,170000.0,1776,191.44,,,,,2026-05-14,9,1906,3083.0,102.1,2x 2BR
Swampscott,1907,850000.0,2.0,425000.0,2692,315.75,28800.0,29.51,28800.0,3.39,2026-05-14,5,1935,8364.0,100.0,2x 3BR
Revere,2151,1355000.0,4.0,338750.0,4276,316.88,112848.0,12.01,81490.0,6.01,2026-05-14,21,1900,11930.0,98.55,4x 2BR
Milford,1757,700000.0,2.0,350000.0,3092,226.39,62400.0,11.22,57050.0,8.15,2026-05-14,51,1890,7727.0,100.72,2x 3BR
Medford,2155,1300000.0,2.0,650000.0,2604,499.23,,,,,2026-05-14,9,1918,9276.0,123.81,"1x 2BR, 1x 3BR"
New Bedford,2740,599000.0,3.0,199666.67,2735,219.01,26400.0,22.69,26400.0,4.41,2026-05-14,60,1923,5049.0,100.0,"1x 2BR, 2x 3BR"
Hardwick,1037,439900.0,2.0,219950.0,3536,124.41,21600.0,20.37,17072.0,3.88,2026-05-14,21,1868,2484.0,100.0,2x 4BR
Milton,2186,1005000.0,2.0,502500.0,2300,436.96,34800.0,28.88,34800.0,3.46,2026-05-14,7,1915,8342.0,111.79,2x 3BR
South Hadley,1075,405000.0,2.0,202500.0,1848,219.16,35400.0,11.44,35400.0,8.74,2026-05-14,30,1930,4373.0,95.32,2x 2BR
Dartmouth,2748,649000.0,2.0,324500.0,2344,276.88,14400.0,45.07,14400.0,2.22,2026-05-14,14,1925,3197.0,101.56,2x 3BR
Athol,1331,449998.0,2.0,224999.0,3002,149.9,46800.0,9.62,46800.0,10.4,2026-05-14,25,1900,4284.0,100.0,2x 3BR
Revere,2151,875000.0,2.0,437500.0,2163,404.53,34800.0,25.14,34800.0,3.98,2026-05-14,137,1956,6094.0,100.0,2x 3BR
Springfield,1151,450000.0,2.0,225000.0,2851,157.84,12000.0,37.5,12000.0,2.67,2026-05-15,8,1897,6355.0,100.0,"1x 3BR, 1x 5BR"
Lynn,1902,830000.0,2.0,415000.0,2411,344.26,80400.0,10.32,80400.0,9.69,2026-05-15,12,1900,7697.0,110.67,2x 3BR
Winthrop,2152,850000.0,2.0,425000.0,2103,404.18,18000.0,47.22,18000.0,2.12,2026-05-15,149,1900,6682.0,106.26,2x 2BR
Springfield,1109,165000.0,3.0,55000.0,3972,41.54,,,,,2026-05-15,20,1913,4867.0,100.0,3x 3BR
Mansfield,2048,595000.0,2.0,297500.0,1758,338.45,,,,,2026-05-15,29,1923,9868.0,88.15,2x 2BR
North Andover,1845,850000.0,2.0,425000.0,2808,302.71,26400.0,32.2,26400.0,3.11,2026-05-15,57,1920,8308.75,100.01,"1x 2BR, 1x 3BR"
Worcester,1603,445000.0,2.0,222500.0,2350,189.36,11400.0,39.04,,,2026-05-15,20,1973,4708.0,103.49,2x 2BR
Westfield,1085,410000.0,2.0,205000.0,2438,168.17,,,,,2026-05-15,82,1890,3830.0,101.23,"1x 2BR, 1x 3BR"
Boston,2132,1045000.0,2.0,522500.0,2640,395.83,,,,,2026-05-15,90,1910,9541.0,95.0,2x 2BR
Holbrook,2343,770000.0,2.0,385000.0,2515,306.16,39984.0,19.26,32578.0,4.23,2026-05-15,49,1870,7560.0,98.72,2x 2BR
Somerset,2726,650000.0,2.0,325000.0,2422,268.37,,,,,2026-05-15,34,1941,6020.0,100.15,2x 2BR
Brockton,2302,710000.0,2.0,355000.0,2142,331.47,21600.0,32.87,21600.0,3.04,2026-05-15,19,1925,6656.0,105.2,"1x 2BR, 1x 3BR"
Northbridge,1588,2900000.0,12.0,241666.67,14060,206.26,345480.0,8.39,270579.0,9.33,2026-05-15,69,1915,19127.0,98.31,5x 4BR
Danvers,1923,580000.0,2.0,290000.0,2048,283.2,,,,,2026-05-15,22,1975,7063.0,80.56,2x 2BR
Fall River,2723,400000.0,2.0,200000.0,1357,294.77,,,,,2026-05-15,14,1930,3556.0,97.56,2x 1BR
Ashland,1721,1100000.0,8.0,137500.0,4814,228.5,,,,,2026-05-15,57,1950,13651.0,55.03,"4x 1BR, 1x 2BR"
Lynn,1902,875000.0,2.0,437500.0,2488,351.69,,,,,2026-05-15,40,1910,7033.0,98.43,2x 4BR
Lowell,1850,609000.0,2.0,304500.0,2456,247.96,,,,,2026-05-15,14,1925,5914.0,108.31,"1x 2BR, 1x 3BR"
Springfield,1104,523000.0,3.0,174333.33,3850,135.84,56820.0,9.2,56820.0,10.86,2026-05-15,29,1923,4357.0,99.62,3x 2BR
Boston,2122,1380000.0,3.0,460000.0,4233,326.01,123048.0,11.22,123048.0,8.92,2026-05-15,15,1915,14327.0,100.36,3x 3BR
Boston,2124,900000.0,2.0,450000.0,3213,280.11,,,,,2026-05-15,84,1920,8624.0,94.84,"1x 1BR, 1x 3BR"
Springfield,1104,380000.0,2.0,190000.0,2150,176.74,17400.0,21.84,17400.0,4.58,2026-05-15,38,1924,4469.0,95.81,2x 3BR
Boston,2126,737000.0,2.0,368500.0,2168,339.94,,,,,2026-05-15,23,1935,5863.0,105.29,"1x 2BR, 1x 3BR"
Springfield,1109,339900.0,2.0,169950.0,3487,97.48,,,,,2026-05-15,20,1915,3798.0,110.0,"2x 2BR, 1x 3BR"
Taunton,2780,520000.0,2.0,260000.0,1964,264.77,,,,,2026-05-15,20,1910,5642.0,96.3,2x 2BR
Lawrence,1843,1150000.0,4.0,287500.0,4641,247.79,,,,,2026-05-15,18,1890,6398.0,104.55,"1x 1BR, 1x 2BR, 1x 3BR, 1x 4BR"
Arlington,2474,1585000.0,2.0,792500.0,3314,478.27,,,,,2026-05-15,23,1923,13516.0,115.27,"1x 2BR, 1x 3BR"
West Springfield,1089,665000.0,3.0,221666.67,3453,192.59,,,,,2026-05-15,5,1900,4173.0,95.01,3x 3BR
Saugus,1906,842500.0,2.0,421250.0,1937,434.95,,,,,2026-05-15,8,1900,7424.0,100.42,"1x 2BR, 1x 3BR"
Worcester,1610,735000.0,3.0,245000.0,2750,267.27,64800.0,11.34,64800.0,8.82,2026-05-15,7,1890,6714.0,105.0,"2x 2BR, 1x 3BR"
Boston,2124,1245000.0,3.0,415000.0,3310,376.13,,,,,2026-05-18,15,1910,9686.0,99.6,"1x 2BR, 1x 3BR, 1x 4BR"
Springfield,1105,380000.0,2.0,190000.0,2648,143.5,,,,,2026-05-18,30,1907,3491.93,101.09,"1x 1BR, 1x 2BR"
Fitchburg,1420,655000.0,3.0,218333.33,4385,149.37,69600.0,9.41,69600.0,10.63,2026-05-18,18,1900,6440.0,98.5,"1x 2BR, 1x 3BR, 1x 4BR"
Boston,2130,1495000.0,2.0,747500.0,3903,383.04,22800.0,65.57,22800.0,1.53,2026-05-18,18,1890,13452.76,99.73,"1x 2BR, 1x 6BR"
Sturbridge,1518,200000.0,2.0,100000.0,3120,64.1,16800.0,11.9,16800.0,8.4,2026-05-18,23,1825,5638.0,72.73,2x 3BR
Somerville,2143,755000.0,2.0,377500.0,2264,333.48,28800.0,26.22,28800.0,3.81,2026-05-18,47,1900,7450.0,93.33,2x 3BR
Malden,2148,685000.0,2.0,342500.0,2513,272.58,,,,,2026-05-18,7,1900,8144.0,109.6,"1x 2BR, 1x 4BR"
Boston,2131,850000.0,2.0,425000.0,3044,279.24,,,,,2026-05-18,9,1910,8957.0,94.45,"1x 2BR, 1x 4BR"
Quincy,2169,1000000.0,4.0,250000.0,3200,312.5,82536.0,12.12,47207.0,4.72,2026-05-18,141,1900,10535.0,90.99,"2x 1BR, 2x 2BR"
Lynn,1905,830000.0,2.0,415000.0,1844,450.11,30000.0,27.67,30000.0,3.61,2026-05-18,16,1915,6531.0,100.61,"1x 2BR, 1x 3BR"
Newton,2458,1250000.0,3.0,416666.67,2684,465.72,87480.0,14.29,87480.0,7.0,2026-05-18,12,1890,9783.0,104.17,"1x 1BR, 1x 2BR, 1x 4BR"
Worcester,1605,755000.0,3.0,251666.67,3069,246.01,,,,,2026-05-18,8,1880,7166.0,100.8,3x 3BR
Pittsfield,1201,80000.0,8.0,10000.0,2709,29.53,,,,,2026-05-18,41,1870,2287.0,100.0,2x 0BR
Middleboro,2346,740000.0,3.0,246666.67,2664,277.78,71400.0,10.36,59441.0,8.03,2026-05-18,33,1886,6802.0,95.5,3x 2BR
Boston,2126,1100000.0,2.0,550000.0,3605,305.13,,,,,2026-05-18,29,1920,5187.0,100.0,"1x 2BR, 1x 5BR"
Southbridge,1550,421500.0,2.0,210750.0,2304,182.94,,,,,2026-05-18,21,1949,4849.67,105.4,2x 3BR
Belmont,2478,1431000.0,2.0,715500.0,2424,590.35,68400.0,20.92,68400.0,4.78,2026-05-18,16,1900,13317.07,108.0,"1x 2BR, 1x 3BR"
Somerset,2725,519200.0,2.0,259600.0,1470,353.2,,,,,2026-05-18,15,1912,4675.0,104.05,2x 2BR
Boston,2215,2200000.0,3.0,733333.33,4106,535.8,120000.0,18.33,120000.0,5.45,2026-05-18,216,1900,23917.0,83.05,"2x 1BR, 1x 4BR"
Somerset,2726,629000.0,2.0,314500.0,2160,291.2,,,,,2026-05-18,3,1933,5119.0,96.84,2x 2BR
Boston,2127,2200000.0,2.0,1100000.0,3122,704.68,,,,,2026-05-18,56,1900,21302.0,110.0,2x 3BR
Worcester,1604,390000.0,2.0,195000.0,1576,247.46,,,,,2026-05-19,41,1900,3611.0,104.28,"1x 2BR, 1x 3BR"
Gloucester,1930,760000.0,3.0,253333.33,2598,292.53,21600.0,35.19,21600.0,2.84,2026-05-19,22,1900,6095.0,95.24,3x 2BR
Waltham,2453,855000.0,2.0,427500.0,1310,652.67,,,,,2026-05-19,8,1920,7501.0,101.91,"1x 1BR, 1x 2BR"
Taunton,2780,570000.0,2.0,285000.0,2408,236.71,,,,,2026-05-19,65,2026,9614.0,95.16,2x 3BR
Springfield,1105,430000.0,2.0,215000.0,2624,163.87,,,,,2026-05-19,23,1922,5653.0,101.18,2x 3BR
Somerville,2144,1925000.0,3.0,641666.67,3185,604.4,166291.0,11.58,166291.0,8.64,2026-05-19,21,1910,14322.0,98.72,3x 4BR
Boston,2124,1801000.0,3.0,600333.33,4669,385.74,,,,,2026-05-19,11,1905,19566.0,102.91,3x 3BR
Haverhill,1832,970000.0,3.0,323333.33,4896,198.12,,,,,2026-05-19,25,1880,7313.0,102.21,"1x 1BR, 1x 3BR, 1x 6BR"
Springfield,1108,455000.0,2.0,227500.0,3502,129.93,12300.0,36.99,12300.0,2.7,2026-05-19,29,1908,5650.0,101.11,"1x 2BR, 1x 4BR"
Worcester,1610,1155000.0,6.0,192500.0,3296,350.42,124200.0,9.3,134538.0,11.65,2026-05-19,12,1890,13400.0,100.43,"2x 1BR, 2x 2BR, 1x 3BR"
Lawrence,1841,740900.0,2.0,370450.0,2502,296.12,68400.0,10.83,68400.0,9.23,2026-05-19,4,1900,4854.0,102.92,"1x 2BR, 1x 5BR"
Agawam,1001,610000.0,3.0,203333.33,3480,175.29,68940.0,8.85,68940.0,11.3,2026-05-19,8,1900,5052.0,93.85,"2x 3BR, 1x 4BR"
Attleboro,2703,755000.0,3.0,251666.67,3436,219.73,60960.0,12.39,47884.0,6.34,2026-05-19,17,1910,6933.0,100.67,"1x 2BR, 2x 3BR"
Malden,2148,1260000.0,3.0,420000.0,3860,326.42,,,,,2026-05-19,14,1900,10517.0,114.55,"1x 1BR, 1x 3BR, 1x 4BR"
Boston,2130,1400000.0,3.0,466666.67,3000,466.67,109200.0,12.82,109200.0,7.8,2026-05-20,17,1905,17163.01,108.11,3x 3BR
Plymouth,2360,820000.0,3.0,273333.33,2581,317.71,90480.0,9.06,78740.0,9.6,2026-05-20,29,1917,7190.0,98.23,"1x 1BR, 2x 2BR"
Cambridge,2141,1600000.0,2.0,800000.0,2267,705.78,98400.0,16.26,98400.0,6.15,2026-05-20,126,2015,9085.0,97.03,2x 2BR
Haverhill,1832,870000.0,2.0,435000.0,2205,394.56,,,,,2026-05-20,27,1900,5603.0,104.95,"1x 2BR, 1x 5BR"
Salem,1970,1140000.0,3.0,380000.0,4330,263.28,25500.0,44.71,25500.0,2.24,2026-05-20,20,1914,10702.0,99.13,"2x 2BR, 1x 3BR"
Webster,1570,530000.0,2.0,265000.0,2407,220.19,18000.0,29.44,18000.0,3.4,2026-05-20,8,1880,4462.0,101.94,2x 3BR
Worcester,1607,650000.0,0.0,inf,3684,176.44,51600.0,12.6,51600.0,7.94,2026-05-20,2,1890,7517.0,100.0,3x 3BR
Worcester,1605,715000.0,3.0,238333.33,3201,223.37,63880.0,11.19,63300.0,8.85,2026-05-20,24,1900,7786.0,102.88,3x 2BR
Arlington,2474,1460000.0,2.0,730000.0,2683,544.17,,,,,2026-05-20,21,1924,11946.0,116.8,"1x 2BR, 1x 3BR"
Walpole,2032,775000.0,2.0,387500.0,3730,207.77,,,,,2026-05-20,50,1900,12134.0,86.59,"1x 1BR, 1x 3BR, 1x 4BR"
Lynn,1902,1100000.0,5.0,220000.0,4068,270.4,117600.0,9.35,117600.0,10.69,2026-05-21,22,1890,10682.0,100.09,"4x 1BR, 1x 3BR"
Springfield,1108,495000.0,2.0,247500.0,5222,94.79,,,,,2026-05-21,20,1914,7473.0,101.04,2x 4BR
Somerville,2143,1750000.0,3.0,583333.33,3594,486.92,110400.0,15.85,110400.0,6.31,2026-05-21,30,1910,15655.0,100.0,3x 3BR
Chicopee,1013,550000.0,3.0,183333.33,3552,154.84,21000.0,26.19,21000.0,3.82,2026-05-21,9,1920,5283.0,100.02,"1x 2BR, 2x 3BR"
Haverhill,1832,860000.0,2.0,430000.0,2665,322.7,15600.0,55.13,15600.0,1.81,2026-05-21,15,1900,5595.0,103.74,"1x 2BR, 1x 4BR"
Lynn,1902,945000.0,2.0,472500.0,3171,298.01,54000.0,17.5,54000.0,5.71,2026-05-21,22,1900,8081.0,106.84,"1x 3BR, 1x 5BR"
Newbury,1951,1150000.0,3.0,383333.33,3650,315.07,,,,,2026-05-21,28,1790,7843.0,88.47,"2x 1BR, 1x 3BR"
Boston,2130,1715000.0,3.0,571666.67,5013,342.11,127200.0,13.48,97514.0,5.69,2026-05-21,21,1905,19960.0,112.46,"1x 3BR, 2x 4BR"
Framingham,1702,690000.0,3.0,230000.0,4230,163.12,,,,,2026-05-21,61,1867,0.0,100.0,"1x 0BR, 2x 1BR"
Chicopee,1013,390000.0,2.0,195000.0,2217,175.91,21600.0,18.06,21600.0,5.54,2026-05-21,32,1900,4245.0,97.5,2x 2BR
Gardner,1440,315000.0,2.0,157500.0,2232,141.13,12000.0,26.25,12000.0,3.81,2026-05-21,11,1922,5321.0,92.92,2x 2BR
Watertown,2472,980000.0,2.0,490000.0,2444,400.98,,,,,2026-05-21,13,1932,10581.0,103.7,2x 2BR
Fall River,2721,1275000.0,6.0,212500.0,7404,172.2,117800.0,10.82,95358.0,7.48,2026-05-21,42,1900,10542.08,94.44,5x 3BR
Springfield,1109,340000.0,2.0,170000.0,2346,144.93,,,,,2026-05-21,6,1901,3967.0,100.0,2x 2BR
Revere,2151,1275500.0,2.0,637750.0,3303,386.16,,,,,2026-05-21,42,1880,6475.98,100.43,"1x 2BR, 1x 3BR"
Peabody,1960,535000.0,2.0,267500.0,2759,193.91,,,,,2026-05-21,9,1850,5930.0,107.02,"1x 3BR, 1x 4BR"
Worcester,1605,860000.0,3.0,286666.67,3693,232.87,81600.0,10.54,81600.0,9.49,2026-05-21,57,1898,9189.0,98.29,3x 3BR
Haverhill,1835,1275000.0,5.0,255000.0,5725,222.71,133519.0,9.55,100671.0,7.9,2026-05-21,12,1940,9446.0,106.25,"1x 2BR, 4x 3BR"
Boston,2124,1200000.0,3.0,400000.0,3519,341.01,127200.0,9.43,102642.0,8.55,2026-05-21,27,1905,13598.68,100.08,"1x 3BR, 2x 4BR"
Taunton,2718,810000.0,2.0,405000.0,4504,179.84,,,,,2026-05-21,44,1979,8648.0,98.79,"1x 2BR, 1x 3BR"
Worcester,1603,425000.0,2.0,212500.0,3046,139.53,,,,,2026-05-21,6,1913,6325.0,94.47,2x 3BR
Somerville,2145,1300000.0,2.0,650000.0,3094,420.17,78000.0,16.67,78000.0,6.0,2026-05-21,17,1900,11232.0,104.0,"1x 1BR, 1x 4BR"
Fall River,2721,677000.0,3.0,225666.67,2727,248.26,36000.0,18.81,36000.0,5.32,2026-05-21,43,1908,5843.0,96.85,3x 3BR
Boston,2124,776000.0,2.0,388000.0,3953,196.31,,,,,2026-05-21,17,1910,11779.0,100.0,"1x 3BR, 1x 5BR"
Leominster,1453,640000.0,3.0,213333.33,2656,240.96,18000.0,35.56,18000.0,2.81,2026-05-21,18,1900,6507.0,92.89,"2x 1BR, 1x 3BR"
Everett,2149,635000.0,2.0,317500.0,1874,338.85,37200.0,17.07,37200.0,5.86,2026-05-21,14,1910,7023.0,94.09,2x 1BR
Lawrence,1841,665000.0,2.0,332500.0,2042,325.66,20400.0,32.6,20400.0,3.07,2026-05-21,202,1900,4367.0,97.09,2x 3BR
Springfield,1151,380000.0,2.0,190000.0,2086,182.17,,,,,2026-05-21,20,1912,5486.0,108.6,"1x 2BR, 1x 3BR"
Hudson,1749,830000.0,3.0,276666.67,4012,206.88,69000.0,12.03,69000.0,8.31,2026-05-22,78,1872,9880.0,97.66,3x 3BR
Springfield,1108,540000.0,2.0,270000.0,2800,192.86,,,,,2026-05-22,21,2025,0.0,98.18,2x 3BR
Lowell,1852,630000.0,2.0,315000.0,2322,271.32,72000.0,8.75,72000.0,11.43,2026-05-22,11,1910,5765.0,100.0,2x 3BR
Fall River,2724,825000.0,6.0,137500.0,4932,167.27,,,,,2026-05-22,19,1900,7227.0,91.77,5x 2BR
Fall River,2721,770000.0,3.0,256666.67,3027,254.38,56400.0,13.65,56400.0,7.32,2026-05-22,32,1900,5290.0,102.68,3x 3BR
Sudbury,1776,885000.0,2.0,442500.0,2436,363.3,66000.0,13.41,66000.0,7.46,2026-05-22,149,1920,12163.0,95.68,2x 2BR
South Hadley,1075,357500.0,2.0,178750.0,2406,148.59,12000.0,29.79,12000.0,3.36,2026-05-22,15,1850,5574.0,110.0,"1x 1BR, 1x 2BR"
Springfield,1104,420000.0,3.0,140000.0,3405,123.35,47400.0,8.86,41983.0,10.0,2026-05-22,22,1911,5044.0,101.2,3x 2BR
Lowell,1850,955000.0,3.0,318333.33,3450,276.81,69444.0,13.75,69444.0,7.27,2026-05-22,15,1955,7677.0,103.24,3x 4BR
Fall River,2721,860000.0,4.0,215000.0,3417,251.68,,,,,2026-05-22,21,1900,8202.0,102.5,"2x 2BR, 2x 5BR"
Beverly,1915,755000.0,2.0,377500.0,2148,351.49,239976.0,3.15,239976.0,31.78,2026-05-22,27,1900,6157.0,100.67,2x 2BR
Springfield,1104,355000.0,2.0,177500.0,1700,208.82,36000.0,9.86,36000.0,10.14,2026-05-22,32,1923,3898.0,100.03,2x 2BR
Revere,2151,799900.0,2.0,399950.0,1503,532.2,62940.0,12.71,62940.0,7.87,2026-05-22,17,1960,5794.0,100.0,"1x 1BR, 1x 2BR"
Boston,2119,865000.0,2.0,432500.0,3345,258.59,,,,,2026-05-22,75,1900,9680.0,96.22,"1x 2BR, 1x 4BR"
Southbridge,1550,440000.0,3.0,146666.67,4188,105.06,,,,,2026-05-22,19,1900,5662.0,100.0,3x 3BR
Boston,2131,915000.0,2.0,457500.0,2523,362.66,40200.0,22.76,40200.0,4.39,2026-05-22,4,1915,9433.0,101.78,"1x 2BR, 1x 4BR"
Woburn,1801,725000.0,2.0,362500.0,1400,517.86,,,,,2026-05-22,8,1987,5413.0,107.49,2x 2BR
Boston,2136,900000.0,2.0,450000.0,2490,361.45,,,,,2026-05-22,20,1910,6750.0,112.51,"1x 2BR, 1x 3BR"
Falmouth,2540,1950000.0,4.0,487500.0,2525,772.28,,,,,2026-05-22,30,1920,6476.0,97.74,"3x 2BR, 1x 3BR"
Melrose,2176,820000.0,2.0,410000.0,2605,314.78,,,,,2026-05-22,8,1874,6661.0,102.51,"1x 2BR, 1x 3BR"
Boston,2124,1100000.0,2.0,550000.0,3024,363.76,67200.0,16.37,67200.0,6.11,2026-05-22,58,1910,10488.0,100.0,"1x 2BR, 1x 5BR"
Boston,2124,1065000.0,2.0,532500.0,3633,293.15,,,,,2026-05-22,19,1900,9542.0,100.47,"1x 3BR, 1x 5BR"
Milford,1757,534000.0,3.0,178000.0,2164,246.77,23988.0,22.26,23988.0,4.49,2026-05-22,166,1890,5937.0,97.27,"2x 1BR, 1x 2BR"
Revere,2151,935000.0,2.0,467500.0,1677,557.54,,,,,2026-05-22,14,1958,0.0,104.0,"1x 2BR, 1x 3BR"
Gloucester,1930,940000.0,3.0,313333.33,3041,309.11,20040.0,46.91,5472.0,0.58,2026-05-22,34,1900,8129.0,104.68,"1x 1BR, 1x 2BR, 1x 4BR"
Athol,1331,330000.0,2.0,165000.0,2408,137.04,16200.0,20.37,16200.0,4.91,2026-05-22,16,1930,2933.0,95.65,2x 2BR
Boston,2121,1050000.0,3.0,350000.0,3980,263.82,,,,,2026-05-22,28,1920,10138.0,100.01,"1x 2BR, 2x 3BR"
Acton,1720,1025000.0,3.0,341666.67,3604,284.41,,,,,2026-05-25,1,1880,12758.0,95.35,"2x 2BR, 1x 3BR"
Springfield,1109,240000.0,2.0,120000.0,3073,78.1,,,,,2026-05-26,38,1907,2866.0,117.07,"1x 2BR, 1x 4BR"
Lawrence,1843,825000.0,2.0,412500.0,2550,323.53,30000.0,27.5,30000.0,3.64,2026-05-26,8,1905,4789.0,113.01,2x 2BR
Chelsea,2150,1075000.0,3.0,358333.33,3045,353.04,109200.0,9.84,68400.0,6.36,2026-05-26,32,1900,9816.0,97.73,3x 3BR
Boston,2129,1026000.0,2.0,513000.0,2220,462.16,,,,,2026-05-26,13,1885,9636.0,114.0,"1x 1BR, 1x 3BR"
Marlborough,1752,680000.0,2.0,340000.0,3398,200.12,56400.0,12.06,45215.0,6.65,2026-05-26,16,1900,6591.0,100.74,"1x 2BR, 1x 3BR"
Fitchburg,1420,475000.0,2.0,237500.0,2342,202.82,15600.0,30.45,15600.0,3.28,2026-05-26,11,1890,5196.39,105.56,"1x 1BR, 1x 3BR"
Southbridge,1550,555000.0,3.0,185000.0,4575,121.31,86988.0,6.38,86988.0,15.67,2026-05-26,23,1850,6176.0,102.97,"1x 1BR, 1x 4BR, 1x 5BR"
Wakefield,1880,975000.0,2.0,487500.0,2470,394.74,64200.0,15.19,58333.0,5.98,2026-05-26,7,1900,9579.84,108.35,"1x 2BR, 1x 3BR"
Malden,2148,870000.0,3.0,290000.0,2523,344.83,72540.0,11.99,68981.0,7.93,2026-05-26,57,1900,7822.0,96.67,"2x 1BR, 1x 2BR"
Somerville,2145,1320000.0,3.0,440000.0,3306,399.27,54000.0,24.44,54000.0,4.09,2026-05-26,18,1920,11629.0,94.35,"1x 2BR, 2x 3BR"
Townsend,1474,625000.0,2.0,312500.0,3443,181.53,,,,,2026-05-26,30,1951,7771.0,104.34,"1x 2BR, 1x 4BR"
Taunton,2780,670000.0,2.0,335000.0,1457,459.85,46800.0,14.32,46800.0,6.99,2026-05-26,88,1860,5436.0,98.53,"1x 2BR, 1x 4BR"
Everett,2149,980000.0,3.0,326666.67,2860,342.66,,,,,2026-05-26,18,1880,9782.0,103.16,"2x 2BR, 1x 3BR"
Arlington,2476,1350000.0,2.0,675000.0,2739,492.88,,,,,2026-05-26,5,1925,11777.0,103.85,"1x 2BR, 1x 3BR"
Templeton,1436,475000.0,2.0,237500.0,2500,190.0,36000.0,13.19,36000.0,7.58,2026-05-26,20,1800,4513.0,97.04,"1x 1BR, 1x 5BR"
Lawrence,1841,1100000.0,3.0,366666.67,3805,289.09,,,,,2026-05-26,21,1900,7117.0,114.58,3x 3BR
Attleboro,2703,695000.0,3.0,231666.67,3294,210.99,67020.0,10.37,51881.0,7.46,2026-05-26,21,1910,9507.88,102.96,3x 2BR
Lawrence,1841,860000.0,3.0,286666.67,5072,169.56,21600.0,39.81,21600.0,2.51,2026-05-27,63,1900,6299.0,96.74,"2x 3BR, 1x 4BR"
Milford,1757,903000.0,4.0,225750.0,3817,236.57,100800.0,8.96,100800.0,11.16,2026-05-27,11,1900,8800.0,100.34,"2x 1BR, 2x 3BR"
Worcester,1610,640000.0,3.0,213333.33,2310,277.06,57312.0,11.17,49608.0,7.75,2026-05-27,18,1890,6383.0,100.16,3x 2BR
Rockland,2370,800000.0,2.0,400000.0,1884,424.63,,,,,2026-05-27,2,1860,6771.0,100.0,2x 2BR
Taunton,2780,689000.0,2.0,344500.0,2346,293.69,19800.0,34.8,19800.0,2.87,2026-05-27,58,1876,6560.0,100.0,"1x 1BR, 1x 3BR"
Abington,2351,785000.0,4.0,196250.0,3473,226.03,40392.0,19.43,40392.0,5.15,2026-05-27,86,1776,8749.23,95.15,"1x 1BR, 3x 2BR"
Malden,2148,825000.0,2.0,412500.0,2552,323.28,,,,,2026-05-27,20,1900,8163.54,97.07,2x 2BR
Leicester,1611,275000.0,3.0,91666.67,2938,93.6,22908.0,12.0,22800.0,8.29,2026-05-27,71,1836,4291.0,68.92,"2x 1BR, 1x 2BR"
Lawrence,1841,660000.0,4.0,165000.0,3340,197.6,,,,,2026-05-27,30,1920,6036.0,80.01,"2x 1BR, 2x 2BR"
Westfield,1085,325000.0,2.0,162500.0,2108,154.17,16500.0,19.7,16500.0,5.08,2026-05-27,77,1880,4025.0,100.03,"1x 3BR, 1x 5BR"
Attleboro,2703,645000.0,2.0,322500.0,2517,256.26,,,,,2026-05-27,17,1910,4237.0,100.8,2x 2BR
Monson,1057,354500.0,3.0,118166.67,3228,109.82,36000.0,9.85,36000.0,10.16,2026-05-27,109,1900,5318.0,93.29,"2x 1BR, 1x 2BR"
Fitchburg,1420,415000.0,2.0,207500.0,2312,179.5,,,,,2026-05-27,36,1895,4922.62,96.96,"1x 2BR, 1x 3BR"
Fall River,2721,510000.0,2.0,255000.0,2409,211.71,27600.0,18.48,27600.0,5.41,2026-05-27,31,1900,4381.0,102.02,"1x 2BR, 1x 4BR"
Arlington,2474,2305000.0,2.0,1152500.0,4025,572.67,,,,,2026-05-27,9,1912,17038.0,115.54,"1x 2BR, 1x 4BR"
Taunton,2780,780000.0,2.0,390000.0,2854,273.3,,,,,2026-05-27,17,1910,7139.0,109.86,2x 3BR
Everett,2149,1100000.0,3.0,366666.67,3378,325.64,,,,,2026-05-27,16,1902,11752.0,91.67,3x 2BR
Boston,2128,962000.0,2.0,481000.0,2016,477.18,,,,,2026-05-27,22,1890,8025.0,101.26,"1x 2BR, 1x 4BR"
Boston,2125,990000.0,3.0,330000.0,3642,271.83,72000.0,13.75,72000.0,7.27,2026-05-27,36,1905,11092.0,99.0,"2x 3BR, 1x 4BR"
Gloucester,1930,1060000.0,2.0,530000.0,3752,282.52,31800.0,33.33,31800.0,3.0,2026-05-28,22,1900,8162.07,96.36,"1x 3BR, 1x 5BR"
Springfield,1104,450000.0,2.0,225000.0,2504,179.71,19800.0,22.73,19800.0,4.4,2026-05-28,8,1921,5210.0,107.17,"1x 2BR, 1x 3BR"
Winthrop,2152,1331000.0,4.0,332750.0,4260,312.44,,,,,2026-05-28,22,1890,9818.0,95.14,"1x 1BR, 2x 2BR, 1x 3BR"
Melrose,2176,1341000.0,2.0,670500.0,2950,454.58,81600.0,16.43,81600.0,6.09,2026-05-28,11,1922,8025.0,111.84,"1x 2BR, 1x 3BR"
Fairhaven,2719,510000.0,2.0,255000.0,1200,425.0,,,,,2026-05-28,94,1880,2893.0,96.24,2x 2BR
Malden,2148,990000.0,2.0,495000.0,2656,372.74,,,,,2026-05-28,49,1910,9814.0,100.1,2x 2BR
Fall River,2724,585000.0,2.0,292500.0,2288,255.68,15000.0,39.0,15000.0,2.56,2026-05-28,24,1875,4866.0,101.76,"1x 2BR, 1x 3BR"
Abington,2351,650000.0,3.0,216666.67,2531,256.82,,,,,2026-05-28,340,1831,7145.13,96.3,"1x 0BR, 1x 2BR, 1x 3BR"
Newton,2458,1850000.0,2.0,925000.0,3090,598.71,,,,,2026-05-28,91,1900,9307.0,93.67,2x 2BR
North Attleboro,2760,500000.0,2.0,250000.0,1122,445.63,,,,,2026-05-28,24,1900,3990.0,104.38,2x 1BR
Melrose,2176,7130000.0,23.0,310000.0,22324,319.39,665704.0,10.71,492156.0,6.9,2026-05-28,32,1961,37131.0,92.6,"1x 1BR, 1x 2BR"
Boston,2130,911500.0,2.0,455750.0,1728,527.49,34800.0,26.19,22203.0,2.44,2026-05-28,22,1920,10941.0,101.39,2x 2BR
Melrose,2176,6570000.0,24.0,273750.0,13440,488.84,563678.0,11.66,369984.0,5.63,2026-05-28,32,1964,31085.0,93.86,2x 1BR
Wakefield,1880,880000.0,2.0,440000.0,2140,411.21,,,,,2026-05-28,20,1900,8291.0,101.73,2x 2BR
Fitchburg,1420,555000.0,2.0,277500.0,2484,223.43,,,,,2026-05-28,14,1924,5361.0,111.22,2x 2BR
Cambridge,2140,1780000.0,3.0,593333.33,2148,828.68,99900.0,17.82,93535.0,5.25,2026-05-28,22,1916,10011.0,104.77,3x 2BR
Merrimac,1860,625000.0,2.0,312500.0,1625,384.62,,,,,2026-05-28,5,1945,6807.0,100.0,"1x 1BR, 1x 2BR"
Springfield,1104,347000.0,2.0,173500.0,1696,204.6,18000.0,19.28,18000.0,5.19,2026-05-28,6,1924,4121.0,102.06,2x 2BR
Shutesbury,1072,670000.0,2.0,335000.0,3421,195.85,62400.0,10.74,42710.0,6.37,2026-05-28,17,1988,10748.0,100.0,2x 3BR
Gardner,1440,430000.0,3.0,143333.33,1656,259.66,48600.0,8.85,48600.0,11.3,2026-05-28,36,1900,4792.0,101.18,"1x 1BR, 2x 2BR"
Winthrop,2152,1107000.0,3.0,369000.0,4032,274.55,126000.0,8.79,126000.0,11.38,2026-05-28,9,1890,7981.48,105.43,"1x 3BR, 2x 4BR"
New Bedford,2740,635000.0,3.0,211666.67,3253,195.2,,,,,2026-05-28,74,1886,5618.0,97.69,"1x 2BR, 2x 3BR"
Malden,2148,999000.0,3.0,333000.0,3044,328.19,21600.0,46.25,21600.0,2.16,2026-05-28,21,1907,9649.0,100.92,3x 2BR
Somerville,2145,1200000.0,2.0,600000.0,2396,500.83,,,,,2026-05-28,28,1890,9308.0,88.89,"1x 2BR, 1x 4BR"
Boston,2131,1050000.0,2.0,525000.0,2260,464.6,,,,,2026-05-28,39,1930,8947.0,105.53,"1x 2BR, 1x 3BR"
Malden,2148,1100000.0,2.0,550000.0,2933,375.04,,,,,2026-05-28,9,1900,9022.0,100.01,"1x 2BR, 1x 3BR"
Shrewsbury,1545,530000.0,9.0,58888.89,6090,87.03,,,,,2026-05-28,3,1739,6044.0,106.0,2x 1BR
Springfield,1104,355000.0,2.0,177500.0,1952,181.86,,,,,2026-05-28,44,1917,4474.0,95.97,2x 3BR
Cambridge,2138,1650000.0,2.0,825000.0,2343,704.23,,,,,2026-05-28,21,1941,6530.0,100.0,2x 2BR
Boston,2130,1640000.0,4.0,410000.0,4562,359.49,119988.0,13.67,119988.0,7.32,2026-05-28,176,1905,18994.66,96.76,"1x 2BR, 2x 3BR"
Salem,1970,1020000.0,4.0,255000.0,4394,232.13,85200.0,11.97,78950.0,7.74,2026-05-28,33,1930,11051.0,92.73,"1x 1BR, 1x 2BR, 2x 3BR"
Gardner,1440,569000.0,3.0,189666.67,2959,192.29,67800.0,8.39,61174.0,10.75,2026-05-28,13,1900,7582.0,91.77,3x 3BR
Holyoke,1040,399000.0,2.0,199500.0,1714,232.79,,,,,2026-05-28,59,1880,4297.0,99.75,"1x 2BR, 1x 3BR"
West Springfield,1089,457700.0,2.0,228850.0,2082,219.84,19500.0,23.47,19500.0,4.26,2026-05-28,95,1877,4110.0,99.72,2x 2BR
Boston,2126,4875000.0,18.0,270833.33,15744,309.64,554528.0,8.79,419463.0,8.6,2026-05-28,171,1930,30412.0,90.28,2x 2BR
New Bedford,2740,550000.0,2.0,275000.0,1936,284.09,,,,,2026-05-29,11,1894,4669.0,104.78,"1x 2BR, 1x 4BR"
Boston,2127,940000.0,2.0,470000.0,1854,507.01,,,,,2026-05-29,22,1890,12128.0,94.09,2x 2BR
New Bedford,2740,750000.0,4.0,187500.0,4062,184.64,54000.0,13.89,54000.0,7.2,2026-05-29,36,1879,5929.0,100.0,"1x 1BR, 1x 2BR, 1x 3BR, 1x 4BR"
Fall River,2721,735000.0,3.0,245000.0,3276,224.36,70800.0,10.38,70800.0,9.63,2026-05-29,20,1900,5615.0,98.01,"2x 3BR, 1x 4BR"
Holyoke,1040,432000.0,2.0,216000.0,2744,157.43,,,,,2026-05-29,22,1920,6567.0,108.03,2x 3BR
Adams,1220,281900.0,2.0,140950.0,2208,127.67,11400.0,24.73,11400.0,4.04,2026-05-29,176,1840,3562.0,104.45,2x 2BR
Methuen,1844,845000.0,2.0,422500.0,2641,319.95,,,,,2026-05-29,10,1900,6890.0,105.63,2x 3BR
Belmont,2478,1400000.0,2.0,700000.0,2626,533.13,,,,,2026-05-29,14,1918,13881.0,103.7,"1x 2BR, 1x 3BR"
Chelsea,2150,712000.0,2.0,356000.0,1990,357.79,27600.0,25.8,27600.0,3.88,2026-05-29,21,1900,6403.0,101.71,2x 3BR
Springfield,1105,450000.0,2.0,225000.0,2456,183.22,46800.0,9.62,46800.0,10.4,2026-05-29,39,1897,4963.0,102.51,2x 3BR
New Bedford,2740,479000.0,3.0,159666.67,2472,193.77,21300.0,22.49,21300.0,4.45,2026-05-29,22,1920,3958.0,97.96,3x 2BR
New Bedford,2740,745000.0,3.0,248333.33,3321,224.33,,,,,2026-05-29,24,1913,5933.0,100.69,3x 3BR
Everett,2149,900000.0,2.0,450000.0,2265,397.35,31200.0,28.85,31200.0,3.47,2026-05-29,29,1900,8480.0,100.11,2x 2BR
Boston,2127,1150000.0,3.0,383333.33,2682,428.78,,,,,2026-05-29,56,1900,16402.0,143.93,3x 1BR
Springfield,1107,375000.0,2.0,187500.0,2440,153.69,38400.0,9.77,38400.0,10.24,2026-05-29,31,1915,4671.0,100.0,2x 3BR
Brockton,2301,985000.0,3.0,328333.33,4044,243.57,,,,,2026-05-29,13,1913,10389.0,101.03,3x 2BR
Winthrop,2152,1650000.0,2.0,825000.0,5362,307.72,,,,,2026-05-29,89,1978,15327.0,92.44,2x 4BR
Norwood,2062,915000.0,2.0,457500.0,2376,385.1,,,,,2026-05-29,12,1972,8205.0,101.67,2x 3BR
Waltham,2453,820000.0,2.0,410000.0,2352,348.64,,,,,2026-05-29,31,1860,5029.0,100.01,2x 3BR
Watertown,2472,1390000.0,2.0,695000.0,2928,474.73,75600.0,18.39,75600.0,5.44,2026-05-29,22,1900,12093.0,101.09,"1x 2BR, 1x 3BR"
Gardner,1440,730000.0,3.0,243333.33,3265,223.58,78000.0,9.36,78000.0,10.68,2026-05-29,5,1900,10300.0,97.33,3x 3BR
Lynn,1902,1000000.0,3.0,333333.33,3816,262.05,84000.0,11.9,84000.0,8.4,2026-05-29,36,1910,9335.0,95.24,3x 3BR
Boston,2124,1230000.0,3.0,410000.0,3465,354.98,118800.0,10.35,99350.0,8.08,2026-05-29,18,1905,10450.1,102.59,3x 3BR
Taunton,2780,585000.0,2.0,292500.0,1512,386.9,,,,,2026-05-29,23,1885,5157.0,101.74,"1x 2BR, 1x 3BR"
Quincy,2169,965000.0,2.0,482500.0,2027,476.07,74400.0,12.97,71000.0,7.36,2026-05-29,168,1918,9708.0,98.97,2x 3BR
Springfield,1104,430000.0,2.0,215000.0,2138,201.12,,,,,2026-05-29,11,1899,4850.0,100.23,2x 3BR
Taunton,2780,625000.0,2.0,312500.0,2074,301.35,46500.0,13.44,46500.0,7.44,2026-05-29,22,1825,4925.0,100.0,"1x 2BR, 1x 3BR"
Sterling,1564,649900.0,2.0,324950.0,2624,247.68,,,,,2026-05-29,18,1900,4422.0,100.0,"1x 2BR, 1x 3BR"
Chicopee,1013,522000.0,3.0,174000.0,3951,132.12,64800.0,8.06,64800.0,12.41,2026-05-29,20,1910,5411.0,94.91,3x 3BR
Lawrence,1841,820000.0,2.0,410000.0,3306,248.03,,,,,2026-05-29,24,1920,6884.0,101.36,2x 3BR
Brockton,2301,1050000.0,3.0,350000.0,3975,264.15,,,,,2026-05-29,22,1920,9053.0,95.45,3x 4BR
Braintree,2184,875000.0,2.0,437500.0,2700,324.07,15600.0,56.09,15600.0,1.78,2026-05-29,44,1910,8061.0,94.59,"1x 2BR, 1x 3BR"
Boston,2125,1245000.0,2.0,622500.0,2400,518.75,,,,,2026-05-29,16,1920,10475.0,95.77,"1x 2BR, 1x 4BR"
Boston,2127,1640000.0,2.0,820000.0,2478,661.82,99600.0,16.47,99600.0,6.07,2026-05-29,63,1900,17010.0,91.16,2x 3BR
New Bedford,2710,595000.0,3.0,198333.33,2039,291.81,,,,,2026-05-29,7,1882,5455.0,99.17,3x 2BR
Gardner,1440,490000.0,2.0,245000.0,2010,243.78,21600.0,22.69,21600.0,4.41,2026-05-29,12,1890,4207.0,101.05,"1x 2BR, 1x 3BR"
Acushnet,2743,595000.0,2.0,297500.0,1871,318.01,,,,,2026-05-29,17,1940,3977.0,103.48,2x 2BR
Boston,2121,915000.0,2.0,457500.0,2459,372.1,,,,,2026-05-29,18,1899,8101.0,101.78,"1x 1BR, 1x 3BR"
Waltham,2453,835000.0,2.0,417500.0,1372,608.6,,,,,2026-05-29,18,1963,7915.0,104.38,2x 2BR
Marlborough,1752,640000.0,2.0,320000.0,3392,188.68,55200.0,11.59,55200.0,8.62,2026-05-29,24,1900,6205.95,98.46,"1x 3BR, 1x 5BR"
Lowell,1852,685000.0,2.0,342500.0,1764,388.32,,,,,2026-05-29,18,1981,5438.0,105.4,2x 2BR
Clinton,1510,500000.0,2.0,250000.0,2640,189.39,44400.0,11.26,44400.0,8.88,2026-05-29,24,1900,5462.0,98.04,2x 2BR
Boston,2122,875000.0,3.0,291666.67,3532,247.73,34800.0,25.14,34800.0,3.98,2026-05-29,25,1895,7905.0,100.0,3x 1BR
Leominster,1453,520000.0,2.0,260000.0,1788,290.83,,,,,2026-05-29,21,1955,5855.0,104.02,2x 2BR
Worcester,1610,711000.0,3.0,237000.0,3312,214.67,45600.0,15.59,45600.0,6.41,2026-05-29,22,1890,7910.0,104.56,3x 3BR
Andover,1810,965000.0,2.0,482500.0,2908,331.84,,,,,2026-05-29,44,1850,11365.0,96.6,2x 3BR
Quincy,2169,800000.0,2.0,400000.0,2044,391.39,,,,,2026-05-29,31,1898,8833.0,88.89,2x 2BR
Worcester,1609,720000.0,3.0,240000.0,3636,198.02,42000.0,17.14,42000.0,5.83,2026-05-29,144,1890,6544.0,100.0,"1x 2BR, 2x 4BR"
Leominster,1453,560000.0,2.0,280000.0,2112,265.15,,,,,2026-05-29,24,1900,6095.0,103.9,"1x 1BR, 1x 2BR"
Fitchburg,1420,665000.0,2.0,332500.0,2256,294.77,57600.0,11.55,57600.0,8.66,2026-05-29,19,1900,3780.0,98.52,"1x 2BR, 1x 4BR"
Leominster,1453,525000.0,2.0,262500.0,2070,253.62,21600.0,24.31,21600.0,4.11,2026-05-29,24,1940,5277.0,95.45,"1x 1BR, 1x 3BR"
Lawrence,1841,800000.0,2.0,400000.0,2395,334.03,,,,,2026-05-29,67,1900,4693.0,106.67,2x 3BR
Salem,1970,690000.0,2.0,345000.0,2430,283.95,25200.0,27.38,25200.0,3.65,2026-05-29,19,1900,6566.0,92.01,"1x 2BR, 1x 3BR"
Fall River,2721,510000.0,2.0,255000.0,1685,302.67,,,,,2026-05-29,24,1900,3876.0,106.27,2x 2BR
Fitchburg,1420,415000.0,2.0,207500.0,1576,263.32,30000.0,13.83,30000.0,7.23,2026-05-29,15,1920,3657.0,98.83,"1x 1BR, 1x 2BR"
Medford,2155,1360000.0,3.0,453333.33,3183,427.27,,,,,2026-05-29,10,1918,10459.0,90.67,"1x 1BR, 1x 2BR, 1x 3BR"
Salem,1970,635000.0,2.0,317500.0,1786,355.54,39600.0,16.04,35972.0,5.66,2026-06-01,5,1864,8406.0,101.6,2x 1BR
Fall River,2723,850000.0,3.0,283333.33,3305,257.19,7700.0,110.39,94800.0,11.15,2026-06-01,21,1900,4810.0,106.26,"1x 3BR, 2x 4BR"
Malden,2148,920000.0,2.0,460000.0,2130,431.92,33600.0,27.38,33600.0,3.65,2026-06-01,17,1930,8389.0,100.11,"1x 1BR, 1x 3BR"
Springfield,1108,1940000.0,22.0,88181.82,22316,86.93,,,,,2026-06-01,139,1925,25676.0,88.22,2x 2BR
Cambridge,2139,1908000.0,2.0,954000.0,2727,699.67,,,,,2026-06-01,6,1924,10413.36,103.14,"1x 2BR, 1x 3BR"
Boston,2128,1100000.0,3.0,366666.67,2808,391.74,51600.0,21.32,51600.0,4.69,2026-06-01,60,1910,11546.0,92.51,3x 1BR
Cambridge,2141,2511600.0,2.0,1255800.0,4099,612.73,13200.0,190.27,13200.0,0.53,2026-06-01,7,1854,14023.0,125.58,"1x 2BR, 1x 4BR"
Woburn,1801,925000.0,2.0,462500.0,2319,398.88,69600.0,13.29,69600.0,7.52,2026-06-01,14,1960,6039.0,103.35,"1x 2BR, 1x 3BR"
Holyoke,1040,450770.0,2.0,225385.0,3650,123.5,,,,,2026-06-01,56,1900,3089.0,93.93,"1x 3BR, 1x 6BR"
Grafton,1560,786500.0,2.0,393250.0,3024,260.09,,,,,2026-06-01,17,1930,7365.0,98.44,2x 3BR
Lynn,1902,630000.0,2.0,315000.0,1555,405.14,,,,,2026-06-01,24,1900,4761.0,95.6,"1x 1BR, 1x 4BR"
Norwood,2062,1100000.0,3.0,366666.67,2488,442.12,103800.0,10.6,103800.0,9.44,2026-06-01,42,1959,7373.0,95.65,"2x 2BR, 1x 3BR"
Middleboro,2346,900000.0,3.0,300000.0,3730,241.29,84000.0,10.71,62473.0,6.94,2026-06-01,7,1900,7633.0,100.0,3x 2BR
Boston,2122,1320000.0,2.0,660000.0,2900,455.17,82800.0,15.94,82800.0,6.27,2026-06-01,8,1910,12085.0,101.55,2x 3BR
Everett,2149,885000.0,2.0,442500.0,2843,311.29,55200.0,16.03,55200.0,6.24,2026-06-01,15,1900,9146.0,100.0,"1x 3BR, 1x 4BR"
Worcester,1604,735000.0,3.0,245000.0,3480,211.21,49200.0,14.94,49200.0,6.69,2026-06-01,32,1910,8889.0,98.01,3x 3BR
Holyoke,1040,440000.0,2.0,220000.0,2056,214.01,19800.0,22.22,19800.0,4.5,2026-06-01,20,1880,4758.0,97.8,"1x 2BR, 1x 3BR"
Holyoke,1040,389000.0,2.0,194500.0,2213,175.78,37200.0,10.46,25922.0,6.66,2026-06-01,20,1900,6504.0,97.49,"1x 1BR, 1x 2BR"
Dedham,2026,1125000.0,2.0,562500.0,3286,342.36,42000.0,26.79,42000.0,3.73,2026-06-01,99,1900,11571.0,95.75,2x 3BR
Salem,1970,2150000.0,6.0,358333.33,6744,318.8,73200.0,29.37,73200.0,3.4,2026-06-01,48,1870,9045.0,86.0,"1x 1BR, 4x 2BR"
New Bedford,2740,475000.0,2.0,237500.0,2580,184.11,,,,,2026-06-01,121,1882,4413.0,97.14,2x 2BR
Beverly,1915,983000.0,3.0,327666.67,1819,540.41,84600.0,11.62,68407.0,6.96,2026-06-01,24,1900,7136.0,95.9,"1x 1BR, 2x 2BR"
Medford,2155,1075000.0,2.0,537500.0,3088,348.12,87600.0,12.27,87600.0,8.15,2026-06-01,15,1920,8881.12,107.5,"1x 2BR, 1x 3BR"
Springfield,1108,555000.0,2.0,277500.0,2560,216.8,,,,,2026-06-01,14,2026,0.0,102.8,2x 3BR
Leominster,1453,610000.0,2.0,305000.0,1859,328.13,47400.0,12.87,47400.0,7.77,2026-06-01,31,1940,5598.0,109.12,"1x 1BR, 1x 3BR"
Malden,2148,940000.0,2.0,470000.0,1903,493.96,,,,,2026-06-01,27,1920,8388.0,104.56,"1x 1BR, 1x 2BR"
Fitchburg,1420,480000.0,2.0,240000.0,1608,298.51,38700.0,12.4,38700.0,8.06,2026-06-01,16,1900,5793.0,106.69,2x 3BR
Ashland,1721,799400.0,2.0,399700.0,2400,333.08,43200.0,18.5,43200.0,5.4,2026-06-01,25,1860,6676.0,100.0,2x 2BR
Belmont,2478,1875000.0,3.0,625000.0,3393,552.61,,,,,2026-06-01,56,1912,11820.77,93.98,"1x 2BR, 2x 3BR"
Boston,2130,1800000.0,2.0,900000.0,4063,443.02,48000.0,37.5,48000.0,2.67,2026-06-01,15,1920,21027.0,100.0,"1x 3BR, 1x 6BR"
Worcester,1604,310000.0,2.0,155000.0,2051,151.15,,,,,2026-06-01,39,1890,4744.0,88.83,2x 2BR
Boston,2124,1200000.0,2.0,600000.0,2928,409.84,,,,,2026-06-01,0,1942,9145.0,100.0,2x 2BR
Fall River,2723,650000.0,3.0,216666.67,3802,170.96,,,,,2026-06-02,21,1900,4999.0,100.02,2x 3BR
Gardner,1440,512500.0,3.0,170833.33,2648,193.54,,,,,2026-06-02,21,1900,5882.0,93.2,3x 2BR
Fitchburg,1420,555000.0,2.0,277500.0,2419,229.43,48000.0,11.56,48000.0,8.65,2026-06-02,23,1900,5646.0,102.8,"1x 2BR, 1x 4BR"
Gardner,1440,553000.0,3.0,184333.33,3048,181.43,42000.0,13.17,42000.0,7.59,2026-06-02,12,1910,4913.0,100.56,3x 3BR
Boston,2124,1275000.0,2.0,637500.0,3114,409.44,86400.0,14.76,86400.0,6.78,2026-06-02,18,2019,9638.0,100.0,2x 3BR
Boston,2130,1800000.0,2.0,900000.0,3885,463.32,103200.0,17.44,103200.0,5.73,2026-06-02,10,1920,20420.32,100.0,2x 3BR
Arlington,2476,925000.0,2.0,462500.0,2656,348.27,,,,,2026-06-02,12,1923,10703.0,92.96,2x 3BR
Boston,2128,1285000.0,3.0,428333.33,2976,431.79,87600.0,14.67,87600.0,6.82,2026-06-02,41,1900,12525.0,95.19,3x 2BR
Boston,2121,1110000.0,3.0,370000.0,3279,338.52,113760.0,9.76,113760.0,10.25,2026-06-02,28,1905,99.0,98.67,3x 3BR
Worcester,1603,825000.0,3.0,275000.0,3204,257.49,63600.0,12.97,63600.0,7.71,2026-06-02,19,1923,7136.0,103.14,3x 2BR
Millbury,1527,600000.0,2.0,300000.0,2100,285.71,21600.0,27.78,21600.0,3.6,2026-06-02,16,1961,6510.0,100.0,"1x 2BR, 1x 3BR"
Springfield,1108,330000.0,2.0,165000.0,2019,163.45,,,,,2026-06-02,115,1916,4111.0,97.37,"1x 1BR, 1x 3BR"
Weymouth,2191,777000.0,2.0,388500.0,1664,466.95,60000.0,12.95,60000.0,7.72,2026-06-02,53,1943,5552.0,99.74,2x 2BR
Fall River,2724,1225000.0,6.0,204166.67,6273,195.28,,,,,2026-06-02,145,1900,9056.95,81.67,5x 2BR
Agawam,1001,600000.0,3.0,200000.0,4176,143.68,63540.0,9.44,63540.0,10.59,2026-06-02,43,1912,5164.0,96.0,"1x 2BR, 2x 3BR"
Quincy,2169,860000.0,2.0,430000.0,2608,329.75,,,,,2026-06-02,22,1915,9274.0,114.82,"1x 2BR, 1x 3BR"
Fitchburg,1420,575000.0,2.0,287500.0,3376,170.32,16800.0,34.23,16800.0,2.92,2026-06-02,21,1910,5580.0,102.7,2x 3BR
Wakefield,1880,855000.0,2.0,427500.0,1408,607.24,60000.0,14.25,60000.0,7.02,2026-06-03,22,1920,8295.0,102.4,"1x 1BR, 1x 2BR"
Medford,2155,1100000.0,2.0,550000.0,2502,439.65,,,,,2026-06-03,33,1925,10024.0,93.62,"1x 2BR, 1x 3BR"
Boston,2135,2225000.0,2.0,1112500.0,3876,574.05,,,,,2026-06-03,208,1930,10643.0,91.38,"1x 3BR, 1x 4BR"
Boston,2122,1200000.0,2.0,600000.0,3230,371.52,92040.0,13.04,92040.0,7.67,2026-06-03,7,1905,10343.0,104.35,"1x 3BR, 1x 4BR"
Marlborough,1752,890000.0,3.0,296666.67,3585,248.26,,,,,2026-06-03,28,1920,6562.0,93.78,"2x 2BR, 1x 3BR"
Boston,2125,705000.0,2.0,352500.0,2340,301.28,18900.0,37.3,18900.0,2.68,2026-06-03,23,1920,7521.0,128.21,"1x 2BR, 1x 3BR"
Lexington,2420,1200000.0,2.0,600000.0,1620,740.74,81600.0,14.71,81600.0,6.8,2026-06-03,15,1940,11178.0,96.08,2x 2BR
Greenfield,1301,466000.0,2.0,233000.0,2850,163.51,,,,,2026-06-03,81,1900,4537.0,98.11,2x 3BR
Worcester,1610,335000.0,2.0,167500.0,1967,170.31,,,,,2026-06-03,13,1890,4243.0,80.72,"1x 1BR, 1x 3BR"
Adams,1220,259900.0,2.0,129950.0,2840,91.51,,,,,2026-06-03,60,1900,2961.0,91.22,2x 3BR
Worcester,1604,725000.0,3.0,241666.67,5604,129.37,43200.0,16.78,43200.0,5.96,2026-06-03,30,1920,9712.99,90.64,"2x 3BR, 1x 4BR"
Fitchburg,1420,485000.0,3.0,161666.67,3449,140.62,42000.0,11.55,42000.0,8.66,2026-06-03,92,1900,6833.0,102.11,"2x 2BR, 1x 4BR"
Cambridge,2141,6200000.0,9.0,688888.89,11532,537.63,,,,,2026-06-03,294,1900,99.0,89.21,2x 2BR
Fitchburg,1420,600000.0,2.0,300000.0,2532,236.97,45600.0,13.16,45600.0,7.6,2026-06-03,17,1920,5296.0,96.77,2x 3BR
Peabody,1960,735000.0,2.0,367500.0,1596,460.53,60000.0,12.25,60000.0,8.16,2026-06-03,20,1920,5382.0,105.02,"1x 2BR, 1x 3BR"
Rockport,1966,700000.0,2.0,350000.0,1373,509.83,33600.0,20.83,22545.0,3.22,2026-06-04,22,1860,5222.0,101.6,2x 1BR
Braintree,2184,800000.0,2.0,400000.0,1651,484.55,37200.0,21.51,37200.0,4.65,2026-06-04,22,1917,6191.0,100.13,"1x 1BR, 1x 3BR"
Worcester,1604,1002500.0,5.0,200500.0,5873,170.7,112800.0,8.89,112800.0,11.25,2026-06-04,29,1920,11980.0,97.8,"1x 1BR, 1x 2BR, 3x 4BR"
Worcester,1604,775000.0,3.0,258333.33,4050,191.36,76800.0,10.09,76800.0,9.91,2026-06-04,21,1890,8224.0,97.0,3x 3BR
Norfolk,2056,857000.0,2.0,428500.0,2580,332.17,70800.0,12.1,60125.0,7.02,2026-06-04,54,1850,10020.0,99.08,2x 3BR
Boston,2130,2988000.0,3.0,996000.0,4747,629.45,203400.0,14.69,203400.0,6.81,2026-06-04,112,2023,7368.0,98.35,3x 4BR
Pepperell,1463,700000.0,3.0,233333.33,3573,195.91,70800.0,9.89,70800.0,10.11,2026-06-04,33,1880,5087.58,100.0,"1x 1BR, 1x 2BR, 1x 4BR"
Fall River,2721,712000.0,3.0,237333.33,3018,235.92,50400.0,14.13,50400.0,7.08,2026-06-04,21,1900,5236.0,109.54,3x 3BR
Southbridge,1550,380000.0,2.0,190000.0,2036,186.64,12480.0,30.45,12480.0,3.28,2026-06-04,23,1910,4782.0,111.8,"1x 2BR, 1x 3BR"
Chelsea,2150,860000.0,3.0,286666.67,2103,408.94,16800.0,51.19,16800.0,1.95,2026-06-04,6,1900,8139.0,107.51,3x 1BR
Somerville,2143,1238000.0,3.0,412666.67,2314,535.0,21600.0,57.31,21600.0,1.74,2026-06-04,22,1900,11386.0,103.34,3x 2BR
Worcester,1605,550000.0,2.0,275000.0,2388,230.32,24000.0,22.92,24000.0,4.36,2026-06-04,69,1900,5655.0,100.02,2x 2BR
East Brookfield,1515,510000.0,2.0,255000.0,1920,265.63,22200.0,22.97,22200.0,4.35,2026-06-04,28,1991,4743.0,102.2,2x 2BR
West Springfield,1089,480000.0,2.0,240000.0,2504,191.69,,,,,2026-06-04,6,1920,5264.0,106.67,2x 2BR
Melrose,2176,1075000.0,2.0,537500.0,2388,450.17,58200.0,18.47,57000.0,5.3,2026-06-04,14,1900,8945.0,107.72,"1x 2BR, 1x 4BR"
Fall River,2720,465000.0,3.0,155000.0,3179,146.27,,,,,2026-06-04,10,1900,6190.0,117.13,"1x 2BR, 2x 3BR"
Medford,2155,1168000.0,2.0,584000.0,2276,513.18,,,,,2026-06-04,6,1906,9052.0,102.56,2x 3BR
Arlington,2474,818000.0,2.0,409000.0,1632,501.23,,,,,2026-06-04,21,1909,7287.0,102.38,2x 2BR
Montague,1351,465000.0,2.0,232500.0,2420,192.15,25200.0,18.45,25200.0,5.42,2026-06-04,21,1986,4648.0,103.56,2x 3BR
New Bedford,2740,600000.0,3.0,200000.0,3331,180.13,32400.0,18.52,32400.0,5.4,2026-06-05,41,1889,7145.97,100.02,"1x 2BR, 2x 3BR"
Lowell,1852,815000.0,2.0,407500.0,2288,356.21,30000.0,27.17,30000.0,3.68,2026-06-05,19,1970,6818.0,101.89,"1x 3BR, 1x 4BR"
Revere,2151,890000.0,2.0,445000.0,1724,516.24,55200.0,16.12,55200.0,6.2,2026-06-05,15,1895,6410.0,104.83,"1x 1BR, 1x 2BR"
Somerville,2144,1663000.0,3.0,554333.33,3749,443.58,127660.0,13.03,125880.0,7.57,2026-06-05,15,1910,16329.0,97.88,3x 3BR
Worcester,1605,480000.0,2.0,240000.0,1928,248.96,,,,,2026-06-05,30,1890,5434.0,96.19,"1x 2BR, 1x 3BR"
Malden,2148,1450000.0,2.0,725000.0,4153,349.15,,,,,2026-06-05,15,1906,12698.0,111.62,"1x 3BR, 1x 4BR"
Milton,2186,1500000.0,2.0,750000.0,3213,466.85,48000.0,31.25,48000.0,3.2,2026-06-05,306,1900,13082.0,95.24,2x 3BR
Worcester,1610,745000.0,3.0,248333.33,3960,188.13,75600.0,9.85,75600.0,10.15,2026-06-05,18,1910,9049.0,100.0,3x 3BR
Gardner,1440,535000.0,2.0,267500.0,2887,185.31,50400.0,10.62,50400.0,9.42,2026-06-05,52,1920,5128.0,97.27,"1x 2BR, 1x 3BR"
Worcester,1604,555000.0,2.0,277500.0,2160,256.94,,,,,2026-06-05,59,1898,4500.0,102.8,2x 2BR
Fitchburg,1420,580000.0,3.0,193333.33,2430,238.68,52200.0,11.11,52200.0,9.0,2026-06-05,125,1940,7394.0,99.15,"2x 1BR, 1x 3BR"
Watertown,2472,1325000.0,2.0,662500.0,2771,478.17,,,,,2026-06-05,15,1921,12377.0,100.0,"1x 2BR, 1x 3BR"
Chicopee,1020,347000.0,2.0,173500.0,1944,178.5,40800.0,8.5,40800.0,11.76,2026-06-05,8,1880,3723.0,99.17,"1x 2BR, 1x 3BR"
North Attleboro,2760,701000.0,2.0,350500.0,1910,367.02,16800.0,41.73,16800.0,2.4,2026-06-05,21,1920,5853.0,103.85,"1x 1BR, 1x 2BR"
Worcester,1609,565000.0,2.0,282500.0,1984,284.78,22800.0,24.78,22800.0,4.04,2026-06-05,75,1890,3739.0,99.14,2x 2BR
New Bedford,2740,650000.0,3.0,216666.67,3678,176.73,54000.0,12.04,54000.0,8.31,2026-06-05,19,1874,5782.0,100.02,3x 2BR
Holyoke,1040,420000.0,2.0,210000.0,2484,169.08,,,,,2026-06-05,14,1900,4639.0,107.97,"1x 3BR, 1x 4BR"
Wellesley,2482,2250000.0,2.0,1125000.0,3994,563.35,147600.0,15.24,144600.0,6.43,2026-06-05,41,1913,20726.0,93.75,2x 4BR
Lawrence,1841,1000000.0,3.0,333333.33,4671,214.09,48000.0,20.83,48000.0,4.8,2026-06-05,25,1910,6461.0,117.65,"2x 3BR, 1x 4BR"
Lowell,1852,590000.0,2.0,295000.0,2034,290.07,19200.0,30.73,19200.0,3.25,2026-06-05,70,1900,5110.0,98.35,"1x 2BR, 1x 4BR"
Worcester,1608,538000.0,2.0,269000.0,2343,229.62,56400.0,9.54,56400.0,10.48,2026-06-05,33,1920,6059.0,92.77,2x 3BR
Fall River,2720,750000.0,5.0,150000.0,4668,160.67,63600.0,11.79,76500.0,10.2,2026-06-05,234,1900,7367.0,91.46,"4x 2BR, 1x 3BR"
Amesbury,1913,771225.0,2.0,385612.5,3401,226.76,22500.0,34.28,22500.0,2.92,2026-06-05,18,1880,9888.0,112.59,2x 3BR
Peabody,1960,900000.0,2.0,450000.0,2100,428.57,62400.0,14.42,62400.0,6.93,2026-06-05,20,1930,5854.0,101.13,"1x 2BR, 1x 3BR"
Pepperell,1463,767000.0,3.0,255666.67,3705,207.02,72900.0,10.52,72900.0,9.5,2026-06-05,21,1925,7859.0,96.48,"1x 2BR, 1x 3BR, 1x 4BR"
Bridgewater,2324,690000.0,2.0,345000.0,1792,385.04,36000.0,19.17,36000.0,5.22,2026-06-05,22,1925,5990.0,100.0,2x 3BR
Winchendon,1475,487000.0,2.0,243500.0,2331,208.92,,,,,2026-06-05,6,1870,3272.0,113.52,"1x 2BR, 1x 3BR"
Quincy,2169,1140000.0,2.0,570000.0,2628,433.79,38400.0,29.69,38400.0,3.37,2026-06-05,15,1912,9429.0,103.65,"1x 2BR, 1x 4BR"
Deerfield,1342,440000.0,3.0,146666.67,3300,133.33,12000.0,36.67,12000.0,2.73,2026-06-05,35,1877,7188.0,91.67,"1x 1BR, 1x 2BR, 1x 3BR"
Leominster,1453,475000.0,2.0,237500.0,2000,237.5,,,,,2026-06-05,25,1915,5386.0,100.02,2x 2BR
Boston,2131,1025000.0,2.0,512500.0,3869,264.93,30000.0,34.17,30000.0,2.93,2026-06-05,64,1910,9053.0,102.6,"2x 2BR, 1x 3BR"
Gardner,1440,380000.0,2.0,190000.0,1710,222.22,,,,,2026-06-05,15,1850,3721.0,105.58,"1x 1BR, 1x 4BR"
Lynn,1904,810000.0,2.0,405000.0,2285,354.49,,,,,2026-06-05,7,1910,7553.0,102.54,2x 2BR
Somerville,2144,1150000.0,2.0,575000.0,1710,672.51,,,,,2026-06-05,12,1900,11347.0,109.52,"1x 1BR, 1x 3BR"
Springfield,1108,395000.0,2.0,197500.0,1600,246.88,,,,,2026-06-05,9,1920,3366.0,105.33,"1x 2BR, 1x 3BR"
Worcester,1602,770000.0,3.0,256666.67,5055,152.32,61200.0,12.58,49325.0,6.41,2026-06-05,62,1910,9115.39,98.84,3x 2BR
Cambridge,2140,2182750.0,3.0,727583.33,2558,853.3,,,,,2026-06-05,44,1891,10341.0,91.71,"1x 1BR, 2x 2BR"
Lynn,1904,883000.0,2.0,441500.0,2432,363.08,,,,,2026-06-05,22,1920,9013.0,103.88,2x 2BR
Belmont,2478,1105000.0,2.0,552500.0,2184,505.95,,,,,2026-06-05,5,1956,11538.0,119.46,2x 3BR
Boston,2128,1650000.0,6.0,275000.0,6660,247.75,166380.0,9.92,116424.0,7.06,2026-06-05,20,1899,13694.0,97.06,"1x 1BR, 3x 2BR, 1x 3BR"
Bellingham,2019,653350.0,2.0,326675.0,2129,306.88,,,,,2026-06-05,20,1962,5210.0,108.89,"1x 1BR, 1x 3BR"
Fall River,2723,470000.0,2.0,235000.0,1920,244.79,22800.0,20.61,22800.0,4.85,2026-06-05,11,1922,3845.0,104.44,"1x 0BR, 2x 3BR"
Fitchburg,1420,430490.0,2.0,215245.0,1584,271.77,44400.0,9.7,44400.0,10.31,2026-06-05,118,1920,4414.0,101.29,2x 2BR
Boston,2127,935000.0,2.0,467500.0,2114,442.29,39000.0,23.97,39000.0,4.17,2026-06-05,52,1895,0.0,98.73,2x 2BR
Cambridge,2138,3200000.0,7.0,457142.86,9217,347.18,,,,,2026-06-06,32,2026,6113.0,96.97,"1x 1BR, 1x 2BR"
Boston,2131,1000000.0,2.0,500000.0,2768,361.27,18000.0,55.56,18000.0,1.8,2026-06-07,3,1905,7393.0,100.0,"1x 2BR, 1x 4BR"
Swansea,2777,450000.0,2.0,225000.0,1320,340.91,40800.0,11.03,40800.0,9.07,2026-06-08,35,1900,4768.0,101.12,2x 2BR
Boston,2135,1200000.0,2.0,600000.0,2812,426.74,68700.0,17.47,68700.0,5.72,2026-06-08,20,1920,12565.0,101.27,"1x 3BR, 1x 4BR"
Rockport,1966,800000.0,4.0,200000.0,2773,288.5,70320.0,11.38,61220.0,7.65,2026-06-08,11,1810,7500.64,76.19,"3x 1BR, 1x 3BR"
Taunton,2780,1190000.0,3.0,396666.67,4300,276.74,102000.0,11.67,102000.0,8.57,2026-06-08,16,2026,0.0,99.17,"1x 2BR, 2x 3BR"
Everett,2149,1340000.0,3.0,446666.67,2952,453.93,73140.0,18.32,73140.0,5.46,2026-06-08,14,1900,10645.0,103.16,3x 3BR
Chicopee,1013,515000.0,3.0,171666.67,4483,114.88,35400.0,14.55,27187.0,5.28,2026-06-08,33,1900,4922.0,103.21,"2x 2BR, 1x 4BR"
New Bedford,2740,408000.0,2.0,204000.0,1926,211.84,,,,,2026-06-08,22,1905,3782.0,102.51,2x 2BR
Boston,2127,1450000.0,3.0,483333.33,3544,409.14,,,,,2026-06-08,8,1880,17647.0,93.55,"1x 1BR, 1x 2BR, 1x 3BR"
New Bedford,2745,750100.0,3.0,250033.33,3390,221.27,,,,,2026-06-08,23,1914,6478.0,100.03,3x 3BR
Revere,2151,945000.0,2.0,472500.0,3050,309.84,39600.0,23.86,39600.0,4.19,2026-06-08,24,1939,5953.0,99.47,"1x 2BR, 1x 3BR"
Fitchburg,1420,515000.0,2.0,257500.0,2241,229.81,19200.0,26.82,19200.0,3.73,2026-06-08,21,1937,5568.51,105.12,2x 2BR
Lynn,1902,915000.0,2.0,457500.0,2893,316.28,24888.0,36.76,24888.0,2.72,2026-06-08,19,1910,8708.0,104.57,"1x 2BR, 1x 3BR"
Lowell,1954,790000.0,2.0,395000.0,2900,272.41,,,,,2026-06-08,19,1900,6206.0,105.47,2x 3BR
Boston,2136,1218000.0,3.0,406000.0,3546,343.49,108000.0,11.28,108000.0,8.87,2026-06-08,60,1927,11311.0,98.31,3x 3BR
Malden,2148,1075000.0,2.0,537500.0,2160,497.69,72000.0,14.93,72000.0,6.7,2026-06-08,24,1910,9376.0,107.61,"1x 2BR, 1x 3BR"
Easthampton,1027,430000.0,2.0,215000.0,1560,275.64,46200.0,9.31,46200.0,10.74,2026-06-08,7,1910,4890.0,102.63,2x 2BR
Boston,2124,1211000.0,3.0,403666.67,3243,373.42,37200.0,32.55,37200.0,3.07,2026-06-09,13,1930,11076.0,103.06,3x 3BR
Raynham,2767,673000.0,2.0,336500.0,2214,303.97,,,,,2026-06-09,20,1950,6075.0,103.55,2x 2BR
Fall River,2721,837000.0,4.0,209250.0,5863,142.76,12000.0,69.75,12000.0,1.43,2026-06-09,29,1976,10300.0,98.47,"2x 1BR, 1x 3BR"
Winchester,1890,1060000.0,2.0,530000.0,2849,372.06,,,,,2026-06-09,23,1870,12473.0,100.0,"1x 2BR, 1x 3BR"
Malden,2148,760000.0,2.0,380000.0,2310,329.0,,,,,2026-06-09,22,1920,8685.0,108.59,"1x 1BR, 1x 4BR"
Brockton,2301,890000.0,3.0,296666.67,2835,313.93,52200.0,17.05,52200.0,5.87,2026-06-09,17,1880,8960.0,102.89,"1x 2BR, 2x 3BR"
Danvers,1923,730000.0,2.0,365000.0,1829,399.13,52020.0,14.03,52020.0,7.13,2026-06-09,31,1875,7857.0,100.01,2x 1BR
Fall River,2724,780000.0,3.0,260000.0,3456,225.69,21600.0,36.11,21600.0,2.77,2026-06-09,30,1915,7018.0,97.5,3x 3BR
Holyoke,1040,475000.0,2.0,237500.0,2347,202.39,,,,,2026-06-09,55,1880,5289.0,102.15,"1x 2BR, 2x 3BR"
Somerville,2145,1175000.0,2.0,587500.0,3622,324.41,,,,,2026-06-09,28,1920,13876.0,97.92,"1x 3BR, 1x 5BR"
Ludlow,1056,384000.0,2.0,192000.0,1440,266.67,16800.0,22.86,16800.0,4.38,2026-06-09,52,1964,3996.0,98.71,2x 2BR
Lynn,1905,1150000.0,3.0,383333.33,3510,327.64,,,,,2026-06-09,20,1900,7745.0,100.0,3x 2BR
Lawrence,1843,873000.0,2.0,436500.0,2836,307.83,15600.0,55.96,15600.0,1.79,2026-06-09,22,1925,5673.0,105.82,2x 3BR
Lynn,1905,735000.0,2.0,367500.0,1365,538.46,,,,,2026-06-09,41,1897,6710.0,93.63,2x 2BR
Fitchburg,1420,310000.0,2.0,155000.0,2383,130.09,31608.0,9.81,31608.0,10.2,2026-06-09,10,1882,2990.0,83.81,"1x 2BR, 1x 3BR"
North Attleboro,2760,765000.0,3.0,255000.0,2086,366.73,39600.0,19.32,39600.0,5.18,2026-06-10,23,1900,5148.0,102.01,"1x 1BR, 1x 2BR, 1x 3BR"
Webster,1570,500000.0,3.0,166666.67,3768,132.7,,,,,2026-06-10,17,1880,4194.0,100.02,3x 3BR
Methuen,1844,865000.0,2.0,432500.0,1564,553.07,,,,,2026-06-10,7,1936,6907.0,100.01,2x 2BR
Montague,1376,345000.0,2.0,172500.0,2520,136.9,,,,,2026-06-10,9,1920,3212.0,101.5,2x 3BR
Boston,2127,750000.0,2.0,375000.0,2112,355.11,,,,,2026-06-10,68,1900,13423.0,95.06,2x 2BR
North Adams,1247,68000.0,2.0,34000.0,3532,19.25,,,,,2026-06-10,92,1880,2176.0,85.11,2x 4BR
Newton,2458,1080000.0,2.0,540000.0,2466,437.96,29700.0,36.36,29700.0,2.75,2026-06-10,16,1931,9928.0,108.01,"1x 2BR, 1x 3BR"
Boston,2125,1860000.0,6.0,310000.0,4164,446.69,172800.0,10.76,172800.0,9.29,2026-06-10,9,1900,21298.0,100.55,"4x 1BR, 1x 2BR"
South Hadley,1075,165000.0,2.0,82500.0,2002,82.42,,,,,2026-06-10,36,1870,3621.0,94.29,2x 2BR
Somerville,2143,1060000.0,2.0,530000.0,2205,480.73,,,,,2026-06-10,89,1900,9749.0,94.22,2x 3BR
Stoughton,2072,460000.0,2.0,230000.0,1299,354.12,28800.0,15.97,28800.0,6.26,2026-06-10,64,1940,5826.0,92.02,2x 2BR
Boston,2130,839000.0,3.0,279666.67,2760,303.99,63600.0,13.19,39432.0,4.7,2026-06-10,6,1920,7827.46,101.21,"1x 0BR, 2x 1BR"
Belmont,2478,1250000.0,2.0,625000.0,2525,495.05,,,,,2026-06-10,6,1917,10741.0,113.64,"1x 2BR, 1x 3BR"
Brockton,2302,870000.0,2.0,435000.0,3304,263.32,,,,,2026-06-10,4,1900,7237.0,98.87,2x 4BR
Brookline,2446,2200000.0,2.0,1100000.0,4369,503.55,36000.0,61.11,36000.0,1.64,2026-06-10,14,1929,17311.0,110.28,2x 3BR
Mansfield,2048,780000.0,1.0,780000.0,2717,287.08,54000.0,14.44,28000.0,3.59,2026-06-10,17,1900,9027.0,98.73,"1x 2BR, 1x 3BR"
Springfield,1107,505000.0,3.0,168333.33,4144,121.86,60600.0,8.33,57427.0,11.37,2026-06-10,12,1898,3721.0,113.48,"1x 2BR, 2x 4BR"
Fall River,2721,765000.0,4.0,191250.0,3749,204.05,,,,,2026-06-10,23,1900,6333.0,103.39,"3x 2BR, 1x 4BR"
Northbridge,1588,950000.0,5.0,190000.0,3205,296.41,25200.0,37.7,25200.0,2.65,2026-06-10,54,1900,7065.0,90.48,5x 3BR
Milton,2186,895000.0,2.0,447500.0,2753,325.1,,,,,2026-06-10,18,1891,8945.0,100.0,"1x 2BR, 1x 4BR"
Watertown,2472,950000.0,2.0,475000.0,1872,507.48,55800.0,17.03,53570.0,5.64,2026-06-10,7,1950,10341.0,97.95,2x 2BR
Fitchburg,1420,707000.0,4.0,176750.0,3947,179.12,64200.0,11.01,55561.0,7.86,2026-06-11,44,1910,7070.0,98.21,"2x 2BR, 2x 4BR"
Waltham,2453,1240000.0,4.0,310000.0,3874,320.08,94901.0,13.07,72381.0,5.84,2026-06-11,21,1910,12102.0,107.83,"2x 1BR, 1x 2BR, 1x 3BR"
Malden,2148,1075000.0,2.0,537500.0,4921,218.45,21600.0,49.77,21600.0,2.01,2026-06-11,17,1900,9198.0,108.7,2x 4BR
Cambridge,2138,2150000.0,2.0,1075000.0,3480,617.82,,,,,2026-06-11,44,1973,11847.0,91.49,"1x 3BR, 1x 4BR"
Lynn,1904,985000.0,2.0,492500.0,2343,420.4,,,,,2026-06-11,15,1900,7588.0,100.52,"1x 2BR, 1x 5BR"
Billerica,1821,820000.0,2.0,410000.0,2204,372.05,,,,,2026-06-11,40,1860,6977.0,96.48,2x 2BR
Fitchburg,1420,625000.0,3.0,208333.33,3024,206.68,70200.0,8.9,54970.0,8.8,2026-06-11,20,1900,5730.0,110.64,3x 3BR
Fall River,2723,466000.0,2.0,233000.0,2222,209.72,40800.0,11.42,40800.0,8.76,2026-06-11,41,1925,4167.0,101.3,2x 3BR
Easthampton,1027,550000.0,2.0,275000.0,1648,333.74,,,,,2026-06-11,20,1910,5256.0,95.65,2x 2BR
Taunton,2780,620000.0,2.0,310000.0,2256,274.82,36900.0,16.8,36900.0,5.95,2026-06-11,18,1900,5716.0,99.2,"1x 3BR, 1x 4BR"
Springfield,1109,370000.0,2.0,185000.0,2256,164.01,33000.0,11.21,33000.0,8.92,2026-06-11,49,1925,4542.0,100.03,2x 2BR
Fitchburg,1420,625000.0,3.0,208333.33,3835,162.97,51000.0,12.25,51000.0,8.16,2026-06-11,7,1940,6563.0,104.18,3x 2BR
Lynn,1905,860000.0,2.0,430000.0,2337,367.99,18000.0,47.78,18000.0,2.09,2026-06-11,12,1900,7671.0,107.63,"1x 2BR, 1x 4BR"
Lowell,1854,650000.0,2.0,325000.0,1948,333.68,31200.0,20.83,31200.0,4.8,2026-06-11,23,1900,5008.0,97.03,2x 3BR
Lowell,1851,620000.0,2.0,310000.0,1872,331.2,42000.0,14.76,42000.0,6.77,2026-06-11,12,1965,6964.19,99.2,2x 2BR
Springfield,1108,550000.0,2.0,275000.0,2400,229.17,,,,,2026-06-11,24,2025,0.0,98.21,2x 3BR
Cambridge,2140,1640000.0,2.0,820000.0,2992,548.13,,,,,2026-06-11,29,1940,10832.0,99.39,"1x 2BR, 1x 3BR"
Southbridge,1550,370000.0,2.0,185000.0,2756,134.25,15600.0,23.72,15600.0,4.22,2026-06-11,30,1900,5297.0,94.87,"1x 2BR, 1x 3BR"
Taunton,2780,598000.0,2.0,299000.0,1717,348.28,,,,,2026-06-11,25,1935,4755.0,103.28,"1x 1BR, 1x 2BR"
Lawrence,1843,850000.0,3.0,283333.33,3094,274.73,,,,,2026-06-11,36,1910,4161.0,95.61,"1x 1BR, 1x 2BR, 1x 4BR"
New Bedford,2740,645000.0,2.0,322500.0,2691,239.69,,,,,2026-06-11,19,1893,4072.0,107.68,"1x 2BR, 1x 4BR"
Fairhaven,2719,430000.0,2.0,215000.0,1652,260.29,42000.0,10.24,42000.0,9.77,2026-06-11,22,1920,3231.0,87.77,"1x 1BR, 1x 2BR"
Worcester,1602,510000.0,2.0,255000.0,1630,312.88,7200.0,70.83,7200.0,1.41,2026-06-11,24,1945,4713.0,113.36,2x 2BR
Everett,2149,1350000.0,4.0,337500.0,3920,344.39,94800.0,14.24,94800.0,7.02,2026-06-11,19,1921,13003.0,103.93,"2x 1BR, 2x 3BR"
Lowell,1854,650000.0,2.0,325000.0,1554,418.28,,,,,2026-06-12,25,1969,6030.0,101.58,2x 2BR
Winthrop,2152,1141500.0,3.0,380500.0,3978,286.95,91200.0,12.52,91200.0,7.99,2026-06-12,5,1900,9938.0,108.71,3x 3BR
New Bedford,2740,700000.0,3.0,233333.33,2810,249.11,74400.0,9.41,74400.0,10.63,2026-06-12,35,1890,5203.0,100.0,3x 3BR
Boston,2131,1250000.0,2.0,625000.0,2400,520.83,,,,,2026-06-12,28,1928,9535.0,104.17,2x 2BR
Lynn,1905,810000.0,2.0,405000.0,2572,314.93,,,,,2026-06-12,52,1900,7119.0,98.9,"1x 2BR, 1x 4BR"
Palmer,1069,450000.0,4.0,112500.0,3696,121.75,57960.0,7.76,57960.0,12.88,2026-06-12,18,1880,7017.0,100.02,"2x 2BR, 2x 3BR"
North Attleboro,2760,600000.0,2.0,300000.0,3053,196.53,,,,,2026-06-12,36,1900,6686.0,88.89,2x 3BR
Gardner,1440,200000.0,2.0,100000.0,2387,83.79,,,,,2026-06-12,22,1900,4259.0,118.34,2x 2BR
Lowell,1854,1099000.0,4.0,274750.0,4012,273.93,114480.0,9.6,103778.0,9.44,2026-06-12,5,1895,8541.0,95.57,"1x 1BR, 2x 2BR, 1x 3BR"
Northampton,1060,433000.0,2.0,216500.0,2486,174.18,,,,,2026-06-12,33,1900,6280.0,87.47,"1x 2BR, 1x 3BR"
Boston,2125,1125000.0,3.0,375000.0,4628,243.09,,,,,2026-06-12,18,1910,13920.0,107.14,3x 2BR
Fall River,2721,735000.0,3.0,245000.0,3035,242.17,24600.0,29.88,24600.0,3.35,2026-06-12,23,1900,8058.96,101.38,3x 2BR
Adams,1220,270000.0,2.0,135000.0,1768,152.71,37200.0,7.26,37200.0,13.78,2026-06-12,24,1870,3768.0,96.77,2x 2BR
Norwood,2062,900000.0,2.0,450000.0,2748,327.51,30000.0,30.0,30000.0,3.33,2026-06-12,5,1994,7102.0,112.53,2x 3BR
Woburn,1801,849000.0,2.0,424500.0,2454,345.97,56400.0,15.05,56400.0,6.64,2026-06-12,24,1900,5525.0,100.0,"1x 2BR, 1x 3BR"
Lynn,1902,1995000.0,8.0,249375.0,7072,282.1,208860.0,9.55,45618.0,2.29,2026-06-12,48,1988,16911.0,101.01,"1x 1BR, 1x 2BR, 1x 3BR"
Fall River,2723,325000.0,2.0,162500.0,1500,216.67,31200.0,10.42,31200.0,9.6,2026-06-12,17,1900,3902.0,92.86,2x 2BR
Fall River,2721,470000.0,2.0,235000.0,2368,198.48,,,,,2026-06-12,36,1900,4819.0,90.38,2x 2BR
Everett,2149,850000.0,3.0,283333.33,2271,374.28,,,,,2026-06-12,15,1889,8312.0,102.42,3x 2BR
Dedham,2026,925000.0,2.0,462500.0,3045,303.78,8400.0,110.12,8400.0,0.91,2026-06-12,59,1875,11087.0,97.38,2x 2BR
Haverhill,1835,730000.0,2.0,365000.0,1564,466.75,47400.0,15.4,47400.0,6.49,2026-06-12,22,1900,5617.0,100.69,2x 2BR
Bourne,2562,1650000.0,2.0,825000.0,1472,1120.92,,,,,2026-06-12,22,1950,11064.0,91.67,2x 3BR
Boston,2131,935000.0,2.0,467500.0,2377,393.35,,,,,2026-06-12,8,1950,11035.0,99.48,2x 2BR
Boston,2124,965000.0,3.0,321666.67,3094,311.89,25800.0,37.4,25800.0,2.67,2026-06-12,35,1905,8844.0,96.5,3x 2BR
Everett,2149,950000.0,2.0,475000.0,3789,250.73,,,,,2026-06-12,55,1925,9506.0,97.45,"1x 1BR, 1x 2BR, 1x 3BR"
Rockport,1966,1000000.0,3.0,333333.33,2508,398.72,31200.0,32.05,31200.0,3.12,2026-06-12,24,1875,6689.0,105.4,3x 1BR
Boston,2132,775000.0,2.0,387500.0,2008,385.96,,,,,2026-06-12,20,1920,9339.0,97.0,"1x 1BR, 1x 2BR"
Fall River,2721,655000.0,3.0,218333.33,3896,168.12,,,,,2026-06-12,61,1900,5799.0,100.77,3x 3BR
Clinton,1510,905000.0,4.0,226250.0,3716,243.54,85800.0,10.55,85800.0,9.48,2026-06-12,34,1900,6005.0,91.41,"1x 2BR, 3x 3BR"
Fall River,2721,730000.0,3.0,243333.33,3339,218.63,44400.0,16.44,44400.0,6.08,2026-06-12,8,1915,6018.0,105.95,3x 3BR
Springfield,1108,549000.0,2.0,274500.0,4717,116.39,88000.0,6.24,88000.0,16.03,2026-06-12,41,1900,4855.0,99.84,"1x 2BR, 2x 3BR"
Brockton,2301,960000.0,3.0,320000.0,4332,221.61,72000.0,13.33,72000.0,7.5,2026-06-12,29,1910,9201.0,96.1,3x 3BR
Fitchburg,1420,420000.0,2.0,210000.0,1982,211.91,29400.0,14.29,29400.0,7.0,2026-06-12,128,1890,4637.0,100.0,"1x 2BR, 1x 4BR"
Gloucester,1930,1255000.0,2.0,627500.0,5082,246.95,,,,,2026-06-15,27,1950,14766.0,91.27,"1x 1BR, 1x 2BR"
Salem,1970,878000.0,2.0,439000.0,3192,275.06,62400.0,14.07,62400.0,7.11,2026-06-15,12,1920,7584.0,97.66,"1x 2BR, 2x 3BR"
Marlborough,1752,735000.0,2.0,367500.0,2586,284.22,27600.0,26.63,27600.0,3.76,2026-06-15,42,1890,5936.0,105.02,"1x 2BR, 1x 5BR"
Boston,2134,1572250.0,3.0,524083.33,3552,442.64,123000.0,12.78,123000.0,7.82,2026-06-15,90,1890,17420.0,98.33,3x 3BR
Springfield,1108,435000.0,2.0,217500.0,2652,164.03,,,,,2026-06-15,83,1895,4331.0,98.87,"1x 3BR, 1x 4BR"
Cambridge,2138,3250000.0,4.0,812500.0,4995,650.65,34200.0,95.03,34200.0,1.05,2026-06-15,12,1900,12095.0,100.0,"1x 1BR, 3x 2BR"
Taunton,2780,540000.0,2.0,270000.0,1656,326.09,52800.0,10.23,52800.0,9.78,2026-06-15,42,1870,4811.0,98.18,"1x 1BR, 1x 2BR"
Bolton,1740,745000.0,2.0,372500.0,3000,248.33,52800.0,14.11,52800.0,7.09,2026-06-15,182,1900,7798.0,99.35,"1x 3BR, 1x 4BR"
Taunton,2780,700000.0,2.0,350000.0,2000,350.0,,,,,2026-06-15,12,1875,5099.0,100.0,"1x 2BR, 1x 3BR"
Chicopee,1020,405000.0,2.0,202500.0,2040,198.53,19800.0,20.45,19800.0,4.89,2026-06-15,22,1940,3896.0,101.28,2x 2BR
Waltham,2453,1350000.0,4.0,337500.0,3617,373.24,67500.0,20.0,67500.0,5.0,2026-06-15,19,1900,12027.88,104.25,"2x 1BR, 2x 2BR"
Yarmouth,2673,656000.0,2.0,328000.0,1666,393.76,60000.0,10.93,60000.0,9.15,2026-06-15,12,1970,2799.0,100.92,2x 2BR
Brockton,2301,635000.0,2.0,317500.0,1779,356.94,31200.0,20.35,31200.0,4.91,2026-06-15,25,1900,6642.0,97.69,"1x 2BR, 1x 3BR"
Brockton,2301,670000.0,3.0,223333.33,2346,285.59,49200.0,13.62,49200.0,7.34,2026-06-15,19,1898,6736.0,97.24,3x 2BR
Melrose,2176,1075000.0,2.0,537500.0,2474,434.52,36000.0,29.86,36000.0,3.35,2026-06-15,12,1985,8618.0,97.82,"1x 2BR, 1x 3BR"
Stoneham,2180,1130000.0,2.0,565000.0,3708,304.75,24000.0,47.08,24000.0,2.12,2026-06-15,18,1900,9406.0,98.27,"1x 2BR, 1x 6BR"
Millville,1529,460000.0,2.0,230000.0,2098,219.26,49200.0,9.35,49200.0,10.7,2026-06-15,8,1920,3236.0,115.03,2x 2BR
Lynn,1902,642000.0,3.0,214000.0,3596,178.53,,,,,2026-06-15,9,1905,6610.0,112.65,3x 2BR
Southbridge,1550,580000.0,4.0,145000.0,3844,150.88,,,,,2026-06-15,19,1920,6131.0,98.32,"1x 0BR, 1x 1BR, 2x 2BR"
Boston,2136,950000.0,2.0,475000.0,2900,327.59,,,,,2026-06-15,18,1956,6538.0,102.26,2x 0BR
Lynn,1902,1250000.0,4.0,312500.0,4251,294.05,87000.0,14.37,56859.0,4.55,2026-06-15,34,1906,12881.0,96.15,"2x 1BR, 2x 2BR"
Boston,2128,995000.0,3.0,331666.67,2307,431.3,82200.0,12.1,82200.0,8.26,2026-06-15,22,1920,9762.0,100.0,3x 1BR
Worcester,1610,665000.0,3.0,221666.67,3611,184.16,61320.0,10.84,54040.0,8.13,2026-06-15,35,1890,4583.0,100.91,3x 3BR
Fall River,2720,650000.0,2.0,325000.0,2352,276.36,49200.0,13.21,49200.0,7.57,2026-06-15,13,1920,5242.0,100.02,"1x 2BR, 1x 3BR"
Bellingham,2019,485000.0,2.0,242500.0,1913,253.53,,,,,2026-06-15,25,1900,4799.0,102.11,"1x 2BR, 1x 3BR"
Amesbury,1913,840000.0,2.0,420000.0,3427,245.11,,,,,2026-06-16,12,1885,7745.0,107.71,"1x 2BR, 1x 3BR"
Oxford,1537,1000000.0,7.0,142857.14,5679,176.09,121800.0,8.21,121800.0,12.18,2026-06-16,166,1970,8061.92,90.91,"4x 1BR, 1x 2BR"
Waltham,2453,1600000.0,4.0,400000.0,4407,363.06,104275.0,15.34,82255.0,5.14,2026-06-16,21,1890,11656.0,110.34,"2x 1BR, 1x 3BR, 1x 4BR"
Somerville,2143,1830000.0,3.0,610000.0,3545,516.22,106200.0,17.23,78819.0,4.31,2026-06-16,29,1900,18837.0,101.95,"2x 2BR, 1x 3BR"
Everett,2149,1290000.0,3.0,430000.0,4437,290.74,109800.0,11.75,109800.0,8.51,2026-06-16,22,1920,12424.0,99.23,3x 3BR
Swansea,2777,615000.0,3.0,205000.0,1952,315.06,39600.0,15.53,39600.0,6.44,2026-06-16,21,1922,4983.0,104.25,"2x 1BR, 1x 2BR"
Framingham,1702,590000.0,2.0,295000.0,2177,271.02,66000.0,8.94,66000.0,11.19,2026-06-16,21,1927,6774.0,118.02,"1x 2BR, 1x 3BR"
Worcester,1604,715000.0,2.0,357500.0,2046,349.46,35400.0,20.2,35400.0,4.95,2026-06-16,22,1890,6087.0,110.17,2x 2BR
Framingham,1702,1200000.0,4.0,300000.0,4902,244.8,48.0,25000.0,48.0,0.0,2026-06-16,6,1900,15212.0,104.35,"1x 0BR, 3x 1BR"
New Bedford,2740,672000.0,2.0,336000.0,2942,228.42,,,,,2026-06-16,23,1911,5931.0,105.02,"1x 3BR, 1x 4BR"
Taunton,2780,757000.0,3.0,252333.33,3200,236.56,,,,,2026-06-16,11,1902,8115.0,102.31,"1x 2BR, 2x 3BR"
Fall River,2721,630000.0,3.0,210000.0,2757,228.51,,,,,2026-06-16,9,1900,5259.0,105.0,3x 3BR
New Bedford,2746,550000.0,2.0,275000.0,2882,190.84,,,,,2026-06-16,39,1914,4432.0,97.36,2x 2BR
New Bedford,2740,310000.0,2.0,155000.0,2054,150.93,,,,,2026-06-16,0,1912,4190.0,88.57,2x 2BR
Chelsea,2150,590000.0,2.0,295000.0,2100,280.95,,,,,2026-06-16,25,1920,6014.0,95.16,"1x 1BR, 1x 2BR"
Somerville,2143,1558000.0,2.0,779000.0,3706,420.4,,,,,2026-06-16,22,1900,14226.79,108.57,2x 3BR
Boston,2131,1150000.0,2.0,575000.0,2356,488.12,58800.0,19.56,58800.0,5.11,2026-06-17,19,1920,9871.5,109.63,2x 2BR
North Andover,1845,885000.0,2.0,442500.0,2764,320.19,,,,,2026-06-17,20,1900,7264.0,104.12,2x 3BR
Worcester,1610,773000.0,3.0,257666.67,4590,168.41,,,,,2026-06-17,21,1910,10671.81,105.82,3x 3BR
Everett,2149,985000.0,2.0,492500.0,2966,332.1,,,,,2026-06-17,22,1900,10636.0,102.6,"1x 3BR, 1x 4BR"
Dracut,1826,680000.0,2.0,340000.0,2396,283.81,,,,,2026-06-17,7,1914,5264.0,107.94,"1x 2BR, 1x 4BR"
Shirley,1464,540000.0,3.0,180000.0,2385,226.42,14400.0,37.5,14400.0,2.67,2026-06-17,21,1910,5872.0,103.87,"1x 1BR, 2x 2BR"
Plymouth,2360,1050000.0,2.0,525000.0,2542,413.06,72000.0,14.58,72000.0,6.86,2026-06-17,37,1900,7670.0,87.57,"1x 2BR, 1x 3BR"
Boston,2125,875000.0,3.0,291666.67,4192,208.73,,,,,2026-06-17,9,1915,9818.0,106.06,3x 2BR
Essex,1929,775000.0,2.0,387500.0,2572,301.32,,,,,2026-06-17,20,1900,11202.0,112.48,"1x 1BR, 1x 3BR"
Worcester,1602,650000.0,2.0,325000.0,1960,331.63,46800.0,13.89,46800.0,7.2,2026-06-17,2,1963,5368.0,100.0,2x 2BR
Everett,2149,1360000.0,3.0,453333.33,3747,362.96,,,,,2026-06-17,21,1900,12142.0,100.01,"2x 3BR, 1x 4BR"
Worcester,1603,815000.0,3.0,271666.67,4612,176.71,,,,,2026-06-17,28,1884,9791.0,102.0,"2x 4BR, 1x 6BR"
Springfield,1108,555000.0,2.0,277500.0,3094,179.38,,,,,2026-06-17,5,1923,4952.0,100.91,"1x 2BR, 2x 3BR"
Quincy,2169,755000.0,2.0,377500.0,1608,469.53,42600.0,17.72,42600.0,5.64,2026-06-17,23,1918,6633.0,100.67,2x 2BR
Waltham,2453,1062500.0,2.0,531250.0,3200,332.03,33600.0,31.62,33600.0,3.16,2026-06-17,34,1910,7971.0,92.39,2x 2BR
Springfield,1104,375000.0,2.0,187500.0,1740,215.52,38940.0,9.63,38940.0,10.38,2026-06-17,87,1987,4815.0,88.24,2x 2BR
Westfield,1085,470000.0,2.0,235000.0,2346,200.34,,,,,2026-06-17,19,1900,4012.0,108.07,"1x 3BR, 1x 4BR"
Shrewsbury,1545,762500.0,2.0,381250.0,2736,278.69,,,,,2026-06-17,25,1953,7244.0,101.67,"1x 2BR, 1x 3BR"
Malden,2148,1000000.0,2.0,500000.0,3174,315.06,32400.0,30.86,32400.0,3.24,2026-06-17,34,1925,9594.0,95.69,2x 3BR
Worcester,1605,645000.0,3.0,215000.0,3454,186.74,,,,,2026-06-17,32,1890,8423.5,100.0,"1x 1BR, 1x 2BR, 1x 3BR"
South Hadley,1075,340000.0,2.0,170000.0,1599,212.63,15600.0,21.79,15600.0,4.59,2026-06-17,21,1870,3879.0,100.03,2x 3BR
Quincy,2169,670000.0,2.0,335000.0,2829,236.83,,,,,2026-06-17,34,1920,8000.0,95.85,"1x 2BR, 1x 4BR"
Springfield,1109,360000.0,2.0,180000.0,2419,148.82,21600.0,16.67,21600.0,6.0,2026-06-17,26,1888,3962.0,100.0,"1x 2BR, 1x 3BR"
Greenfield,1301,430000.0,2.0,215000.0,2458,174.94,33900.0,12.68,33900.0,7.88,2026-06-17,5,1912,5422.0,110.28,2x 2BR
Worcester,1606,560000.0,2.0,280000.0,2182,256.65,12000.0,46.67,12000.0,2.14,2026-06-17,59,1890,5429.0,98.25,"1x 2BR, 1x 3BR"
Falmouth,2536,730000.0,2.0,365000.0,2750,265.45,,,,,2026-06-17,7,1970,3658.0,91.36,"1x 1BR, 1x 3BR"
Orange,1364,330000.0,2.0,165000.0,1858,177.61,,,,,2026-06-17,41,1880,3119.0,106.49,2x 2BR
Springfield,1151,410000.0,2.0,205000.0,1872,219.02,,,,,2026-06-17,25,1987,4903.0,102.76,2x 2BR
New Bedford,2740,645000.0,3.0,215000.0,3078,209.55,39600.0,16.29,39600.0,6.14,2026-06-17,41,1912,6269.0,99.23,"1x 2BR, 2x 3BR"
Boston,2136,937500.0,2.0,468750.0,1736,540.03,24000.0,39.06,24000.0,2.56,2026-06-17,19,1900,8526.0,110.29,2x 3BR
Peabody,1960,1097500.0,2.0,548750.0,3000,365.83,,,,,2026-06-17,16,1930,6885.0,110.19,2x 3BR
Milton,2186,1335000.0,2.0,667500.0,3565,374.47,54000.0,24.72,54000.0,4.04,2026-06-17,54,1925,14103.0,100.75,"1x 2BR, 1x 4BR"
Milford,1757,875000.0,2.0,437500.0,3703,236.29,63000.0,13.89,57792.0,6.6,2026-06-18,15,1901,8904.0,100.0,"1x 4BR, 1x 5BR"
Woburn,1801,1125000.0,2.0,562500.0,2720,413.6,,,,,2026-06-18,21,1960,7368.5,112.5,2x 3BR
Malden,2148,1120000.0,3.0,373333.33,3796,295.05,88440.0,12.66,88440.0,7.9,2026-06-18,52,1900,11327.0,93.34,3x 3BR
Agawam,1030,460000.0,2.0,230000.0,1824,252.19,,,,,2026-06-18,4,1972,3815.0,104.57,2x 2BR
Springfield,1109,305000.0,2.0,152500.0,3697,82.5,20400.0,14.95,20400.0,6.69,2026-06-18,96,1912,4695.0,84.75,2x 2BR
Boston,2128,920000.0,2.0,460000.0,2184,421.25,,,,,2026-06-18,22,1910,8647.0,96.85,2x 3BR
Fitchburg,1420,375000.0,2.0,187500.0,1604,233.79,18600.0,20.16,16750.0,4.47,2026-06-18,114,1900,3292.0,93.77,2x 2BR
Milton,2186,940000.0,2.0,470000.0,2746,342.32,,,,,2026-06-18,48,1922,11084.0,100.0,2x 2BR
Medford,2155,1060000.0,2.0,530000.0,3601,294.36,,,,,2026-06-18,16,1912,9281.0,88.33,"1x 3BR, 1x 4BR"
Northbridge,1588,554000.0,2.0,277000.0,2891,191.63,24840.0,22.3,24840.0,4.48,2026-06-18,49,1905,4354.0,100.91,"1x 2BR, 1x 3BR"
Lynn,1904,900000.0,3.0,300000.0,2504,359.42,48000.0,18.75,48000.0,5.33,2026-06-18,8,1910,7920.0,100.0,"1x 1BR, 2x 2BR"
Buckland,1370,515000.0,2.0,257500.0,2524,204.04,,,,,2026-06-18,12,1995,6144.0,103.21,"1x 2BR, 1x 4BR"
Newton,2465,2200000.0,3.0,733333.33,5124,429.35,23700.0,92.83,23700.0,1.08,2026-06-18,13,1890,13690.0,100.0,"1x 2BR, 2x 3BR"
Shirley,1464,725000.0,4.0,181250.0,2978,243.45,66600.0,10.89,66600.0,9.19,2026-06-18,23,1000,5798.0,105.07,"3x 2BR, 1x 3BR"
Watertown,2472,1225000.0,2.0,612500.0,2255,543.24,,,,,2026-06-18,6,1954,10339.0,98.0,2x 3BR
Somerville,2145,1035000.0,2.0,517500.0,1856,557.65,65400.0,15.83,65400.0,6.32,2026-06-18,31,1850,9642.0,95.83,2x 2BR
Brockton,2301,810000.0,2.0,405000.0,2647,306.01,,,,,2026-06-18,42,1925,7247.0,101.25,2x 3BR
Brockton,2301,900000.0,2.0,450000.0,3990,225.56,33600.0,26.79,33600.0,3.73,2026-06-18,15,1925,8565.0,101.12,2x 3BR
Haverhill,1830,640000.0,2.0,320000.0,2239,285.84,,,,,2026-06-18,21,1920,4908.0,106.68,"1x 2BR, 1x 5BR"
Newton,2461,2461875.0,2.0,1230937.5,3408,722.38,,,,,2026-06-18,0,1920,11484.0,98.48,2x 3BR
Medford,2155,1150000.0,2.0,575000.0,2837,405.36,19200.0,59.9,19200.0,1.67,2026-06-18,10,1910,10006.0,109.52,"1x 3BR, 1x 5BR"
Seekonk,2771,480000.0,2.0,240000.0,1834,261.72,,,,,2026-06-18,25,1910,5390.0,96.19,"1x 1BR, 1x 3BR"
Arlington,2476,1300000.0,4.0,325000.0,3313,392.39,96600.0,13.46,73570.0,5.66,2026-06-18,84,1849,11355.55,93.19,"2x 1BR, 2x 2BR"
Worcester,1610,825000.0,6.0,137500.0,5216,158.17,78600.0,10.5,78600.0,9.53,2026-06-18,9,1900,6690.0,100.0,"3x 1BR, 2x 2BR"
Northampton,1060,820000.0,3.0,273333.33,3074,266.75,70800.0,11.58,55672.0,6.79,2026-06-18,31,1900,9137.0,103.14,3x 2BR
Fall River,2721,790000.0,5.0,158000.0,0,,30600.0,25.82,30600.0,3.87,2026-06-18,1,1900,0.0,98.75,"3x 1BR, 2x 2BR"
Worcester,1610,700000.0,3.0,233333.33,3765,185.92,50400.0,13.89,50400.0,7.2,2026-06-18,23,1890,8605.0,100.01,"2x 3BR, 1x 4BR"
Swansea,2777,525000.0,2.0,262500.0,1676,313.25,22800.0,23.03,22800.0,4.34,2026-06-18,61,1940,4398.0,100.0,2x 2BR
Taunton,2780,680000.0,2.0,340000.0,1668,407.67,,,,,2026-06-18,36,1910,3736.0,103.03,2x 2BR
Fall River,2721,675000.0,4.0,168750.0,3798,177.73,67200.0,10.04,28200.0,4.18,2026-06-18,12,1900,5870.0,100.0,"2x 1BR, 2x 2BR"
Gloucester,1930,850000.0,2.0,425000.0,2078,409.05,34800.0,24.43,34800.0,4.09,2026-06-18,21,1900,4703.0,100.01,2x 3BR
Taunton,2780,840000.0,5.0,168000.0,4360,192.66,99000.0,8.48,99000.0,11.79,2026-06-18,12,1910,7925.0,98.84,"2x 1BR, 3x 2BR"
Revere,2151,1825000.0,7.0,260714.29,8418,216.8,156312.0,11.68,,,2026-06-18,6,1920,15149.0,86.9,"4x 2BR, 1x 3BR"
Dennis,2639,675000.0,2.0,337500.0,792,852.27,,,,,2026-06-18,20,1956,2491.0,98.54,2x 1BR
Arlington,2476,1050000.0,2.0,525000.0,2405,436.59,43800.0,23.97,43800.0,4.17,2026-06-18,38,1949,12044.3,95.54,2x 2BR
Somerville,2144,1700000.0,2.0,850000.0,3216,528.61,95700.0,17.76,95700.0,5.63,2026-06-18,14,1910,16113.0,106.32,"1x 2BR, 1x 4BR"
Fall River,2720,660000.0,3.0,220000.0,4423,149.22,,,,,2026-06-18,27,1900,6552.0,97.07,"2x 2BR, 1x 3BR"
Canton,2021,932000.0,2.0,466000.0,2597,358.88,49500.0,18.83,49500.0,5.31,2026-06-19,9,1981,8636.0,103.57,2x 2BR
New Bedford,2740,525000.0,2.0,262500.0,2832,185.38,11700.0,44.87,11700.0,2.23,2026-06-19,9,1926,5836.34,102.96,"1x 2BR, 1x 4BR"
Worcester,1610,226000.0,2.0,113000.0,1856,121.77,,,,,2026-06-19,10,1880,3594.0,150.67,2x 2BR
Springfield,1109,375000.0,2.0,187500.0,2366,158.5,,,,,2026-06-19,14,1925,4067.0,101.38,2x 3BR
Boston,2135,1275000.0,3.0,425000.0,2138,596.35,45600.0,27.96,45600.0,3.58,2026-06-19,19,1910,14504.17,100.0,3x 2BR
Boston,2122,1452500.0,3.0,484166.67,3516,413.11,118800.0,12.23,118800.0,8.18,2026-06-19,11,1905,13264.0,104.57,3x 3BR
Winthrop,2152,999900.0,2.0,499950.0,3628,275.61,,,,,2026-06-19,14,1900,7728.0,100.0,"1x 3BR, 1x 4BR"
Newton,2465,1474000.0,2.0,737000.0,2746,536.78,,,,,2026-06-19,46,1910,11451.0,99.93,2x 2BR
Lynn,1902,1815000.0,8.0,226875.0,6258,290.03,99.0,18333.33,99.0,0.01,2026-06-22,78,1910,99.0,90.07,"1x 1BR, 1x 2BR"
Quincy,2169,715000.0,2.0,357500.0,1679,425.85,10800.0,66.2,10800.0,1.51,2026-06-22,10,1950,8778.0,98.62,"1x 1BR, 1x 2BR"
Pittsfield,1201,210000.0,4.0,52500.0,4200,50.0,,,,,2026-06-22,8,1910,4318.0,95.5,"1x 2BR, 2x 3BR, 1x 4BR"
Newton,2465,1450000.0,2.0,725000.0,2948,491.86,73200.0,19.81,73200.0,5.05,2026-06-22,34,1940,13132.0,100.0,"1x 2BR, 1x 3BR"
Blackstone,1504,560000.0,2.0,280000.0,2200,254.55,,,,,2026-06-22,215,1900,3992.0,98.25,2x 2BR
Boston,2136,725000.0,2.0,362500.0,1968,368.39,,,,,2026-06-22,187,1910,5043.0,98.11,2x 3BR
Methuen,1844,750000.0,2.0,375000.0,2484,301.93,,,,,2026-06-22,6,1900,6687.0,100.67,2x 3BR
Somerville,2144,975000.0,2.0,487500.0,2260,431.42,72000.0,13.54,72000.0,7.38,2026-06-22,61,1920,10452.0,91.12,2x 2BR
Salem,1970,1055000.0,2.0,527500.0,3145,335.45,37200.0,28.36,37200.0,3.53,2026-06-22,22,1870,9115.0,105.5,2x 3BR
Revere,2151,830000.0,2.0,415000.0,1541,538.61,,,,,2026-06-22,7,1930,6221.0,100.61,"1x 1BR, 1x 2BR"
Lawrence,1841,516000.0,2.0,258000.0,2870,179.79,,,,,2026-06-22,5,1900,5517.0,93.82,2x 2BR
Fall River,2720,650000.0,3.0,216666.67,3052,212.98,5300.0,122.64,5300.0,0.82,2026-06-22,15,1987,6573.0,102.86,"2x 2BR, 1x 3BR"
Taunton,2780,530000.0,2.0,265000.0,1300,407.69,48000.0,11.04,48000.0,9.06,2026-06-22,17,1952,4733.0,100.97,"1x 2BR, 1x 3BR"
Plymouth,2360,1250000.0,6.0,208333.33,3696,338.2,146700.0,8.52,112372.0,8.99,2026-06-22,23,1900,15228.0,83.33,5x 2BR
Quincy,2169,1200000.0,4.0,300000.0,2540,472.44,82200.0,14.6,76674.0,6.39,2026-06-22,19,1900,9769.0,100.08,"3x 1BR, 1x 3BR"
Springfield,1108,375000.0,2.0,187500.0,4517,83.02,20400.0,18.38,20400.0,5.44,2026-06-22,146,1903,3901.0,100.03,2x 4BR
Somerville,2143,1600000.0,2.0,800000.0,3847,415.91,,,,,2026-06-22,17,1900,14831.0,100.0,2x 4BR
Gloucester,1930,800000.0,3.0,266666.67,3219,248.52,47400.0,16.88,47400.0,5.92,2026-06-22,44,1900,9294.0,75.47,"2x 1BR, 1x 4BR"
Framingham,1702,905000.0,3.0,301666.67,2741,330.17,63000.0,14.37,63000.0,6.96,2026-06-22,14,1887,7927.0,113.14,"1x 1BR, 1x 2BR, 1x 3BR"
Fitchburg,1420,715000.0,4.0,178750.0,4842,147.67,70200.0,10.19,70200.0,9.82,2026-06-22,19,1910,8124.0,104.38,"1x 2BR, 3x 3BR"
Lynn,1902,850000.0,2.0,425000.0,2900,293.1,,,,,2026-06-22,22,1900,7388.0,100.0,"1x 3BR, 1x 7BR"
Fitchburg,1420,520000.0,3.0,173333.33,2476,210.02,37200.0,13.98,37200.0,7.15,2026-06-22,34,1929,5495.0,99.05,"2x 1BR, 1x 3BR"
New Bedford,2740,450000.0,2.0,225000.0,2410,186.72,14400.0,31.25,14400.0,3.2,2026-06-22,20,1857,6130.0,97.85,2x 2BR
Southbridge,1550,300000.0,2.0,150000.0,2560,117.19,,,,,2026-06-22,15,1900,4457.0,77.12,2x 3BR
Lynn,1902,955000.0,2.0,477500.0,2499,382.15,,,,,2026-06-22,17,1905,7322.0,99.48,"1x 2BR, 1x 4BR"
Walpole,2081,1399000.0,2.0,699500.0,3108,450.13,36000.0,38.86,36000.0,2.57,2026-06-22,17,1918,12762.0,100.0,"1x 2BR, 1x 4BR"
Taunton,2780,750000.0,2.0,375000.0,2496,300.48,52800.0,14.2,46400.0,6.19,2026-06-22,21,1987,7043.0,107.14,2x 3BR
Everett,2149,905000.0,2.0,452500.0,2750,329.09,30000.0,30.17,30000.0,3.31,2026-06-22,80,1920,9662.0,96.79,2x 2BR
Medford,2155,905000.0,2.0,452500.0,2210,409.5,57300.0,15.79,57300.0,6.33,2026-06-22,87,1917,8016.41,95.36,2x 2BR
Southbridge,1550,565000.0,2.0,282500.0,2888,195.64,,,,,2026-06-22,13,1900,5171.0,99.14,"1x 0BR, 1x 2BR, 1x 4BR"
Salem,1970,720000.0,2.0,360000.0,0,,40800.0,17.65,41400.0,5.75,2026-06-22,15,1920,6193.0,103.6,2x 2BR
Wakefield,1880,940000.0,2.0,470000.0,2037,461.46,51000.0,18.43,49914.0,5.31,2026-06-23,8,1800,8937.0,104.56,"1x 2BR, 1x 3BR"
Gloucester,1930,699000.0,2.0,349500.0,1829,382.18,21600.0,32.36,21600.0,3.09,2026-06-23,20,1941,5539.0,100.0,"1x 1BR, 1x 4BR"
Springfield,1118,425000.0,2.0,212500.0,1764,240.93,21900.0,19.41,21900.0,5.15,2026-06-23,20,1985,4710.0,100.0,2x 2BR
Worcester,1610,840000.0,3.0,280000.0,4020,208.96,79200.0,10.61,79200.0,9.43,2026-06-23,20,1926,8422.0,98.94,3x 3BR
Peabody,1960,1025000.0,3.0,341666.67,2502,409.67,102000.0,10.05,86400.0,8.43,2026-06-23,23,1870,6678.0,108.47,3x 2BR
Somerville,2143,1680000.0,3.0,560000.0,4032,416.67,43200.0,38.89,43200.0,2.57,2026-06-23,24,1988,17502.05,93.34,"1x 0BR, 1x 1BR, 2x 3BR"
Boston,2130,1385000.0,3.0,461666.67,3109,445.48,35400.0,39.12,35400.0,2.56,2026-06-23,21,1905,15415.0,106.95,"1x 2BR, 2x 3BR"
Lowell,1851,721000.0,2.0,360500.0,4542,158.74,,,,,2026-06-23,48,1940,8330.0,96.15,2x 3BR
Salisbury,1952,1680000.0,3.0,560000.0,3273,513.29,,,,,2026-06-23,7,1920,8760.0,98.88,"1x 3BR, 2x 4BR"
Ipswich,1938,1250000.0,4.0,312500.0,2833,441.23,104040.0,12.01,104040.0,8.32,2026-06-23,42,1930,9214.0,96.15,"3x 1BR, 1x 2BR"
Somerville,2145,1050000.0,2.0,525000.0,2124,494.35,,,,,2026-06-23,10,1890,9105.0,101.06,2x 2BR
Marlborough,1752,560000.0,2.0,280000.0,2088,268.2,,,,,2026-06-23,21,1900,5280.0,106.67,2x 2BR
Waltham,2453,950000.0,2.0,475000.0,1849,513.79,,,,,2026-06-23,7,1890,4306.0,111.76,2x 2BR
Fitchburg,1420,539000.0,2.0,269500.0,2178,247.47,45600.0,11.82,45600.0,8.46,2026-06-23,26,1900,5715.0,98.02,2x 3BR
Brockton,2301,915000.0,3.0,305000.0,2829,323.44,31200.0,29.33,31200.0,3.41,2026-06-23,38,1900,7604.0,101.78,"2x 3BR, 1x 4BR"
Springfield,1107,406500.0,2.0,203250.0,3264,124.54,20400.0,19.93,20400.0,5.02,2026-06-23,56,1915,5182.0,95.65,2x 2BR
Boston,2131,970000.0,2.0,485000.0,2308,420.28,,,,,2026-06-23,17,1955,7152.0,102.21,2x 3BR
Bridgewater,2324,637000.0,2.0,318500.0,2413,263.99,,,,,2026-06-23,5,1890,6349.0,98.02,"1x 2BR, 1x 3BR"
Lynn,1902,390000.0,2.0,195000.0,1677,232.56,,,,,2026-06-23,4,1900,5824.0,102.66,2x 2BR
New Bedford,2744,600000.0,3.0,200000.0,3372,177.94,,,,,2026-06-23,21,1905,6183.0,100.0,3x 2BR
Malden,2148,1430000.0,2.0,715000.0,2576,555.12,38400.0,37.24,38400.0,2.69,2026-06-23,19,1991,8304.98,110.08,2x 3BR
New Bedford,2740,425000.0,2.0,212500.0,2790,152.33,,,,,2026-06-23,10,1885,4482.0,106.52,2x 2BR
Medford,2155,1200000.0,2.0,600000.0,2723,440.69,80400.0,14.93,80400.0,6.7,2026-06-23,22,1910,8763.0,90.57,2x 3BR
Attleboro,2703,850000.0,3.0,283333.33,3884,218.85,48000.0,17.71,48000.0,5.65,2026-06-24,16,1900,10233.0,94.55,3x 3BR
Lowell,1854,800000.0,4.0,200000.0,3346,239.09,83400.0,9.59,70503.0,8.81,2026-06-24,24,1900,8896.0,100.13,"3x 1BR, 1x 2BR"
Haverhill,1830,650000.0,2.0,325000.0,2153,301.9,37200.0,17.47,37200.0,5.72,2026-06-24,197,1900,6089.0,94.22,"1x 2BR, 1x 3BR"
Springfield,1109,235000.0,2.0,117500.0,2080,112.98,,,,,2026-06-24,21,1912,3360.0,94.04,2x 2BR
Haverhill,1830,765000.0,2.0,382500.0,3436,222.64,,,,,2026-06-24,20,1860,7137.0,102.14,"1x 2BR, 1x 3BR"
Brockton,2301,990000.0,3.0,330000.0,4404,224.8,111600.0,8.87,92876.0,9.38,2026-06-24,16,1880,9764.0,100.0,"1x 2BR, 1x 4BR, 1x 5BR"
New Bedford,2746,1100000.0,8.0,137500.0,9149,120.23,,,,,2026-06-24,320,1900,8719.0,95.65,5x 3BR
Grafton,1560,830000.0,2.0,415000.0,2992,277.41,66240.0,12.53,66240.0,7.98,2026-06-24,22,1920,8326.25,107.1,2x 3BR
Gloucester,1930,604000.0,2.0,302000.0,1920,314.58,24900.0,24.26,24900.0,4.12,2026-06-24,23,1992,4556.0,100.68,"1x 2BR, 1x 3BR"
Haverhill,1835,1200000.0,4.0,300000.0,4600,260.87,72600.0,16.53,62303.0,5.19,2026-06-24,44,1900,9425.0,104.35,"3x 2BR, 1x 4BR"
Montague,1351,885000.0,6.0,147500.0,5880,150.51,93600.0,9.46,63450.0,7.17,2026-06-24,39,1986,11896.59,88.51,5x 2BR
Worcester,1604,685000.0,3.0,228333.33,4104,166.91,,,,,2026-06-24,17,1980,7743.57,101.48,3x 3BR
Beverly,1915,980000.0,3.0,326666.67,3026,323.86,,,,,2026-06-24,39,1900,8404.0,103.16,3x 2BR
Groton,1450,620000.0,2.0,310000.0,1575,393.65,,,,,2026-06-24,14,1936,7023.0,110.91,"1x 1BR, 1x 2BR"
Webster,1570,550000.0,2.0,275000.0,2376,231.48,24000.0,22.92,24000.0,4.36,2026-06-24,7,1939,5214.0,105.97,2x 3BR
Springfield,1108,525000.0,3.0,175000.0,4548,115.44,14400.0,36.46,14400.0,2.74,2026-06-24,33,1909,7017.0,100.0,"2x 3BR, 1x 4BR"
Holyoke,1040,415000.0,2.0,207500.0,2399,172.99,14400.0,28.82,14400.0,3.47,2026-06-24,27,1890,5434.0,103.78,2x 3BR
Boston,2124,960000.0,2.0,480000.0,2984,321.72,,,,,2026-06-24,39,1900,4300.75,96.0,"1x 2BR, 1x 3BR"
Dracut,1826,900000.0,2.0,450000.0,2735,329.07,,,,,2026-06-24,18,1949,6826.0,94.74,2x 3BR
Springfield,1109,503900.0,2.0,251950.0,3249,155.09,,,,,2026-06-24,34,1918,3329.0,100.78,"1x 4BR, 1x 5BR"
Dartmouth,2747,900000.0,4.0,225000.0,4150,216.87,96000.0,9.38,96000.0,10.67,2026-06-25,19,1709,5485.0,100.11,"1x 0BR, 2x 2BR, 1x 3BR"
Lowell,1852,440000.0,2.0,220000.0,2179,201.93,,,,,2026-06-25,8,1915,4876.0,88.0,2x 2BR
Somerville,2144,2180000.0,3.0,726666.67,4355,500.57,172300.0,12.65,139204.0,6.39,2026-06-25,29,1923,16936.0,99.54,"2x 3BR, 1x 5BR"
Foxboro,2035,755000.0,2.0,377500.0,2118,356.47,21600.0,34.95,21600.0,2.86,2026-06-25,56,1900,7321.0,97.43,"1x 2BR, 1x 4BR"
Worcester,1610,480000.0,3.0,160000.0,5535,86.72,,,,,2026-06-25,7,1910,5933.0,96.02,"1x 3BR, 2x 4BR"
Grafton,1536,720000.0,2.0,360000.0,2352,306.12,48600.0,14.81,49800.0,6.92,2026-06-25,19,2008,6978.0,102.87,2x 2BR
Westport,2790,470000.0,2.0,235000.0,2716,173.05,,,,,2026-06-25,86,1880,4230.0,87.04,2x 2BR
New Bedford,2740,664000.0,3.0,221333.33,2781,238.76,43200.0,15.37,43200.0,6.51,2026-06-25,10,1897,5182.0,102.31,3x 2BR
Somerville,2145,1050000.0,2.0,525000.0,2857,367.52,,,,,2026-06-25,6,1890,10183.0,105.53,2x 3BR
Easthampton,1027,575000.0,2.0,287500.0,2470,232.79,,,,,2026-06-25,20,1900,5624.0,115.23,"1x 1BR, 1x 3BR"
Fall River,2724,565000.0,3.0,188333.33,2448,230.8,,,,,2026-06-25,30,1900,4264.28,98.26,3x 2BR
Cambridge,2138,2000000.0,2.0,1000000.0,2860,699.3,60600.0,33.0,60600.0,3.03,2026-06-25,19,1928,9569.0,117.72,2x 2BR
Revere,2151,952500.0,2.0,476250.0,2922,325.98,37200.0,25.6,37200.0,3.91,2026-06-25,11,1900,7248.0,97.69,"1x 3BR, 1x 4BR"
Boston,2131,1015000.0,2.0,507500.0,2616,388.0,,,,,2026-06-25,19,1920,8130.0,109.73,"1x 3BR, 1x 4BR"
Lawrence,1841,850000.0,3.0,283333.33,3885,218.79,,,,,2026-06-25,16,1895,6376.0,101.2,"2x 2BR, 1x 3BR"
Medford,2155,960000.0,2.0,480000.0,2943,326.2,,,,,2026-06-25,74,1910,10101.0,87.67,"1x 2BR, 1x 4BR"
Boston,2127,1485000.0,2.0,742500.0,2404,617.72,40800.0,36.4,40800.0,2.75,2026-06-25,4,1890,13802.0,99.07,"1x 2BR, 1x 3BR"
Medford,2155,1349000.0,3.0,449666.67,3399,396.88,84600.0,15.95,84600.0,6.27,2026-06-25,19,1925,10036.0,100.0,"1x 1BR, 1x 2BR, 1x 3BR"
Everett,2149,800000.0,2.0,400000.0,3136,255.1,19200.0,41.67,19200.0,2.4,2026-06-25,29,1925,8225.0,100.0,"1x 2BR, 1x 5BR"
Clinton,1510,420000.0,2.0,210000.0,2400,175.0,10500.0,40.0,10500.0,2.5,2026-06-25,36,1920,5299.0,93.33,2x 2BR
Boston,2127,995000.0,3.0,331666.67,2736,363.67,,,,,2026-06-25,9,1880,14227.0,100.0,"2x 1BR, 1x 2BR"
Westfield,1085,330000.0,2.0,165000.0,1880,175.53,,,,,2026-06-25,12,1885,3789.0,110.04,2x 2BR
Springfield,1104,411000.0,2.0,205500.0,2016,203.87,15600.0,26.35,15600.0,3.8,2026-06-26,36,1987,4982.0,102.78,2x 2BR
Winthrop,2152,1140000.0,2.0,570000.0,3400,335.29,,,,,2026-06-26,160,1910,8616.0,96.61,"1x 2BR, 1x 3BR"
Taunton,2780,658000.0,2.0,329000.0,2006,328.02,51600.0,12.75,51600.0,7.84,2026-06-26,22,1875,6614.0,101.23,"1x 2BR, 1x 3BR"
New Bedford,2746,735000.0,3.0,245000.0,3384,217.2,,,,,2026-06-26,22,1908,6620.0,102.8,3x 3BR
Northbridge,1588,514000.0,2.0,257000.0,1840,279.35,,,,,2026-06-26,15,1938,4950.0,102.82,2x 2BR
Erving,1344,336000.0,3.0,112000.0,2646,126.98,18000.0,18.67,18000.0,5.36,2026-06-26,239,1925,2771.0,89.6,"2x 1BR, 1x 2BR"
Methuen,1844,893000.0,3.0,297666.67,3898,229.09,,,,,2026-06-26,23,1900,7312.0,103.85,3x 2BR
Brockton,2301,750000.0,2.0,375000.0,2337,320.92,,,,,2026-06-26,22,1890,7469.0,98.81,"1x 2BR, 1x 3BR"
Worcester,1603,680000.0,3.0,226666.67,3420,198.83,64800.0,10.49,64800.0,9.53,2026-06-26,15,1890,7777.0,97.16,3x 3BR
Groton,1450,710000.0,2.0,355000.0,2616,271.41,42600.0,16.67,36598.0,5.15,2026-06-26,6,2003,8128.0,105.19,2x 2BR
Boston,2108,5500000.0,3.0,1833333.33,5779,951.72,96000.0,57.29,96000.0,1.75,2026-06-26,27,1848,23749.0,91.67,"2x 2BR, 1x 3BR"
Springfield,1108,355000.0,2.0,177500.0,4065,87.33,46080.0,7.7,46080.0,12.98,2026-06-26,21,1924,4930.0,93.42,"1x 2BR, 1x 4BR"
Everett,2149,1025000.0,3.0,341666.67,2600,394.23,104400.0,9.82,90664.0,8.85,2026-06-26,98,1900,9564.0,89.21,"2x 2BR, 1x 3BR"
Somerville,2143,1665000.0,2.0,832500.0,3186,522.6,76800.0,21.68,73830.0,4.43,2026-06-26,19,1915,14491.0,104.06,"1x 2BR, 1x 4BR"
Swampscott,1907,842500.0,2.0,421250.0,1872,450.05,,,,,2026-06-26,34,1910,7005.0,84.33,2x 2BR
Lowell,1852,795000.0,3.0,265000.0,3200,248.44,,,,,2026-06-26,42,1900,7464.0,99.39,"1x 2BR, 2x 3BR"
Southbridge,1550,530000.0,3.0,176666.67,1,530000.0,41748.0,12.7,41748.0,7.88,2026-06-26,4,1900,7130.0,100.95,2x 3BR
Salem,1970,975000.0,2.0,487500.0,2926,333.22,,,,,2026-06-26,18,1880,10564.0,92.86,"1x 1BR, 1x 3BR"
New Bedford,2740,820000.0,2.0,410000.0,3600,227.78,,,,,2026-06-26,148,2025,0.0,93.71,2x 4BR
New Bedford,2746,602500.0,2.0,301250.0,2714,222.0,20400.0,29.53,20400.0,3.39,2026-06-26,27,1913,4965.0,100.43,"1x 2BR, 1x 4BR"
Groveland,1834,900000.0,3.0,300000.0,3654,246.31,,,,,2026-06-26,18,1945,8995.0,100.11,"2x 1BR, 1x 3BR"
Quincy,2169,890000.0,2.0,445000.0,2040,436.27,24000.0,37.08,24000.0,2.7,2026-06-26,20,1900,8509.0,104.83,2x 2BR
Boston,2125,1330000.0,3.0,443333.33,4947,268.85,,,,,2026-06-26,23,1905,17441.0,98.52,"2x 4BR, 1x 5BR"
Boston,2125,917000.0,2.0,458500.0,3216,285.14,,,,,2026-06-26,10,1905,6447.0,101.89,"1x 3BR, 1x 6BR"
Danvers,1923,790000.0,2.0,395000.0,1815,435.26,55250.0,14.3,62400.0,7.9,2026-06-26,7,1920,7215.0,101.41,"1x 1BR, 1x 2BR"
Fall River,2723,742900.0,3.0,247633.33,4784,155.29,67200.0,11.06,67200.0,9.05,2026-06-26,29,1900,6610.0,99.07,"1x 2BR, 2x 3BR"
Boston,2135,1260000.0,2.0,630000.0,2950,427.12,,,,,2026-06-26,21,1910,9817.0,112.0,2x 3BR
Belmont,2478,960000.0,2.0,480000.0,1914,501.57,51600.0,18.6,51600.0,5.38,2026-06-26,28,1918,11561.0,87.27,2x 2BR
Boston,2131,1200000.0,2.0,600000.0,3388,354.19,28800.0,41.67,28800.0,2.4,2026-06-26,14,1894,10783.0,109.09,"1x 2BR, 1x 3BR"
Gardner,1440,425000.0,2.0,212500.0,1988,213.78,,,,,2026-06-26,6,1900,3613.0,102.46,2x 2BR
Everett,2149,1125000.0,3.0,375000.0,3427,328.28,,,,,2026-06-26,23,1892,10465.0,102.27,"1x 1BR, 2x 3BR"
Salem,1970,825000.0,2.0,412500.0,2622,314.65,,,,,2026-06-26,34,1860,7997.0,100.0,2x 3BR
Boston,2124,820000.0,2.0,410000.0,2876,285.12,14400.0,56.94,14400.0,1.76,2026-06-26,5,1905,3938.82,109.48,2x 2BR
Orange,1364,370000.0,3.0,123333.33,3212,115.19,43200.0,8.56,35960.0,9.72,2026-06-26,21,1890,3056.0,102.81,"1x 1BR, 2x 2BR"
Boston,2124,1100000.0,3.0,366666.67,4230,260.05,121980.0,9.02,121980.0,11.09,2026-06-26,32,1905,99.0,91.67,3x 4BR
Kingston,2364,1050000.0,3.0,350000.0,3792,276.9,108000.0,9.72,108000.0,10.29,2026-06-26,4,1809,7135.0,95.45,"1x 1BR, 2x 3BR"
Waltham,2453,1390000.0,3.0,463333.33,3933,353.42,48000.0,28.96,46550.0,3.35,2026-06-26,19,1910,10455.0,100.73,3x 2BR
Webster,1570,433000.0,2.0,216500.0,2150,201.4,11100.0,39.01,8836.0,2.04,2026-06-26,20,1900,3274.0,100.93,"1x 2BR, 1x 4BR"
Stoneham,2180,1200000.0,2.0,600000.0,5040,238.1,,,,,2026-06-26,18,1964,10353.0,96.0,"1x 2BR, 1x 4BR"
West Boylston,1583,830000.0,2.0,415000.0,3096,268.09,16800.0,49.4,16800.0,2.02,2026-06-26,27,1900,9499.7,97.66,2x 2BR
Webster,1570,515000.0,2.0,257500.0,2360,218.22,,,,,2026-06-26,15,1940,3672.0,111.96,2x 2BR
Hadley,1035,599900.0,2.0,299950.0,2520,238.06,92472.0,6.49,92472.0,15.41,2026-06-26,35,1753,4253.0,100.0,2x 4BR
Boston,2130,1560000.0,2.0,780000.0,2236,697.67,33540.0,46.51,33540.0,2.15,2026-06-26,71,1950,12509.0,94.55,"1x 1BR, 1x 3BR"
Lawrence,1841,925000.0,4.0,231250.0,3936,235.01,,,,,2026-06-26,11,1910,6572.0,108.84,"1x 1BR, 3x 2BR"
Millbury,1527,440000.0,2.0,220000.0,2376,185.19,,,,,2026-06-29,22,1989,6220.0,110.0,"1x 2BR, 1x 3BR"
Lowell,1851,816000.0,2.0,408000.0,3158,258.39,34800.0,23.45,34800.0,4.26,2026-06-29,25,1916,9955.0,102.01,2x 3BR
Worcester,1610,880900.0,4.0,220225.0,4621,190.63,16200.0,54.38,16200.0,1.84,2026-06-29,165,1890,6737.0,100.0,"2x 1BR, 2x 3BR"
Boston,2132,1100000.0,2.0,550000.0,3131,351.33,26400.0,41.67,26400.0,2.4,2026-06-29,18,1934,9822.0,91.67,"1x 2BR, 1x 3BR"
Medford,2155,1220000.0,2.0,610000.0,3164,385.59,31800.0,38.36,31800.0,2.61,2026-06-29,23,1910,9453.0,101.75,2x 3BR
Brockton,2301,660000.0,2.0,330000.0,2050,321.95,36000.0,18.33,36000.0,5.45,2026-06-29,21,1925,7159.0,101.55,"1x 2BR, 1x 3BR"
Lynn,1904,815000.0,2.0,407500.0,2255,361.42,32400.0,25.15,32400.0,3.98,2026-06-29,69,1910,7586.0,99.39,"1x 2BR, 1x 3BR"
Revere,2151,890000.0,2.0,445000.0,2992,297.46,32400.0,27.47,32400.0,3.64,2026-06-29,32,1930,6824.0,98.9,"1x 2BR, 1x 4BR"
Webster,1570,455000.0,2.0,227500.0,1902,239.22,,,,,2026-06-29,19,1903,3590.0,101.34,2x 2BR
Newton,2459,1730000.0,2.0,865000.0,4509,383.68,90000.0,19.22,90000.0,5.2,2026-06-29,20,1984,13888.0,103.28,2x 3BR
Worcester,1603,950000.0,4.0,237500.0,5767,164.73,106200.0,8.95,106200.0,11.18,2026-06-29,34,1880,10929.0,100.0,"3x 3BR, 1x 4BR"
Boston,2121,1350000.0,5.0,270000.0,5185,260.37,99.0,13636.36,99.0,0.01,2026-06-29,183,1920,99.0,96.5,"1x 2BR, 1x 3BR"
Worcester,1610,830000.0,2.0,415000.0,3572,232.36,,,,,2026-06-29,5,1924,6670.0,103.76,2x 4BR
Worcester,1602,624900.0,2.0,312450.0,3092,202.1,,,,,2026-06-29,28,1915,8622.0,100.0,2x 3BR
Brockton,2301,690000.0,2.0,345000.0,2348,293.87,38400.0,17.97,38400.0,5.57,2026-06-29,21,1888,7142.0,107.98,"1x 2BR, 1x 3BR"
Boston,2127,1250000.0,2.0,625000.0,3000,416.67,,,,,2026-06-29,6,1900,99999.0,96.23,2x 3BR
Haverhill,1832,725000.0,4.0,181250.0,3240,223.77,,,,,2026-06-29,34,1900,6524.0,95.52,"2x 1BR, 2x 3BR"
Haverhill,1830,870000.0,2.0,435000.0,3698,235.26,78000.0,11.15,78000.0,8.97,2026-06-29,21,1900,6031.0,104.83,"1x 3BR, 1x 6BR"
Fall River,2721,800000.0,3.0,266666.67,4167,191.98,31000.0,25.81,30000.0,3.75,2026-06-29,21,1900,8215.0,100.0,3x 3BR
Medford,2155,1200000.0,2.0,600000.0,2276,527.24,,,,,2026-06-30,20,1910,8779.0,100.42,"1x 2BR, 1x 3BR"
Southbridge,1550,620000.0,3.0,206666.67,3585,172.94,48000.0,12.92,40599.0,6.55,2026-06-30,153,1920,6007.0,95.99,3x 3BR
Haverhill,1832,825000.0,3.0,275000.0,2216,372.29,69912.0,11.8,48035.0,5.82,2026-06-30,15,1890,7926.0,106.45,3x 3BR
Taunton,2780,712500.0,3.0,237500.0,2410,295.64,,,,,2026-06-30,22,1900,5128.0,101.93,"2x 2BR, 1x 3BR"
Boston,2132,1325000.0,2.0,662500.0,3159,419.44,90000.0,14.72,90000.0,6.79,2026-06-30,44,1920,11130.0,97.07,"1x 2BR, 1x 4BR"
Southbridge,1550,595000.0,4.0,148750.0,4389,135.57,42840.0,13.89,42840.0,7.2,2026-06-30,48,1900,6486.0,98.36,"1x 1BR, 2x 2BR, 1x 3BR"
Worcester,1610,375000.0,2.0,187500.0,1664,225.36,16800.0,22.32,16315.0,4.35,2026-06-30,65,1988,5065.0,85.25,2x 2BR
Norwood,2062,935000.0,2.0,467500.0,2807,333.1,78000.0,11.99,78000.0,8.34,2026-06-30,85,1930,6935.0,93.97,"1x 3BR, 1x 4BR"
Medford,2155,950000.0,2.0,475000.0,2807,338.44,,,,,2026-06-30,14,1890,8470.0,105.56,"1x 2BR, 1x 4BR"
Belmont,2478,1078969.0,2.0,539484.5,1950,553.32,,,,,2026-06-30,58,1830,12960.0,98.54,2x 3BR
Chicopee,1020,447000.0,2.0,223500.0,2220,201.35,,,,,2026-06-30,20,1926,4707.0,106.45,2x 2BR
Boston,2125,860000.0,3.0,286666.67,2453,350.59,39300.0,21.88,39300.0,4.57,2026-06-30,41,1890,11229.0,95.66,"2x 1BR, 1x 2BR"
New Bedford,2746,499000.0,3.0,166333.33,2030,245.81,,,,,2026-06-30,18,1896,4851.0,100.0,"1x 1BR, 2x 2BR"
Brockton,2301,640000.0,2.0,320000.0,2418,264.68,43200.0,14.81,43200.0,6.75,2026-06-30,47,1898,5994.0,100.0,2x 2BR
Framingham,1702,820000.0,3.0,273333.33,2326,352.54,72000.0,11.39,72000.0,8.78,2026-06-30,19,1917,9194.0,98.2,"1x 0BR, 2x 2BR"
Boston,2131,775000.0,2.0,387500.0,2446,316.84,6000.0,129.17,6000.0,0.77,2026-06-30,39,1940,8798.0,103.33,"1x 1BR, 1x 2BR"
Watertown,2472,1712500.0,3.0,570833.33,5347,320.27,115200.0,14.87,115200.0,6.73,2026-06-30,21,1900,17258.0,95.14,"1x 1BR, 2x 3BR"
Quincy,2171,1050000.0,2.0,525000.0,2022,519.29,,,,,2026-06-30,21,1920,8513.0,116.67,"1x 2BR, 1x 3BR"
Lynn,1902,730000.0,2.0,365000.0,1912,381.8,32400.0,22.53,32400.0,4.44,2026-06-30,29,1900,6596.0,107.37,"1x 2BR, 1x 3BR"
Lynn,1902,650000.0,3.0,216666.67,4529,143.52,,,,,2026-06-30,1,1890,8830.0,100.0,3x 3BR
Worcester,1610,1275000.0,6.0,212500.0,5861,217.54,136200.0,9.36,103700.0,8.13,2026-06-30,98,1920,15126.0,98.08,"2x 2BR, 3x 3BR"
Fall River,2720,770000.0,3.0,256666.67,3855,199.74,46200.0,16.67,46200.0,6.0,2026-06-30,13,1900,6958.0,96.37,3x 3BR
Norwood,2062,950000.0,2.0,475000.0,2888,328.95,,,,,2026-06-30,20,1780,10956.0,95.48,"1x 2BR, 1x 3BR"
Agawam,1030,200000.0,2.0,100000.0,1500,133.33,,,,,2026-06-30,58,1980,2686.0,105.26,2x 2BR
Taunton,2780,730000.0,3.0,243333.33,2457,297.11,51000.0,14.31,51000.0,6.99,2026-06-30,58,1900,6001.0,100.69,"1x 2BR, 2x 3BR"
Somerville,2144,996000.0,2.0,498000.0,2246,443.46,82500.0,12.07,78900.0,7.92,2026-06-30,41,1910,9965.0,95.31,"1x 2BR, 1x 3BR"
Boston,2121,870000.0,2.0,435000.0,2370,367.09,,,,,2026-06-30,29,1910,6719.0,104.83,2x 3BR
Newton,2458,1880000.0,2.0,940000.0,5582,336.8,,,,,2026-06-30,17,1940,13508.0,100.27,2x 3BR
Lynn,1904,740000.0,2.0,370000.0,1918,385.82,7800.0,94.87,7800.0,1.05,2026-06-30,23,1910,6725.9,107.4,"1x 2BR, 1x 3BR"
Malden,2148,930000.0,2.0,465000.0,2112,440.34,67200.0,13.84,67200.0,7.23,2026-06-30,34,1920,8939.0,95.89,2x 3BR
Malden,2148,960000.0,2.0,480000.0,2494,384.92,62400.0,15.38,62400.0,6.5,2026-06-30,20,1960,8701.0,102.14,2x 2BR
Lowell,1851,800000.0,2.0,400000.0,2400,333.33,26400.0,30.3,26400.0,3.3,2026-06-30,23,1974,7240.0,115.11,2x 2BR
Springfield,1108,550000.0,2.0,275000.0,3010,182.72,25200.0,21.83,25200.0,4.58,2026-06-30,0,1912,4379.0,100.0,"1x 2BR, 2x 3BR"
Boston,2125,2400000.0,6.0,400000.0,5388,445.43,198464.0,12.09,156279.0,6.51,2026-06-30,448,1900,99999.0,96.0,"4x 1BR, 1x 2BR"
New Bedford,2744,685000.0,3.0,228333.33,3612,189.65,70200.0,9.76,70200.0,10.25,2026-06-30,60,1916,6787.0,96.48,3x 3BR
Stoneham,2180,612000.0,2.0,306000.0,2378,257.36,,,,,2026-06-30,24,1900,6703.0,122.42,3x 1BR
Saugus,1906,760000.0,2.0,380000.0,3091,245.88,,,,,2026-06-30,9,1880,8528.77,108.73,"1x 1BR, 1x 4BR"
Fall River,2724,640000.0,3.0,213333.33,2952,216.8,,,,,2026-06-30,36,1900,4354.0,100.02,"1x 2BR, 2x 3BR"
Malden,2148,930000.0,2.0,465000.0,2705,343.81,31200.0,29.81,31200.0,3.35,2026-06-30,21,1920,7094.0,97.89,2x 2BR
Worcester,1604,626000.0,2.0,313000.0,2240,279.46,33600.0,18.63,33600.0,5.37,2026-06-30,32,1949,6284.0,105.21,2x 3BR
Chelsea,2150,760000.0,2.0,380000.0,1630,466.26,,,,,2026-06-30,30,1910,5760.0,95.09,2x 2BR
Lowell,1852,614000.0,2.0,307000.0,1938,316.82,52800.0,11.63,52800.0,8.6,2026-06-30,20,1900,5160.0,100.67,"1x 2BR, 1x 3BR"
Somerville,2145,1630000.0,3.0,543333.33,3001,543.15,108000.0,15.09,108000.0,6.63,2026-06-30,24,1890,15123.85,105.16,"1x 1BR, 2x 2BR"
Haverhill,1832,769000.0,3.0,256333.33,3687,208.57,20400.0,37.7,20400.0,2.65,2026-06-30,27,1920,7450.0,108.31,3x 3BR
Norton,2766,759133.0,3.0,253044.33,2016,376.55,,,,,2026-06-30,18,1970,8412.0,95.01,3x 2BR
Boston,2125,1395000.0,3.0,465000.0,3462,402.95,118800.0,11.74,118800.0,8.52,2026-06-30,56,1900,15775.0,91.48,3x 3BR
Beverly,1915,1330000.0,2.0,665000.0,3929,338.51,30000.0,44.33,30000.0,2.26,2026-06-30,8,1900,11454.0,102.31,2x 3BR
Everett,2149,825000.0,3.0,275000.0,2218,371.96,36000.0,22.92,36012.0,4.37,2026-06-30,26,1910,7934.0,100.01,"1x 1BR, 2x 2BR"
Boston,2127,1555000.0,2.0,777500.0,2782,558.95,31800.0,48.9,31800.0,2.05,2026-06-30,20,1860,13011.21,97.25,"1x 1BR, 1x 2BR"
Leominster,1453,425000.0,2.0,212500.0,2653,160.2,,,,,2026-06-30,10,1890,6092.0,89.49,2x 2BR
Clinton,1510,509000.0,2.0,254500.0,1805,281.99,21600.0,23.56,,,2026-06-30,17,1900,5500.0,101.8,2x 2BR
Cambridge,2138,2399000.0,2.0,1199500.0,2874,834.73,,,,,2026-06-30,43,1916,16264.0,100.0,"1x 1BR, 1x 5BR"
Lawrence,1841,900000.0,2.0,450000.0,2976,302.42,,,,,2026-06-30,19,2026,0.0,100.56,2x 3BR
Worcester,1607,625000.0,3.0,208333.33,3045,205.25,59700.0,10.47,59700.0,9.55,2026-06-30,39,1896,7166.0,91.91,3x 2BR
New Bedford,2740,690000.0,3.0,230000.0,3384,203.9,,,,,2026-06-30,23,1913,5695.0,95.17,"1x 2BR, 2x 3BR"
Revere,1251,1130000.0,3.0,376666.67,3041,371.59,14400.0,78.47,14400.0,1.27,2026-06-30,6,1920,7687.51,100.44,"1x 1BR, 1x 2BR, 1x 3BR"
Cambridge,2139,2150000.0,3.0,716666.67,3537,607.86,114000.0,18.86,90094.0,4.19,2026-07-01,27,1897,11674.0,93.48,3x 2BR
Lynn,1902,1070000.0,3.0,356666.67,3459,309.34,59400.0,18.01,59400.0,5.55,2026-07-01,80,1920,9067.0,97.27,"1x 2BR, 2x 3BR"
Brookline,2446,3450000.0,4.0,862500.0,6243,552.62,120000.0,28.75,84426.0,2.45,2026-07-01,22,1915,34495.0,101.62,"1x 2BR, 1x 3BR, 2x 4BR"
Norton,2766,760000.0,2.0,380000.0,3000,253.33,26400.0,28.79,26400.0,3.47,2026-07-01,18,1974,6277.0,101.35,2x 3BR
Norwood,2062,860000.0,2.0,430000.0,1976,435.22,18000.0,47.78,18000.0,2.09,2026-07-01,22,1920,6826.0,102.38,"1x 1BR, 1x 4BR"
Boston,2128,905000.0,2.0,452500.0,2673,338.57,,,,,2026-07-01,21,1910,7964.0,101.12,"1x 2BR, 1x 3BR"
Everett,2149,1000000.0,3.0,333333.33,3565,280.5,105600.0,9.47,105600.0,10.56,2026-07-01,12,1900,7990.0,101.11,"2x 2BR, 1x 3BR"
Worcester,1610,725000.0,3.0,241666.67,4506,160.9,60000.0,12.08,60000.0,8.28,2026-07-01,19,1900,7964.0,102.44,3x 3BR
West Springfield,1089,425000.0,2.0,212500.0,1710,248.54,16200.0,26.23,16200.0,3.81,2026-07-01,12,1970,3529.0,104.71,2x 2BR
Springfield,1108,430000.0,3.0,143333.33,3723,115.5,84204.0,5.11,71528.0,16.63,2026-07-01,37,1909,5813.0,101.18,3x 3BR
Springfield,1108,330000.0,2.0,165000.0,3562,92.64,62916.0,5.25,50796.0,15.39,2026-07-01,32,1904,4833.0,101.54,"1x 3BR, 1x 5BR"
Boston,2129,1825000.0,3.0,608333.33,3525,517.73,126600.0,14.42,97763.0,5.36,2026-07-01,21,1880,19037.86,93.59,"1x 2BR, 2x 3BR"
Somerville,2145,1345000.0,2.0,672500.0,2676,502.62,78600.0,17.11,78600.0,5.84,2026-07-01,21,1858,12011.0,103.54,"1x 1BR, 1x 4BR"
Springfield,1108,420000.0,2.0,210000.0,3395,123.71,46800.0,8.97,46800.0,11.14,2026-07-01,37,1909,3257.0,100.0,"1x 2BR, 1x 5BR"
Boston,2125,1299000.0,3.0,433000.0,3522,368.82,24000.0,54.12,24000.0,1.85,2026-07-01,19,1905,15712.0,100.0,"1x 2BR, 2x 3BR"
Cambridge,2140,1500000.0,2.0,750000.0,1915,783.29,19200.0,78.12,19200.0,1.28,2026-07-01,6,1892,3313.31,136.36,"1x 1BR, 1x 2BR"
Fitchburg,1420,463000.0,3.0,154333.33,2554,181.28,45600.0,10.15,45600.0,9.85,2026-07-01,30,1920,5854.25,100.87,"2x 1BR, 1x 2BR"
Woburn,1801,800000.0,2.0,400000.0,1906,419.73,,,,,2026-07-01,15,1981,5732.0,103.23,2x 2BR
Ipswich,1938,1156000.0,2.0,578000.0,2747,420.82,21600.0,53.52,21600.0,1.87,2026-07-01,13,1910,8928.0,116.18,"1x 1BR, 1x 4BR"
Boston,2122,1250000.0,3.0,416666.67,4290,291.38,,,,,2026-07-01,29,1900,12117.28,108.7,3x 4BR
Watertown,2472,1085000.0,2.0,542500.0,2392,453.6,21300.0,50.94,21300.0,1.96,2026-07-01,19,1930,10834.0,100.93,2x 2BR
Plymouth,2360,762000.0,2.0,381000.0,1635,466.06,45600.0,16.71,42514.0,5.58,2026-07-01,20,1890,6775.0,101.6,"1x 1BR, 1x 2BR"
Everett,2149,860000.0,2.0,430000.0,2334,368.47,,,,,2026-07-01,36,1902,8144.0,95.66,"1x 2BR, 1x 4BR"
Fitchburg,1420,385000.0,2.0,192500.0,1564,246.16,31800.0,12.11,28340.0,7.36,2026-07-01,63,1910,3826.0,100.03,"1x 1BR, 1x 3BR"
Boston,2135,1035000.0,2.0,517500.0,2350,440.43,66900.0,15.47,66900.0,6.46,2026-07-01,47,1930,10688.0,96.28,"1x 2BR, 1x 3BR"
Taunton,2780,770000.0,2.0,385000.0,3254,236.63,67200.0,11.46,67200.0,8.73,2026-07-01,22,2025,6943.56,105.62,2x 3BR
Pepperell,1463,460000.0,2.0,230000.0,1923,239.21,40800.0,11.27,39000.0,8.48,2026-07-01,231,1920,5735.0,102.22,"1x 2BR, 1x 3BR"
Brockton,2301,1020000.0,3.0,340000.0,5316,191.87,69600.0,14.66,69600.0,6.82,2026-07-01,46,1910,9850.0,97.14,3x 5BR
Ayer,1432,775000.0,4.0,193750.0,3187,243.18,73512.0,10.54,59757.0,7.71,2026-07-01,48,1920,7025.0,92.81,4x 2BR
New Bedford,2746,600000.0,2.0,300000.0,2220,270.27,14400.0,41.67,14400.0,2.4,2026-07-01,42,1908,4844.0,100.02,2x 3BR
Lawrence,1841,1200000.0,9.0,133333.33,4172,287.63,103200.0,11.63,78879.0,6.57,2026-07-01,23,1920,8382.0,97.96,"2x 0BR, 3x 1BR"
Gardner,1440,510000.0,4.0,127500.0,2760,184.78,,,,,2026-07-01,19,1900,5346.0,117.24,"1x 1BR, 3x 2BR"
Springfield,1105,525000.0,2.0,262500.0,3786,138.67,,,,,2026-07-01,16,1871,6369.0,110.55,2x 2BR
Fall River,2725,527000.0,2.0,263500.0,1702,309.64,,,,,2026-07-01,19,1930,5633.4,102.33,"1x 1BR, 1x 3BR"
Framingham,1702,588000.0,2.0,294000.0,1586,370.74,36000.0,16.33,36000.0,6.12,2026-07-01,50,1892,6624.0,98.02,"1x 2BR, 1x 3BR"
Boston,2124,1420000.0,2.0,710000.0,5025,282.59,120000.0,11.83,84000.0,5.92,2026-07-01,22,1900,12205.0,97.93,"1x 3BR, 1x 4BR"
Lynn,1902,900000.0,2.0,450000.0,4002,224.89,21600.0,41.67,21600.0,2.4,2026-07-02,24,1900,9258.0,109.09,"1x 2BR, 1x 7BR"
Salem,1970,1002500.0,2.0,501250.0,3943,254.25,67572.0,14.84,67572.0,6.74,2026-07-02,23,1880,9326.0,95.48,"1x 2BR, 1x 6BR"
Malden,2148,1090000.0,3.0,363333.33,2626,415.08,90000.0,12.11,90000.0,8.26,2026-07-02,53,1880,9937.0,96.63,"2x 2BR, 1x 3BR"
Boston,2135,1050000.0,2.0,525000.0,2122,494.82,66600.0,15.77,66600.0,6.34,2026-07-02,21,1920,11142.0,95.89,2x 2BR
Medford,2155,1505000.0,2.0,752500.0,3716,405.01,105600.0,14.25,105600.0,7.02,2026-07-02,20,1970,13095.8,97.1,2x 4BR
Lynn,1902,1250000.0,3.0,416666.67,5098,245.19,,,,,2026-07-02,21,1890,11102.0,104.25,"1x 3BR, 2x 4BR"
Lynn,1905,854500.0,2.0,427250.0,2632,324.66,30000.0,28.48,30000.0,3.51,2026-07-02,25,1910,8889.0,100.54,2x 2BR
Revere,2151,1230000.0,3.0,410000.0,3453,356.21,69600.0,17.67,69600.0,5.66,2026-07-02,22,1930,7792.0,102.5,"1x 2BR, 2x 3BR"
Chicopee,1013,290000.0,2.0,145000.0,1594,181.93,,,,,2026-07-02,20,1880,3369.0,107.81,"1x 2BR, 1x 3BR"
Lynn,1905,800000.0,2.0,400000.0,1988,402.41,,,,,2026-07-02,21,1900,8013.0,100.01,"1x 2BR, 1x 3BR"
West Springfield,1089,600000.0,3.0,200000.0,2555,234.83,,,,,2026-07-02,5,1927,4747.0,102.58,"1x 1BR, 2x 2BR"
Worcester,1607,820000.0,3.0,273333.33,3492,234.82,85200.0,9.62,85200.0,10.39,2026-07-02,40,2026,6731.0,102.51,"2x 2BR, 1x 3BR"
Waltham,2453,950000.0,2.0,475000.0,2796,339.77,28800.0,32.99,28800.0,3.03,2026-07-02,27,1900,9348.0,90.56,"1x 2BR, 1x 3BR"
Cambridge,2141,2200000.0,3.0,733333.33,3780,582.01,,,,,2026-07-02,38,1873,8062.73,95.86,3x 2BR
Beverly,1915,1250000.0,3.0,416666.67,2634,474.56,96600.0,12.94,96600.0,7.73,2026-07-02,22,1900,9467.0,104.18,"1x 2BR, 2x 3BR"
Attleboro,2703,580000.0,2.0,290000.0,1968,294.72,48000.0,12.08,48000.0,8.28,2026-07-02,126,1900,5676.0,98.32,2x 3BR
Webster,1570,535000.0,2.0,267500.0,2420,221.07,,,,,2026-07-02,30,1900,4826.0,102.9,2x 2BR
Fall River,2721,725000.0,3.0,241666.67,3366,215.39,79800.0,9.09,79800.0,11.01,2026-07-02,38,1900,5738.0,103.57,3x 3BR
Worcester,1604,630000.0,3.0,210000.0,3270,192.66,40800.0,15.44,40800.0,6.48,2026-07-02,21,1900,9018.0,94.74,3x 3BR
Malden,2148,1138000.0,2.0,569000.0,3285,346.42,75600.0,15.05,75600.0,6.64,2026-07-02,20,1920,9722.0,105.37,"1x 2BR, 1x 5BR"
Middleboro,2346,630000.0,2.0,315000.0,2572,244.95,43200.0,14.58,43200.0,6.86,2026-07-02,44,1900,5591.0,101.63,"1x 2BR, 1x 3BR"
Holyoke,1040,380000.0,2.0,190000.0,2870,132.4,,,,,2026-07-02,28,1900,6041.0,101.33,"1x 3BR, 1x 4BR"
Bellingham,2019,765000.0,2.0,382500.0,3912,195.55,,,,,2026-07-02,23,1933,5177.0,102.0,"1x 2BR, 1x 3BR"
Taunton,2780,690000.0,3.0,230000.0,2620,263.36,43856.0,15.73,47184.0,6.84,2026-07-02,26,1875,4780.0,100.73,"1x 1BR, 1x 2BR, 1x 3BR"
New Bedford,2740,600000.0,3.0,200000.0,3626,165.47,40800.0,14.71,22217.0,3.7,2026-07-02,46,1877,9715.82,96.0,2x 1BR
Haverhill,1835,880000.0,2.0,440000.0,2941,299.22,,,,,2026-07-02,32,1917,5765.0,107.32,"1x 2BR, 1x 5BR"
Lowell,1852,855000.0,2.0,427500.0,2334,366.32,,,,,2026-07-02,9,1910,6306.0,114.02,"1x 4BR, 1x 6BR"
Medford,2155,1342000.0,2.0,671000.0,3101,432.76,93600.0,14.34,93600.0,6.97,2026-07-02,26,1910,10922.13,103.31,"1x 3BR, 1x 4BR"
Boston,2130,1300000.0,3.0,433333.33,2994,434.2,93600.0,13.89,93600.0,7.2,2026-07-02,21,1900,15528.0,108.79,3x 2BR
Boston,2129,1250000.0,2.0,625000.0,1872,667.74,33600.0,37.2,33600.0,2.69,2026-07-03,18,1900,12171.0,97.73,"1x 1BR, 1x 2BR"
Haverhill,1830,1690000.0,8.0,211250.0,7221,234.04,173904.0,9.72,127689.0,7.56,2026-07-03,37,1900,10119.0,99.41,"4x 1BR, 1x 2BR"
North Attleboro,2760,662246.0,2.0,331123.0,2112,313.56,21600.0,30.66,21600.0,3.26,2026-07-06,20,1906,5192.0,101.9,2x 2BR
Fitchburg,1420,525000.0,2.0,262500.0,2893,181.47,21600.0,24.31,21600.0,4.11,2026-07-06,8,1910,4874.0,100.0,"1x 3BR, 1x 4BR"
Milton,2186,1261000.0,2.0,630500.0,3173,397.42,48000.0,26.27,48000.0,3.81,2026-07-06,27,1916,9347.0,98.9,"1x 3BR, 1x 4BR"
Saugus,1906,925000.0,2.0,462500.0,2340,395.3,,,,,2026-07-06,8,1978,7570.0,105.71,"1x 2BR, 1x 3BR"
Franklin,2038,730000.0,2.0,365000.0,2493,292.82,,,,,2026-07-06,20,1900,6952.0,96.05,"1x 2BR, 1x 3BR"
Somerville,2143,1950000.0,3.0,650000.0,3476,560.99,,,,,2026-07-06,15,1900,13230.23,111.43,"1x 1BR, 2x 2BR"
Gloucester,1930,675000.0,2.0,337500.0,2032,332.19,63000.0,10.71,63000.0,9.33,2026-07-06,25,1900,5478.0,96.57,"1x 2BR, 1x 3BR"
Worcester,1604,590000.0,2.0,295000.0,2202,267.94,37800.0,15.61,34960.0,5.93,2026-07-07,22,1921,6017.0,101.74,2x 2BR
Millbury,1527,600000.0,2.0,300000.0,2352,255.1,51600.0,11.63,51600.0,8.6,2026-07-07,15,1930,5655.0,106.19,2x 2BR
Fitchburg,1420,760000.0,4.0,190000.0,4892,155.36,87000.0,8.74,87000.0,11.45,2026-07-07,28,1900,8659.0,101.62,4x 3BR
Boston,2135,945000.0,2.0,472500.0,2352,401.79,60300.0,15.67,37832.0,4.0,2026-07-07,75,1940,10256.0,92.74,2x 3BR
Lowell,1851,725600.0,4.0,181400.0,3348,216.73,87000.0,8.34,63778.0,8.79,2026-07-07,94,1900,7826.0,93.63,"1x 1BR, 2x 2BR, 1x 3BR"
Taunton,2780,800000.0,2.0,400000.0,2903,275.58,61200.0,13.07,61200.0,7.65,2026-07-07,89,1806,7106.0,100.0,"1x 3BR, 1x 4BR"
Cohasset,2025,1200000.0,4.0,300000.0,3292,364.52,99600.0,12.05,77568.0,6.46,2026-07-07,4,1950,8838.0,109.09,"2x 0BR, 1x 1BR, 1x 2BR"
Somerville,2144,1660000.0,2.0,830000.0,3834,432.97,102000.0,16.27,102000.0,6.14,2026-07-07,21,1910,16677.52,107.1,2x 4BR
Springfield,1108,317500.0,2.0,158750.0,3398,93.44,,,,,2026-07-07,7,1913,3978.0,105.87,"1x 2BR, 1x 5BR"
Pittsfield,1201,485000.0,4.0,121250.0,3872,125.26,53712.0,9.03,53712.0,11.07,2026-07-07,4,1900,4476.0,105.46,"2x 2BR, 2x 3BR"
Maynard,1754,640000.0,2.0,320000.0,1750,365.71,57360.0,11.16,57360.0,8.96,2026-07-07,41,1885,7975.0,97.12,"1x 1BR, 1x 3BR"
Palmer,1069,350000.0,2.0,175000.0,2624,133.38,19200.0,18.23,19200.0,5.49,2026-07-07,8,1874,5892.0,102.97,2x 3BR
New Bedford,2740,686000.0,2.0,343000.0,3174,216.13,61200.0,11.21,61200.0,8.92,2026-07-07,40,1870,5777.0,105.57,"1x 3BR, 1x 5BR"
Somerville,2143,1225000.0,2.0,612500.0,1654,740.63,81600.0,15.01,81600.0,6.66,2026-07-07,42,1900,10329.0,102.25,2x 3BR
Springfield,1105,300000.0,3.0,100000.0,3496,85.81,,,,,2026-07-07,49,1900,3255.0,66.68,"1x 2BR, 2x 3BR"
Westfield,1085,400000.0,2.0,200000.0,2347,170.43,,,,,2026-07-07,18,1900,3801.0,106.83,2x 2BR
Chicopee,1013,369000.0,2.0,184500.0,1732,213.05,12600.0,29.29,12600.0,3.41,2026-07-07,113,1890,3597.0,97.13,2x 2BR
Southbridge,1550,460000.0,2.0,230000.0,2540,181.1,,,,,2026-07-07,13,1915,4861.0,95.85,"1x 2BR, 1x 3BR"
Boston,2119,985000.0,2.0,492500.0,3202,307.62,,,,,2026-07-07,20,1890,9299.0,103.7,"1x 2BR, 1x 4BR"
Boston,2128,1675000.0,4.0,418750.0,4533,369.51,124800.0,13.42,124800.0,7.45,2026-07-07,28,1910,13081.0,90.54,"1x 0BR, 3x 3BR"
Springfield,1109,400000.0,2.0,200000.0,3401,117.61,48000.0,8.33,48000.0,12.0,2026-07-07,21,1912,4635.0,108.14,3x 2BR
Methuen,1844,840000.0,3.0,280000.0,2980,281.88,,,,,2026-07-07,18,1900,6454.0,105.01,"1x 1BR, 2x 2BR"
Boston,2135,3570000.0,6.0,595000.0,6168,578.79,279480.0,12.77,227810.0,6.38,2026-07-07,120,2021,26212.0,92.73,"1x 2BR, 1x 3BR"
Fitchburg,1420,528000.0,2.0,264000.0,2060,256.31,27900.0,18.92,27900.0,5.28,2026-07-07,38,1920,6228.0,97.96,"1x 2BR, 1x 3BR"
Fall River,2723,571000.0,2.0,285500.0,2086,273.73,,,,,2026-07-07,10,1925,4646.0,104.01,2x 2BR
Woburn,1801,777500.0,3.0,259166.67,9999,77.76,23976.0,32.43,23976.0,3.08,2026-07-07,23,1900,5728.0,103.67,3x 2BR
Boston,2127,1950000.0,3.0,650000.0,3579,544.84,130800.0,14.91,130800.0,6.71,2026-07-07,23,1905,26271.72,97.55,3x 3BR
Worcester,1605,550000.0,3.0,183333.33,2481,221.68,55200.0,9.96,55200.0,10.04,2026-07-08,31,1890,5548.0,107.84,"1x 1BR, 1x 2BR, 1x 3BR"
Fall River,2721,495000.0,2.0,247500.0,2235,221.48,16800.0,29.46,16800.0,3.39,2026-07-08,15,1935,4705.95,103.15,2x 2BR
Medford,2155,1130000.0,2.0,565000.0,2415,467.91,61740.0,18.3,61740.0,5.46,2026-07-08,70,1918,9586.0,102.74,"1x 2BR, 1x 3BR"
Worcester,1603,578000.0,2.0,289000.0,2500,231.2,54600.0,10.59,54600.0,9.45,2026-07-08,56,1890,5157.0,96.49,2x 3BR
Athol,1331,318000.0,2.0,159000.0,1616,196.78,,,,,2026-07-08,8,1880,2476.0,107.8,2x 2BR
Worcester,1610,656000.0,3.0,218666.67,3852,170.3,,,,,2026-07-08,40,1900,7978.62,104.13,3x 2BR
Medford,2155,1050000.0,2.0,525000.0,2559,410.32,,,,,2026-07-08,56,1910,8334.0,95.89,"1x 2BR, 1x 3BR"
Haverhill,1830,725000.0,2.0,362500.0,1987,364.87,16800.0,43.15,16800.0,2.32,2026-07-08,22,1900,5943.0,103.59,2x 2BR
Boston,2119,2300000.0,8.0,287500.0,7812,294.42,275832.0,8.34,200448.0,8.72,2026-07-08,96,1899,25784.0,100.0,"1x 2BR, 1x 3BR"
Westport,2790,699000.0,2.0,349500.0,2116,330.34,,,,,2026-07-08,77,1950,3737.0,95.88,"1x 1BR, 1x 3BR"
Shrewsbury,1545,650000.0,2.0,325000.0,2262,287.36,,,,,2026-07-08,26,1927,6306.6,100.0,2x 2BR
New Bedford,2746,472500.0,2.0,236250.0,1362,346.92,,,,,2026-07-08,26,1891,4123.77,97.44,2x 2BR
Northbridge,1534,682000.0,2.0,341000.0,2800,243.57,33600.0,20.3,33600.0,4.93,2026-07-08,56,1940,4757.0,101.05,2x 3BR
Worcester,1607,510000.0,2.0,255000.0,1655,308.16,32400.0,15.74,32400.0,6.35,2026-07-08,21,1903,4880.0,102.02,2x 2BR
Fitchburg,1420,627000.0,3.0,209000.0,3414,183.66,,,,,2026-07-08,19,1907,6036.0,100.32,3x 3BR
Cambridge,2141,1999999.0,3.0,666666.33,3451,579.54,78000.0,25.64,59859.0,2.99,2026-07-08,32,1894,11600.0,100.05,"2x 2BR, 1x 3BR"
Winthrop,2152,900000.0,2.0,450000.0,2843,316.57,,,,,2026-07-08,14,1925,8481.0,103.51,"1x 2BR, 1x 4BR"
Walpole,2081,535000.0,2.0,267500.0,1872,285.79,38400.0,13.93,38400.0,7.18,2026-07-08,84,1900,7128.0,93.04,2x 2BR
Boston,2124,958900.0,3.0,319633.33,3543,270.65,13200.0,72.64,13200.0,1.38,2026-07-08,43,1905,11528.0,96.37,3x 3BR
Salem,1970,850000.0,2.0,425000.0,2487,341.78,24000.0,35.42,24000.0,2.82,2026-07-08,29,1890,6823.0,100.0,"1x 2BR, 1x 3BR"
Boston,2131,890000.0,2.0,445000.0,2702,329.39,,,,,2026-07-08,20,1910,7971.0,111.39,"1x 2BR, 1x 3BR"
Quincy,2169,835000.0,2.0,417500.0,1944,429.53,,,,,2026-07-08,16,1918,7416.0,100.72,2x 2BR
Quincy,2169,1177000.0,4.0,294250.0,3128,376.28,,,,,2026-07-08,28,1920,9163.0,90.61,4x 1BR
Holliston,1746,705000.0,2.0,352500.0,2056,342.9,36000.0,19.58,36000.0,5.11,2026-07-08,28,1872,7879.0,100.73,"1x 1BR, 1x 3BR"
New Bedford,2740,739000.0,3.0,246333.33,3750,197.07,,,,,2026-07-09,41,1881,6172.0,102.64,3x 3BR
Worcester,1610,520000.0,3.0,173333.33,6000,86.67,,,,,2026-07-09,50,1900,8000.0,86.67,3x 3BR
Milford,1757,818300.0,2.0,409150.0,3412,239.83,37200.0,22.0,37200.0,4.55,2026-07-09,73,1920,8160.0,98.0,2x 4BR
Ludlow,1056,450000.0,2.0,225000.0,2464,182.63,,,,,2026-07-09,25,1920,5189.0,102.51,2x 2BR
Rockland,2370,750000.0,3.0,250000.0,4272,175.56,,,,,2026-07-09,69,1900,0.0,93.87,3x 3BR
Lowell,1850,1777050.0,8.0,222131.25,10212,174.02,174600.0,10.18,121269.0,6.82,2026-07-09,34,1930,14966.0,99.0,"1x 3BR, 4x 4BR"
Brockton,2301,765000.0,4.0,191250.0,2536,301.66,87600.0,8.73,77840.0,10.18,2026-07-09,155,1925,6631.0,92.73,"2x 1BR, 1x 2BR, 1x 3BR"
Cambridge,2139,1250000.0,2.0,625000.0,1929,648.0,,,,,2026-07-09,13,1894,8120.0,104.25,"1x 1BR, 1x 3BR"
Boston,2128,1380000.0,3.0,460000.0,3249,424.75,,,,,2026-07-09,26,1900,8660.0,100.36,"2x 2BR, 1x 3BR"
Lowell,1852,725000.0,3.0,241666.67,3202,226.42,50400.0,14.38,50400.0,6.95,2026-07-09,82,1900,6680.0,100.0,3x 3BR
Somerville,2144,1560000.0,3.0,520000.0,2560,609.38,106200.0,14.69,106200.0,6.81,2026-07-09,20,1920,15113.0,104.07,"1x 1BR, 2x 2BR"
Pittsfield,1201,265000.0,2.0,132500.0,1392,190.37,18600.0,14.25,18600.0,7.02,2026-07-09,54,1880,2282.0,94.68,2x 2BR
Belmont,2478,1000000.0,2.0,500000.0,2400,416.67,,,,,2026-07-09,21,1915,10240.0,101.11,"1x 2BR, 1x 3BR"
Watertown,2472,1089000.0,2.0,544500.0,2226,489.22,61200.0,17.79,61200.0,5.62,2026-07-09,41,1920,12500.0,100.0,2x 2BR
Boston,2124,725000.0,2.0,362500.0,2734,265.18,,,,,2026-07-09,150,1890,8354.0,100.83,"1x 2BR, 1x 4BR"
Springfield,1129,505000.0,2.0,252500.0,2240,225.45,18600.0,27.15,18600.0,3.68,2026-07-09,6,1976,6016.0,112.23,"1x 2BR, 1x 3BR"
Fall River,2724,840000.0,6.0,140000.0,4860,172.84,73500.0,11.43,73500.0,8.75,2026-07-09,43,1900,7437.0,95.56,5x 2BR
Boston,2124,752500.0,3.0,250833.33,3960,190.03,,,,,2026-07-09,32,1890,11414.0,97.1,3x 4BR
Fitchburg,1420,600000.0,2.0,300000.0,2281,263.04,24000.0,25.0,24000.0,4.0,2026-07-09,62,1930,5488.0,103.63,2x 3BR
Pittsfield,1201,325000.0,2.0,162500.0,2870,113.24,16740.0,19.41,16740.0,5.15,2026-07-09,43,1900,2282.0,92.88,"1x 3BR, 1x 4BR"
South Hadley,1075,375000.0,2.0,187500.0,1984,189.01,,,,,2026-07-09,42,1900,4431.0,94.22,"1x 1BR, 1x 2BR"
Boston,2119,3450000.0,7.0,492857.14,6509,530.04,291000.0,11.86,247147.0,7.16,2026-07-09,92,1900,25748.0,95.17,"2x 1BR, 3x 3BR"
Ludlow,1056,410000.0,2.0,205000.0,1536,266.93,24300.0,16.87,24300.0,5.93,2026-07-10,11,1971,4027.0,108.18,2x 2BR
Woburn,1801,1265000.0,4.0,316250.0,3128,404.41,,,,,2026-07-10,23,1830,6560.0,101.2,"3x 1BR, 1x 3BR"
Franklin,2038,960000.0,3.0,320000.0,2959,324.43,75600.0,12.7,75600.0,7.88,2026-07-10,24,1900,7995.0,96.01,"2x 2BR, 1x 3BR"
Worcester,1604,717500.0,2.0,358750.0,2525,284.16,57600.0,12.46,58800.0,8.2,2026-07-10,20,1951,6625.0,102.51,2x 3BR
Springfield,1108,518000.0,2.0,259000.0,5193,99.75,22200.0,23.33,13863.0,2.68,2026-07-10,14,1910,6979.05,94.18,"1x 3BR, 1x 6BR"
Weymouth,2190,1540000.0,5.0,308000.0,4352,353.86,134400.0,11.46,123528.0,8.02,2026-07-10,28,1888,11206.0,99.42,5x 2BR
Montague,1376,370150.0,2.0,185075.0,1992,185.82,,,,,2026-07-10,18,1903,5336.95,101.41,"1x 1BR, 1x 2BR"
Springfield,1151,265000.0,2.0,132500.0,2642,100.3,,,,,2026-07-10,35,1970,3547.0,94.65,"1x 0BR, 1x 3BR"
Holyoke,1040,417000.0,2.0,208500.0,2000,208.5,16200.0,25.74,16200.0,3.88,2026-07-10,15,1920,4368.0,107.2,2x 3BR
Quincy,2171,951000.0,2.0,475500.0,2080,457.21,,,,,2026-07-10,14,1910,10014.5,108.19,2x 2BR
Rockland,2370,790000.0,2.0,395000.0,1678,470.8,,,,,2026-07-10,14,1930,6069.0,96.47,2x 3BR
Leominster,1453,750000.0,6.0,125000.0,5588,134.22,101400.0,7.4,,,2026-07-10,86,1900,10421.0,98.04,"1x 0BR, 2x 1BR"
Everett,2149,1160000.0,3.0,386666.67,3117,372.15,49800.0,23.29,49800.0,4.29,2026-07-10,19,1910,11049.0,105.46,3x 2BR
Acushnet,2743,940000.0,4.0,235000.0,3751,250.6,66000.0,14.24,66000.0,7.02,2026-07-10,38,1861,6289.0,95.93,"2x 2BR, 2x 3BR"
Cambridge,2138,2925000.0,2.0,1462500.0,4314,678.03,103200.0,28.34,103200.0,3.53,2026-07-10,14,1919,17002.0,101.56,"1x 2BR, 1x 3BR"
Chicopee,1020,430000.0,2.0,215000.0,2209,194.66,21600.0,19.91,21600.0,5.02,2026-07-10,70,1880,3929.0,100.02,2x 2BR
Fall River,2721,594900.0,2.0,297450.0,2744,216.8,32700.0,18.19,33000.0,5.55,2026-07-10,99,1921,5125.0,100.0,2x 3BR
Taunton,2780,620000.0,2.0,310000.0,2074,298.94,,,,,2026-07-10,22,1900,4872.0,99.22,"1x 2BR, 1x 3BR"
Northampton,1060,730000.0,2.0,365000.0,2940,248.3,,,,,2026-07-10,3,1900,7411.0,104.29,2x 3BR
Taunton,2780,759000.0,2.0,379500.0,1872,405.45,,,,,2026-07-10,64,2025,0.0,101.21,2x 2BR
Springfield,1105,530000.0,2.0,265000.0,2800,189.29,,,,,2026-07-10,7,2021,6368.0,100.0,2x 3BR
Fitchburg,1420,540000.0,3.0,180000.0,3586,150.59,,,,,2026-07-10,22,1912,5784.0,99.08,"1x 2BR, 2x 3BR"
Lawrence,1843,1150000.0,4.0,287500.0,4827,238.24,,,,,2026-07-10,23,1910,6179.0,104.55,4x 3BR
Lowell,1850,919000.0,2.0,459500.0,4458,206.15,54000.0,17.02,54000.0,5.88,2026-07-10,21,1910,7917.0,99.9,"1x 4BR, 1x 5BR"
Braintree,2184,838000.0,2.0,419000.0,1854,452.0,50400.0,16.63,50400.0,6.01,2026-07-10,48,1900,7261.0,98.59,2x 2BR
Springfield,1109,550000.0,2.0,275000.0,3536,155.54,,,,,2026-07-10,7,2022,6391.0,100.02,2x 4BR
Taunton,2780,665000.0,2.0,332500.0,1559,426.56,,,,,2026-07-10,39,1920,5357.0,97.08,2x 2BR
Middleboro,2346,725000.0,2.0,362500.0,2268,319.66,,,,,2026-07-10,16,1900,6242.0,100.0,2x 3BR
Hopedale,1747,949900.0,2.0,474950.0,2275,417.54,33000.0,28.78,33000.0,3.47,2026-07-10,10,1903,8066.0,100.0,"1x 1BR, 1x 3BR"
Boston,2121,3100000.0,8.0,387500.0,10506,295.07,62400.0,49.68,62400.0,2.01,2026-07-10,0,1899,13800.0,88.57,"1x 2BR, 1x 3BR"
Hudson,1749,675000.0,2.0,337500.0,1722,391.99,21000.0,32.14,21000.0,3.11,2026-07-10,56,1900,7047.0,97.84,"1x 2BR, 1x 3BR"
Worcester,1605,660000.0,2.0,330000.0,3464,190.53,30000.0,22.0,30000.0,4.55,2026-07-10,3,1922,7608.0,104.93,"1x 2BR, 1x 3BR"
Fall River,2723,615000.0,2.0,307500.0,2420,254.13,17400.0,35.34,17400.0,2.83,2026-07-10,23,1920,5420.0,97.63,2x 3BR
Haverhill,1830,620000.0,2.0,310000.0,2162,286.77,28200.0,21.99,28200.0,4.55,2026-07-10,90,1906,4760.0,99.22,"1x 2BR, 1x 4BR"
Spencer,1562,400000.0,2.0,200000.0,2528,158.23,28800.0,13.89,28800.0,7.2,2026-07-10,17,1890,3756.0,106.67,"1x 2BR, 1x 3BR"
Dedham,2026,715000.0,2.0,357500.0,1773,403.27,,,,,2026-07-10,18,1910,8794.0,102.29,"1x 1BR, 1x 3BR"
Somerville,2143,930000.0,2.0,465000.0,2153,431.96,,,,,2026-07-13,7,1896,10101.0,109.54,"1x 1BR, 1x 3BR"
Springfield,1108,480000.0,3.0,160000.0,3390,141.59,72000.0,6.67,72000.0,15.0,2026-07-13,43,1909,5670.0,98.97,3x 3BR
Haverhill,1832,789000.0,2.0,394500.0,2580,305.81,18000.0,43.83,18000.0,2.28,2026-07-13,35,1900,6307.0,102.6,"1x 3BR, 1x 5BR"
Haverhill,1830,1120000.0,6.0,186666.67,6206,180.47,125580.0,8.92,86095.0,7.69,2026-07-13,10,1850,11211.0,101.82,"3x 2BR, 1x 3BR, 1x 4BR"
Braintree,2184,700000.0,2.0,350000.0,2128,328.95,,,,,2026-07-13,16,1928,6962.0,103.7,2x 3BR
Medford,2155,960000.0,2.0,480000.0,2355,407.64,,,,,2026-07-13,6,1910,8233.0,97.08,2x 3BR
Haverhill,1832,518000.0,2.0,259000.0,1620,319.75,36000.0,14.39,14400.0,2.78,2026-07-13,201,1990,0.0,98.67,"1x 0BR, 1x 3BR"
Springfield,1109,400000.0,2.0,200000.0,2670,149.81,15000.0,26.67,15000.0,3.75,2026-07-13,104,1922,3405.0,100.25,"1x 2BR, 1x 4BR"
Boston,2134,950000.0,2.0,475000.0,2313,410.72,,,,,2026-07-13,37,1895,12876.0,95.19,"1x 1BR, 1x 4BR"
Revere,2151,915000.0,2.0,457500.0,2760,331.52,,,,,2026-07-13,13,1900,6162.0,96.32,"1x 1BR, 1x 4BR"
Belmont,2478,1235000.0,3.0,411666.67,2834,435.78,,,,,2026-07-13,26,1920,12392.0,102.92,"1x 1BR, 1x 2BR, 1x 4BR"
Cambridge,2139,2220000.0,5.0,444000.0,4294,517.0,160200.0,13.86,160200.0,7.22,2026-07-13,59,1855,13621.0,95.48,"4x 1BR, 1x 3BR"
Malden,2148,585000.0,2.0,292500.0,1793,326.27,,,,,2026-07-13,8,1900,7574.0,93.6,"1x 1BR, 1x 2BR"
Lynn,1905,690000.0,2.0,345000.0,2038,338.57,64800.0,10.65,64800.0,9.39,2026-07-13,20,1909,6682.0,106.15,2x 2BR
Plymouth,2360,764000.0,2.0,382000.0,4202,181.82,24000.0,31.83,24000.0,3.14,2026-07-13,14,1920,6563.0,109.16,"1x 2BR, 1x 3BR"
Taunton,2780,590000.0,2.0,295000.0,1762,334.85,,,,,2026-07-13,26,1900,5496.0,100.85,"1x 1BR, 1x 3BR"
Lowell,1854,882000.0,5.0,176400.0,3832,230.17,91680.0,9.62,65095.0,7.38,2026-07-13,38,1900,8355.0,98.0,"3x 1BR, 1x 2BR, 1x 3BR"
Winchendon,1475,499000.0,2.0,249500.0,3054,163.39,,,,,2026-07-13,15,1900,3187.0,100.0,2x 3BR
Boston,2121,1275000.0,3.0,425000.0,4833,263.81,63000.0,20.24,63000.0,4.94,2026-07-13,17,1905,12499.0,108.51,3x 3BR
Boston,2130,1460000.0,2.0,730000.0,2894,504.49,,,,,2026-07-13,16,1925,12520.0,100.76,"1x 2BR, 1x 3BR"
Taunton,2780,815000.0,3.0,271666.67,2721,299.52,62640.0,13.01,,,2026-07-13,44,1900,8356.0,98.2,"2x 2BR, 1x 3BR"
Monson,1057,323000.0,2.0,161500.0,1728,186.92,25800.0,12.52,25800.0,7.99,2026-07-13,16,1968,3116.0,107.67,2x 2BR
Leominster,1453,700000.0,3.0,233333.33,3001,233.26,,,,,2026-07-14,134,1900,6830.0,98.59,"2x 2BR, 1x 3BR"
Peabody,1960,715000.0,2.0,357500.0,1523,469.47,27600.0,25.91,27600.0,3.86,2026-07-14,47,1900,5393.0,97.28,"1x 1BR, 1x 2BR"
Somerville,2144,1170000.0,2.0,585000.0,2394,488.72,21000.0,55.71,21000.0,1.79,2026-07-14,14,1900,11457.0,97.51,2x 2BR
Worcester,1604,605000.0,2.0,302500.0,2346,257.89,16800.0,36.01,16800.0,2.78,2026-07-14,56,1915,5989.0,97.6,2x 2BR
Lowell,1851,730000.0,2.0,365000.0,2306,316.57,,,,,2026-07-14,18,1940,5864.0,105.8,2x 3BR
Malden,2148,1565000.0,3.0,521666.67,4233,369.71,138000.0,11.34,112574.0,7.19,2026-07-14,53,1900,11339.0,97.87,3x 4BR
Brockton,2301,805000.0,3.0,268333.33,3430,234.69,49800.0,16.16,49800.0,6.19,2026-07-14,155,1902,8561.0,100.75,"1x 2BR, 2x 3BR"
Oxford,1537,399900.0,2.0,199950.0,1722,232.23,16800.0,23.8,16800.0,4.2,2026-07-14,39,1905,3640.0,100.0,2x 2BR
Milford,1757,735000.0,2.0,367500.0,3120,235.58,,,,,2026-07-14,23,1890,7786.0,101.39,2x 3BR
Fall River,2721,765000.0,3.0,255000.0,3349,228.43,,,,,2026-07-14,43,1900,7990.0,102.0,"2x 2BR, 1x 4BR"
Springfield,1109,395000.0,2.0,197500.0,3038,130.02,37500.0,10.53,37500.0,9.49,2026-07-14,20,1910,4648.0,102.6,"1x 3BR, 1x 4BR"
Fall River,2721,515000.0,3.0,171666.67,2520,204.37,,,,,2026-07-14,20,1921,4610.0,103.0,3x 2BR
Boston,2132,1200000.0,2.0,600000.0,3128,383.63,,,,,2026-07-14,9,1929,11707.0,104.35,2x 3BR
Reading,1867,1050000.0,2.0,525000.0,2296,457.32,,,,,2026-07-14,6,1920,8634.0,100.0,"1x 2BR, 1x 3BR"
Lynn,1902,870000.0,2.0,435000.0,2194,396.54,,,,,2026-07-14,36,1890,5197.0,111.55,"1x 2BR, 1x 4BR"
Grafton,1560,257000.0,2.0,128500.0,1355,189.67,9600.0,26.77,9600.0,3.74,2026-07-14,27,1906,3758.0,73.45,2x 2BR
Watertown,2472,1150000.0,3.0,383333.33,3517,326.98,66000.0,17.42,66000.0,5.74,2026-07-14,25,1910,11590.0,95.83,"1x 1BR, 2x 2BR"
Worcester,1610,685000.0,2.0,342500.0,3121,219.48,24000.0,28.54,24000.0,3.5,2026-07-15,26,1890,5769.0,97.87,"1x 2BR, 1x 6BR"
Somerville,2144,1622500.0,2.0,811250.0,3018,537.61,42000.0,38.63,42000.0,2.59,2026-07-15,21,1905,13968.76,101.72,"1x 3BR, 1x 4BR"
Boston,2129,3525000.0,8.0,440625.0,7188,490.4,263880.0,13.36,184618.0,5.24,2026-07-15,19,1899,34183.0,106.82,"1x 1BR, 1x 2BR"
Somerville,2144,1560000.0,2.0,780000.0,3025,515.7,54000.0,28.89,54000.0,3.46,2026-07-15,20,1900,14331.0,100.0,"1x 2BR, 1x 4BR"
Lowell,1851,975000.0,5.0,195000.0,4162,234.26,104925.0,9.29,69994.0,7.18,2026-07-15,56,1920,7673.0,97.5,5x 1BR
Rockland,2370,680000.0,2.0,340000.0,2253,301.82,,,,,2026-07-15,21,1798,5386.0,100.74,"1x 2BR, 1x 4BR"
Spencer,1562,470000.0,2.0,235000.0,2476,189.82,,,,,2026-07-15,26,1880,4486.0,101.08,"1x 2BR, 1x 3BR"
Ludlow,1056,320000.0,2.0,160000.0,1744,183.49,18000.0,17.78,18000.0,5.62,2026-07-15,20,1900,2995.0,103.23,2x 2BR
Greenfield,1301,514000.0,4.0,128500.0,3647,140.94,53100.0,9.68,48184.0,9.37,2026-07-15,26,1913,6060.0,98.85,"3x 1BR, 1x 2BR"
Rutland,1543,420000.0,2.0,210000.0,1890,222.22,,,,,2026-07-15,50,1920,5404.0,105.26,2x 2BR
Brockton,2301,915000.0,3.0,305000.0,2990,306.02,31800.0,28.77,31800.0,3.48,2026-07-15,35,1901,8173.0,98.92,"1x 2BR, 2x 3BR"
Springfield,1105,430000.0,3.0,143333.33,3310,129.91,53700.0,8.01,53700.0,12.49,2026-07-15,38,1900,3156.0,95.56,"1x 2BR, 2x 3BR"
Lowell,1851,730000.0,2.0,365000.0,2248,324.73,,,,,2026-07-15,36,1900,6926.0,102.11,2x 2BR
Holyoke,1040,314000.0,2.0,157000.0,1728,181.71,35880.0,8.75,35880.0,11.43,2026-07-15,87,1900,4510.0,104.67,2x 2BR
Worcester,1603,730000.0,4.0,182500.0,4196,173.98,,,,,2026-07-15,15,1910,10539.0,85.89,4x 3BR
Newton,2461,975000.0,2.0,487500.0,1876,519.72,60000.0,16.25,60000.0,6.15,2026-07-15,14,1900,7920.0,100.0,2x 1BR
Medford,2155,1370000.0,3.0,456666.67,3488,392.78,88200.0,15.53,88200.0,6.44,2026-07-15,68,1900,10352.5,97.93,"2x 2BR, 1x 3BR"
Fall River,2721,821500.0,6.0,136916.67,5096,161.2,,,,,2026-07-15,22,1900,8439.0,102.82,5x 2BR
Fall River,2724,900000.0,6.0,150000.0,4196,214.49,,,,,2026-07-15,43,1900,7628.0,94.74,"1x 1BR, 4x 2BR"
Everett,2149,880000.0,2.0,440000.0,2132,412.76,32400.0,27.16,32400.0,3.68,2026-07-15,21,1880,9011.0,101.27,2x 3BR
Somerville,2145,1350000.0,2.0,675000.0,2773,486.84,,,,,2026-07-15,17,1900,6471.24,103.93,2x 2BR
Springfield,1104,400000.0,2.0,200000.0,2168,184.5,,,,,2026-07-15,5,1925,5322.0,114.32,2x 2BR
Boston,2120,3255000.0,3.0,1085000.0,5457,596.48,259200.0,12.56,240000.0,7.37,2026-07-15,24,1905,36475.02,100.15,"2x 4BR, 1x 5BR"
Worcester,1604,865000.0,5.0,173000.0,6378,135.62,98604.0,8.77,92104.0,10.65,2026-07-15,34,1920,12042.0,86.5,5x 3BR
Springfield,1104,433000.0,2.0,216500.0,1760,246.02,,,,,2026-07-15,36,1992,5695.0,96.24,2x 2BR
Boston,2135,2625000.0,2.0,1312500.0,4860,540.12,28800.0,91.15,28800.0,1.1,2026-07-15,38,1920,21428.0,97.26,2x 3BR
Somerville,2143,1240000.0,2.0,620000.0,2977,416.53,,,,,2026-07-15,23,1920,11895.0,95.39,"1x 2BR, 1x 4BR"
Fall River,2721,700000.0,5.0,140000.0,2376,294.61,,,,,2026-07-15,98,1900,4820.0,87.51,"4x 1BR, 1x 2BR"
Fall River,2721,700000.0,5.0,140000.0,3876,180.6,,,,,2026-07-15,97,1900,5750.0,87.51,"4x 2BR, 1x 4BR"
Melrose,2176,1175000.0,2.0,587500.0,2538,462.96,,,,,2026-07-15,6,1928,9107.0,111.9,2x 2BR
Lowell,1852,625000.0,2.0,312500.0,2275,274.73,54000.0,11.57,54000.0,8.64,2026-07-15,53,1830,4478.34,100.0,"1x 1BR, 1x 2BR"
Uxbridge,1569,615000.0,2.0,307500.0,2872,214.14,58800.0,10.46,58800.0,9.56,2026-07-16,31,1910,5965.0,100.0,2x 3BR
Everett,2149,812000.0,2.0,406000.0,1608,504.98,,,,,2026-07-16,43,1910,7325.0,101.51,"1x 2BR, 1x 3BR"
Dracut,1826,780000.0,5.0,156000.0,3609,216.13,27600.0,28.26,27600.0,3.54,2026-07-16,8,1900,6816.0,91.76,5x 1BR
Lynn,1902,1230000.0,4.0,307500.0,4089,300.81,132000.0,9.32,132000.0,10.73,2026-07-16,41,1900,9320.0,103.36,"2x 1BR, 1x 3BR, 1x 4BR"
Fall River,2721,685000.0,3.0,228333.33,3280,208.84,51000.0,13.43,51000.0,7.45,2026-07-16,39,1900,4655.14,98.0,"2x 2BR, 1x 6BR"
Quincy,2171,820000.0,2.0,410000.0,1873,437.8,60000.0,13.67,60000.0,7.32,2026-07-16,6,1880,9028.0,97.63,"1x 1BR, 1x 3BR"
Springfield,1108,1100000.0,8.0,137500.0,12540,87.72,155340.0,7.08,155340.0,14.12,2026-07-16,37,1906,8489.0,95.65,"2x 1BR, 3x 2BR"
New Bedford,2740,570000.0,2.0,285000.0,2118,269.12,49200.0,11.59,49200.0,8.63,2026-07-16,21,1874,4481.84,103.66,2x 3BR
Worcester,1609,800000.0,3.0,266666.67,3920,204.08,79800.0,10.03,69061.0,8.63,2026-07-16,4,1900,8298.0,100.63,3x 4BR
Quincy,2169,795000.0,2.0,397500.0,1893,419.97,,,,,2026-07-16,25,1890,8522.0,99.39,2x 2BR
Greenfield,1301,397000.0,2.0,198500.0,2065,192.25,12000.0,33.08,12000.0,3.02,2026-07-16,21,1852,5739.0,113.75,"1x 1BR, 1x 4BR"
Worcester,1609,755000.0,3.0,251666.67,3563,211.9,76800.0,9.83,66646.0,8.83,2026-07-16,4,1890,8138.0,100.67,3x 4BR
Amherst,1002,685000.0,4.0,171250.0,3316,206.57,58080.0,11.79,41940.0,6.12,2026-07-16,45,1910,9169.0,98.0,"3x 1BR, 1x 2BR"
Marblehead,1945,985000.0,2.0,492500.0,2389,412.31,,,,,2026-07-16,62,1800,7250.32,93.81,"1x 2BR, 1x 3BR"
Methuen,1844,827500.0,2.0,413750.0,2344,353.03,12000.0,68.96,12000.0,1.45,2026-07-16,21,1910,6858.8,111.98,2x 2BR
Concord,1742,999000.0,2.0,499500.0,1971,506.85,,,,,2026-07-16,22,1896,13106.0,100.4,"1x 1BR, 1x 3BR"
Webster,1570,598000.0,3.0,199333.33,4299,139.1,66000.0,9.06,22800.0,3.81,2026-07-16,5,1880,5437.0,100.5,3x 3BR
New Bedford,2745,665000.0,4.0,166250.0,4756,139.82,36000.0,18.47,36000.0,5.41,2026-07-16,57,1901,7378.52,88.67,2x 2BR
Templeton,1468,530000.0,5.0,106000.0,3280,161.59,54600.0,9.71,54600.0,10.3,2026-07-16,95,1830,3892.0,93.81,"1x 1BR, 4x 2BR"
Somerville,2145,1187000.0,2.0,593500.0,3083,385.01,27300.0,43.48,27300.0,2.3,2026-07-16,42,1920,4959.29,99.33,"1x 2BR, 1x 3BR"
Quincy,2169,2399800.0,7.0,342828.57,9160,261.99,195000.0,12.31,122125.0,5.09,2026-07-16,10,2005,27406.0,93.2,2x 2BR
Boston,2127,1410000.0,2.0,705000.0,2036,692.53,90600.0,15.56,71616.0,5.08,2026-07-16,62,1890,13723.0,95.59,2x 2BR
Worcester,1605,1250000.0,7.0,178571.43,7256,172.27,172320.0,7.25,112841.0,9.03,2026-07-16,40,1920,18245.0,96.15,"2x 0BR, 3x 2BR"
Newbury,1922,830000.0,2.0,415000.0,3142,264.16,21600.0,38.43,21600.0,2.6,2026-07-16,10,1868,4865.0,110.68,"1x 2BR, 1x 4BR"
Revere,2151,975000.0,2.0,487500.0,2816,346.24,,,,,2026-07-16,39,1961,5897.0,97.5,"1x 2BR, 1x 4BR"
Boston,2132,945000.0,2.0,472500.0,2288,413.02,,,,,2026-07-16,20,1920,6725.0,106.3,2x 2BR
Ayer,1432,699000.0,3.0,233000.0,3291,212.4,58140.0,12.02,13800.0,1.97,2026-07-16,0,1900,7793.0,100.0,"1x 1BR, 2x 2BR"
Holyoke,1040,330000.0,2.0,165000.0,1996,165.33,34800.0,9.48,29500.0,8.94,2026-07-17,24,1870,4843.0,104.8,2x 2BR
Boston,2118,2495000.0,2.0,1247500.0,3262,764.87,,,,,2026-07-17,14,1890,30289.0,100.0,"1x 2BR, 1x 4BR"
Worcester,1606,540000.0,2.0,270000.0,2538,212.77,21600.0,25.0,21600.0,4.0,2026-07-17,54,1929,5917.0,99.08,2x 2BR
Watertown,2472,1200000.0,2.0,600000.0,2453,489.2,58800.0,20.41,58800.0,4.9,2026-07-17,34,1884,11393.0,102.13,2x 2BR
South Hadley,1075,360000.0,2.0,180000.0,2244,160.43,,,,,2026-07-17,42,1900,4693.0,100.0,"1x 1BR, 1x 3BR"
Springfield,1108,462000.0,2.0,231000.0,2246,205.7,18000.0,25.67,18000.0,3.9,2026-07-17,32,1924,4693.0,102.69,2x 3BR
Belmont,2478,1230000.0,2.0,615000.0,2464,499.19,,,,,2026-07-17,6,1940,14545.0,111.82,2x 2BR
Boston,2124,1090000.0,2.0,545000.0,2848,382.72,,,,,2026-07-17,50,1900,9088.0,87.2,2x 4BR
Lowell,1854,850000.0,2.0,425000.0,2493,340.95,,,,,2026-07-17,35,1950,5598.0,100.0,"1x 2BR, 1x 3BR"
Watertown,2472,1100000.0,2.0,550000.0,3390,324.48,,,,,2026-07-17,13,1950,13597.0,100.09,2x 2BR
Everett,2149,850000.0,2.0,425000.0,2066,411.42,62400.0,13.62,62400.0,7.34,2026-07-17,83,1900,8268.0,101.19,2x 2BR
Worcester,1602,920000.0,3.0,306666.67,3444,267.13,91200.0,10.09,75538.0,8.21,2026-07-17,15,1901,8418.0,100.0,"2x 3BR, 1x 4BR"
Boston,2136,725000.0,2.0,362500.0,2838,255.46,,,,,2026-07-17,22,1910,7689.0,104.02,"1x 2BR, 1x 4BR"
Springfield,1109,300000.0,3.0,100000.0,3600,83.33,12000.0,25.0,12000.0,4.0,2026-07-17,31,1924,3327.0,92.31,2x 3BR
Worcester,1608,840000.0,3.0,280000.0,4800,175.0,,,,,2026-07-17,20,1890,8362.0,96.0,3x 4BR
Lawrence,1841,600000.0,2.0,300000.0,1590,377.36,,,,,2026-07-17,64,1910,4539.0,85.73,"1x 2BR, 1x 3BR"
Malden,2148,1030000.0,2.0,515000.0,2742,375.64,,,,,2026-07-17,18,1880,8588.0,103.01,"1x 1BR, 1x 4BR"
Boston,2119,1025000.0,3.0,341666.67,2628,390.03,96300.0,10.64,96300.0,9.4,2026-07-17,84,1905,99.0,82.0,"1x 2BR, 2x 3BR"
Fitchburg,1420,538000.0,3.0,179333.33,3427,156.99,54552.0,9.86,54552.0,10.14,2026-07-17,27,1900,6102.0,97.82,3x 2BR
Medford,2155,1120000.0,2.0,560000.0,2394,467.84,,,,,2026-07-17,17,1920,10807.0,104.19,"1x 2BR, 1x 3BR"
Randolph,2368,925000.0,2.0,462500.0,2592,356.87,36000.0,25.69,35670.0,3.86,2026-07-17,26,1935,7737.75,102.78,"1x 2BR, 1x 3BR"
Worcester,1602,448000.0,2.0,224000.0,1560,287.18,39000.0,11.49,39000.0,8.71,2026-07-17,21,1960,4154.0,99.56,"1x 1BR, 1x 2BR"
Fall River,2721,370000.0,2.0,185000.0,1881,196.7,16800.0,22.02,16800.0,4.54,2026-07-17,124,1930,3602.0,95.88,"1x 1BR, 1x 2BR"
Clinton,1510,700000.0,2.0,350000.0,2600,269.23,,,,,2026-07-17,15,1900,7750.0,100.14,2x 3BR
Ashburnham,1430,510000.0,2.0,255000.0,2241,227.58,57300.0,8.9,20415.0,4.0,2026-07-17,105,1900,5277.0,91.23,2x 2BR
Somerville,2145,1650000.0,3.0,550000.0,3111,530.38,126442.0,13.05,105416.0,6.39,2026-07-17,57,1900,14690.0,98.51,"1x 2BR, 2x 3BR"
Worcester,1607,655000.0,3.0,218333.33,2707,241.97,,,,,2026-07-17,26,1890,7214.0,96.34,"1x 1BR, 2x 3BR"
Northampton,1060,1050000.0,5.0,210000.0,4782,219.57,99300.0,10.57,78557.0,7.48,2026-07-17,24,1900,11852.0,90.13,"4x 1BR, 1x 2BR"
Haverhill,1832,650000.0,2.0,325000.0,1954,332.65,24000.0,27.08,24000.0,3.69,2026-07-17,23,1880,5512.0,101.58,"1x 2BR, 1x 4BR"
Cambridge,2139,1680000.0,2.0,840000.0,2393,702.05,103200.0,16.28,103200.0,6.14,2026-07-17,26,1900,3510.24,105.0,"1x 3BR, 1x 4BR"
Fall River,2721,552000.0,3.0,184000.0,2760,200.0,14400.0,38.33,14400.0,2.61,2026-07-17,18,1900,5030.0,104.35,3x 2BR
Lawrence,1843,931000.0,2.0,465500.0,2790,333.69,45600.0,20.42,45600.0,4.9,2026-07-17,7,1920,5556.0,103.46,"1x 2BR, 1x 5BR"
Lawrence,1841,700000.0,3.0,233333.33,3816,183.44,,,,,2026-07-17,67,1910,5922.0,97.22,3x 3BR
Cambridge,2139,2925000.0,2.0,1462500.0,1690,1730.77,11988.0,243.99,11988.0,0.41,2026-07-17,15,1844,6966.14,108.33,2x 2BR
Gardner,1440,510000.0,3.0,170000.0,3348,152.33,55800.0,9.14,55800.0,10.94,2026-07-17,3,1900,7335.0,96.24,"2x 2BR, 1x 3BR"
Belmont,2478,1700000.0,2.0,850000.0,3098,548.74,,,,,2026-07-17,46,1925,19443.0,95.77,"1x 2BR, 1x 3BR"
Worcester,1604,670000.0,3.0,223333.33,3411,196.42,67980.0,9.86,67980.0,10.15,2026-07-17,6,1900,7013.0,100.0,3x 3BR
Scituate,2066,1305000.0,2.0,652500.0,4601,283.63,30000.0,43.5,30000.0,2.3,2026-07-17,19,1973,11419.0,100.77,"1x 1BR, 1x 4BR"
North Adams,1247,218000.0,3.0,72666.67,2261,96.42,28800.0,7.57,28800.0,13.21,2026-07-17,48,1900,2550.0,95.2,"2x 1BR, 1x 2BR"
Boston,2136,990000.0,2.0,495000.0,2634,375.85,66000.0,15.0,66000.0,6.67,2026-07-17,19,1925,8647.0,99.0,2x 3BR
New Bedford,2740,375000.0,2.0,187500.0,2615,143.4,,,,,2026-07-18,71,1892,5688.93,93.98,"1x 1BR, 1x 2BR"
Fall River,2720,775000.0,4.0,193750.0,4926,157.33,84600.0,9.16,84600.0,10.92,2026-07-20,44,1900,6875.0,97.24,4x 2BR
Rockland,2370,695000.0,2.0,347500.0,2900,239.66,30000.0,23.17,30000.0,4.32,2026-07-20,49,1880,8689.0,99.29,"1x 2BR, 1x 3BR"
Brockton,2301,535000.0,2.0,267500.0,1568,341.2,,,,,2026-07-20,66,1900,6669.0,96.4,2x 2BR
Revere,2151,960000.0,2.0,480000.0,2380,403.36,,,,,2026-07-20,78,1880,6419.0,101.06,"1x 2BR, 1x 4BR"
Dartmouth,2748,530000.0,2.0,265000.0,1531,346.18,,,,,2026-07-20,17,1928,3200.0,100.19,2x 2BR
Springfield,1108,265000.0,2.0,132500.0,2769,95.7,,,,,2026-07-20,20,1899,4050.0,115.27,"1x 3BR, 1x 4BR"
Wakefield,1880,1010000.0,3.0,336666.67,2640,382.58,83100.0,12.15,83100.0,8.23,2026-07-20,35,1910,9825.0,93.95,"2x 2BR, 1x 3BR"
Fall River,2724,825000.0,4.0,206250.0,3289,250.84,302952.0,2.72,,,2026-07-20,27,1900,0.0,100.73,"2x 1BR, 2x 4BR"
Revere,2151,750000.0,2.0,375000.0,2688,279.02,,,,,2026-07-20,15,1968,7139.0,107.3,"1x 1BR, 1x 3BR"
Sutton,1590,590000.0,2.0,295000.0,2225,265.17,19200.0,30.73,19200.0,3.25,2026-07-20,13,1925,4176.0,100.77,"1x 2BR, 1x 3BR"
Everett,2149,900000.0,2.0,450000.0,2576,349.38,28800.0,31.25,28800.0,3.2,2026-07-20,17,1900,10200.0,97.93,"1x 1BR, 1x 3BR"
Boston,2114,2495000.0,4.0,623750.0,2376,1050.08,156816.0,15.91,132198.0,5.3,2026-07-20,50,1899,14077.0,95.96,"1x 0BR, 2x 1BR, 1x 2BR"
Leominster,1453,550000.0,2.0,275000.0,2055,267.64,24000.0,22.92,24000.0,4.36,2026-07-20,32,1880,6188.0,100.02,"1x 2BR, 1x 3BR"
Worcester,1609,1022000.0,3.0,340666.67,3972,257.3,108000.0,9.46,92219.0,9.02,2026-07-20,37,1905,7914.0,100.0,3x 4BR
Gardner,1440,450000.0,2.0,225000.0,1526,294.89,57600.0,7.81,57600.0,12.8,2026-07-20,16,1870,4789.0,100.0,2x 2BR
Springfield,1040,175000.0,2.0,87500.0,2039,85.83,,,,,2026-07-20,3,1893,3294.0,94.59,"1x 2BR, 1x 4BR"
Fall River,2724,500000.0,3.0,166666.67,3230,154.8,44688.0,11.19,29461.0,5.89,2026-07-20,130,1900,5191.0,92.59,3x 2BR
Everett,2149,1140000.0,3.0,380000.0,3825,298.04,,,,,2026-07-21,23,1910,12204.0,96.61,"2x 3BR, 1x 4BR"
Easthampton,1027,675000.0,2.0,337500.0,2718,248.34,,,,,2026-07-21,57,1901,6440.0,96.57,2x 3BR
Malden,2148,1050000.0,2.0,525000.0,2751,381.68,,,,,2026-07-21,11,1900,6725.97,100.0,"1x 2BR, 1x 4BR"
Revere,2151,950000.0,2.0,475000.0,2728,348.24,79200.0,11.99,79200.0,8.34,2026-07-21,93,1920,6926.0,95.1,"1x 3BR, 1x 4BR"
Holyoke,1040,460000.0,3.0,153333.33,3104,148.2,,,,,2026-07-21,17,1890,3256.0,102.24,"1x 1BR, 2x 2BR"
Barre,1074,386000.0,2.0,193000.0,2688,143.6,14400.0,26.81,14400.0,3.73,2026-07-21,61,1920,4246.0,96.5,"1x 1BR, 1x 2BR"
Cambridge,2139,1702000.0,2.0,851000.0,1995,853.13,88800.0,19.17,88800.0,5.22,2026-07-21,16,1894,9009.36,106.71,"1x 2BR, 1x 3BR"
Fall River,2723,900000.0,5.0,180000.0,3589,250.77,96300.0,9.35,82706.0,9.19,2026-07-21,59,1900,6656.0,97.3,"4x 2BR, 1x 3BR"
Boston,2124,1425000.0,3.0,475000.0,3231,441.04,119988.0,11.88,119988.0,8.42,2026-07-21,18,1920,12267.0,104.09,3x 3BR
Boston,2125,1200000.0,3.0,400000.0,3412,351.7,359964.0,3.33,359964.0,30.0,2026-07-21,25,1900,14307.0,96.08,3x 2BR
Worcester,1610,835500.0,4.0,208875.0,4696,177.92,81000.0,10.31,81000.0,9.69,2026-07-21,58,1910,7690.0,100.66,"1x 2BR, 3x 3BR"
Warren,1083,334000.0,4.0,83500.0,2556,130.67,34740.0,9.61,34740.0,10.4,2026-07-21,39,1880,1985.0,95.46,"1x 1BR, 3x 2BR"
Taunton,2780,760000.0,3.0,253333.33,2974,255.55,,,,,2026-07-21,80,1900,7402.0,101.47,"1x 1BR, 2x 2BR"
New Bedford,2746,640000.0,3.0,213333.33,3375,189.63,,,,,2026-07-21,20,1914,6396.0,98.48,3x 3BR
Brockton,2301,659900.0,2.0,329950.0,1525,432.72,,,,,2026-07-21,7,1880,7013.0,100.0,2x 2BR
Fall River,2720,650000.0,5.0,130000.0,5410,120.15,70012.0,9.28,41941.0,6.45,2026-07-21,38,1900,8116.0,92.86,"1x 1BR, 3x 2BR, 1x 3BR"
Danvers,1923,760000.0,2.0,380000.0,2383,318.93,,,,,2026-07-21,28,1870,7612.0,101.33,"1x 2BR, 1x 3BR"
Fall River,2721,1150000.0,8.0,143750.0,6472,177.69,,,,,2026-07-21,89,1900,8858.0,92.74,"2x 1BR, 3x 2BR"
Newton,2459,1195000.0,2.0,597500.0,2844,420.18,57600.0,20.75,57600.0,4.82,2026-07-21,69,1920,11702.0,92.06,2x 2BR
Southbridge,1550,479900.0,2.0,239950.0,2534,189.38,18000.0,26.66,18000.0,3.75,2026-07-21,34,1900,5383.15,100.0,"1x 0BR, 2x 2BR"
Springfield,1109,400000.0,2.0,200000.0,2732,146.41,,,,,2026-07-21,23,1879,3682.0,102.59,"1x 3BR, 1x 4BR"
Fitchburg,1420,515000.0,2.0,257500.0,1728,298.03,,,,,2026-07-21,27,1910,5081.0,100.0,2x 2BR
Springfield,1119,443000.0,2.0,221500.0,2160,205.09,,,,,2026-07-21,10,2006,6429.0,95.27,2x 3BR
Fall River,2721,650000.0,5.0,130000.0,4862,133.69,68484.0,9.49,45013.0,6.93,2026-07-21,38,1900,6533.0,92.86,4x 2BR
Gardner,1440,525000.0,3.0,175000.0,3042,172.58,52200.0,10.06,52200.0,9.94,2026-07-21,68,1910,5421.0,99.72,3x 2BR
Worcester,1604,800000.0,3.0,266666.67,4035,198.27,70800.0,11.3,70800.0,8.85,2026-07-21,6,1920,8541.0,106.81,3x 3BR
Revere,2151,835000.0,2.0,417500.0,2249,371.28,22800.0,36.62,22800.0,2.73,2026-07-22,24,1985,7076.01,100.0,"1x 1BR, 1x 3BR"
Lowell,1852,690000.0,2.0,345000.0,3138,219.89,,,,,2026-07-22,26,1900,5927.0,107.83,2x 3BR
Fitchburg,1420,320000.0,3.0,106666.67,2876,111.27,,,,,2026-07-22,29,1900,5653.0,91.43,3x 2BR
Lowell,1851,970000.0,4.0,242500.0,3494,277.62,76200.0,12.73,76200.0,7.86,2026-07-22,69,1940,6906.0,98.98,"2x 2BR, 2x 4BR"
Boston,2127,985000.0,2.0,492500.0,1362,723.2,70200.0,14.03,70200.0,7.13,2026-07-22,46,1890,12020.0,100.0,"1x 0BR, 1x 2BR"
Fall River,2724,730000.0,3.0,243333.33,3395,215.02,17940.0,40.69,17940.0,2.46,2026-07-22,21,1900,6230.0,107.35,"1x 2BR, 2x 3BR"
Boston,2115,1825000.0,3.0,608333.33,4236,430.83,145200.0,12.57,124083.0,6.8,2026-07-22,43,1900,21159.0,86.91,"1x 3BR, 2x 4BR"
Chicopee,1013,407000.0,2.0,203500.0,2736,148.76,10800.0,37.69,10800.0,2.65,2026-07-22,10,1920,4487.0,104.63,2x 2BR
Worcester,1605,901000.0,3.0,300333.33,4112,219.11,94000.0,9.59,94000.0,10.43,2026-07-22,11,1910,11023.0,96.89,3x 3BR
Boston,2121,1050000.0,3.0,350000.0,4104,255.85,,,,,2026-07-22,41,1897,7649.68,105.0,3x 3BR
Arlington,2476,3330000.0,12.0,277500.0,10450,318.66,317580.0,10.49,219090.0,6.58,2026-07-22,18,1900,26795.0,96.52,2x 1BR
East Bridgewater,2333,825000.0,3.0,275000.0,3408,242.08,58200.0,14.18,58200.0,7.05,2026-07-22,21,1890,9424.0,103.25,3x 2BR
South Hadley,1075,710000.0,5.0,142000.0,4080,174.02,82968.0,8.56,74329.0,10.47,2026-07-22,25,1850,8595.61,100.0,"2x 1BR, 3x 2BR"
Salem,1970,900000.0,2.0,450000.0,3162,284.63,,,,,2026-07-22,16,1910,8624.0,97.84,2x 2BR
Quincy,2169,13500000.0,30.0,450000.0,36202,372.91,1080000.0,12.5,84744.0,0.63,2026-07-22,136,2025,120000.0,96.44,"1x 2BR, 1x 3BR"
Orange,1364,165000.0,4.0,41250.0,3112,53.02,68400.0,2.41,68400.0,41.45,2026-07-22,31,1895,2892.0,110.0,"1x 1BR, 2x 2BR, 1x 4BR"
Reading,1867,975000.0,3.0,325000.0,3358,290.35,,,,,2026-07-22,17,1920,12055.0,97.5,"2x 1BR, 1x 3BR"
Watertown,2472,1237500.0,3.0,412500.0,2964,417.51,57000.0,21.71,57000.0,4.61,2026-07-22,18,1910,12044.0,95.19,"1x 1BR, 2x 2BR"
Milford,1757,599000.0,3.0,199666.67,2602,230.21,52860.0,11.33,52860.0,8.82,2026-07-22,35,1870,6738.0,100.0,"1x 1BR, 2x 2BR"
Fitchburg,1420,684000.0,3.0,228000.0,3336,205.04,85200.0,8.03,85200.0,12.46,2026-07-22,66,1900,6866.0,97.85,"1x 1BR, 1x 3BR, 1x 5BR"
Somerville,2143,1800000.0,4.0,450000.0,4034,446.21,145558.0,12.37,111051.0,6.17,2026-07-23,18,1900,16884.0,100.0,"2x 2BR, 2x 3BR"
Winchendon,1475,389500.0,2.0,194750.0,1948,199.95,34800.0,11.19,26294.0,6.75,2026-07-23,36,1900,2460.0,100.0,2x 2BR
Lawrence,1843,855000.0,2.0,427500.0,2557,334.38,239976.0,3.56,239976.0,28.07,2026-07-23,15,1923,5523.0,106.89,"1x 2BR, 1x 4BR"
Amesbury,1913,675000.0,2.0,337500.0,2012,335.49,22800.0,29.61,22800.0,3.38,2026-07-23,26,1880,8773.0,93.1,2x 2BR
Worcester,1603,480000.0,3.0,160000.0,3025,158.68,62100.0,7.73,62100.0,12.94,2026-07-23,22,1895,7082.0,100.21,"1x 2BR, 2x 3BR"
New Bedford,2746,680000.0,3.0,226666.67,3306,205.69,,,,,2026-07-23,29,1910,6267.0,104.62,"1x 2BR, 2x 3BR"
Fall River,2721,650000.0,3.0,216666.67,2970,218.86,,,,,2026-07-23,68,1900,4490.0,100.15,3x 3BR
Leominster,1453,900000.0,4.0,225000.0,3630,247.93,43200.0,20.83,43200.0,4.8,2026-07-23,49,1900,8353.0,102.39,"1x 1BR, 3x 2BR"
Worcester,1610,580000.0,3.0,193333.33,3531,164.26,57600.0,10.07,57600.0,9.93,2026-07-23,23,1910,7368.0,94.31,3x 2BR
Springfield,1108,575000.0,4.0,143750.0,3788,151.8,56400.0,10.2,56400.0,9.81,2026-07-23,22,1923,5502.0,115.0,4x 2BR
Auburn,1501,650000.0,2.0,325000.0,2413,269.37,73200.0,8.88,73200.0,11.26,2026-07-23,64,1954,7084.0,103.34,"1x 2BR, 1x 3BR"
Holliston,1746,1100000.0,4.0,275000.0,2900,379.31,69600.0,15.8,69600.0,6.33,2026-07-23,17,1966,10415.0,100.0,"1x 1BR, 3x 2BR"
Haverhill,1830,699900.0,2.0,349950.0,2085,335.68,,,,,2026-07-23,19,1900,5912.0,100.0,"1x 2BR, 1x 3BR"
Norwood,2062,1750000.0,4.0,437500.0,10084,173.54,80400.0,21.77,80400.0,4.59,2026-07-23,229,1920,10867.16,100.0,"1x 0BR, 1x 2BR, 2x 3BR"
Gardner,1440,420000.0,2.0,210000.0,1896,221.52,,,,,2026-07-23,30,1900,3929.0,105.26,"1x 1BR, 1x 3BR"
North Adams,1247,140000.0,2.0,70000.0,2540,55.12,,,,,2026-07-23,141,1900,1464.0,93.4,2x 3BR
Worcester,1604,495000.0,2.0,247500.0,1560,317.31,48000.0,10.31,48000.0,9.7,2026-07-23,51,1890,4607.0,99.2,2x 2BR
Quincy,2170,1235000.0,2.0,617500.0,2520,490.08,,,,,2026-07-23,12,1930,10256.0,98.8,2x 3BR
Boston,2126,846000.0,2.0,423000.0,1920,440.63,15000.0,56.4,15000.0,1.77,2026-07-23,15,1950,7424.0,99.53,2x 2BR
Amesbury,1913,1199000.0,3.0,399666.67,4937,242.86,30000.0,39.97,30000.0,2.5,2026-07-23,21,1880,17082.0,100.0,"1x 1BR, 2x 2BR"
Bourne,2532,1000000.0,4.0,250000.0,2218,450.86,36000.0,27.78,36000.0,3.6,2026-07-23,63,1900,5978.0,86.96,4x 1BR
Lowell,1851,715000.0,2.0,357500.0,2861,249.91,57600.0,12.41,28800.0,4.03,2026-07-23,14,1900,6918.0,108.35,2x 3BR
Cambridge,2141,3550000.0,6.0,591666.67,6331,560.73,263937.0,13.45,228007.0,6.42,2026-07-23,19,1920,19390.0,93.42,"1x 3BR, 1x 4BR"
Billerica,1862,880000.0,2.0,440000.0,2244,392.16,31200.0,28.21,31200.0,3.55,2026-07-23,6,1900,7268.0,101.16,"1x 2BR, 1x 3BR"
Worcester,1610,640000.0,3.0,213333.33,4224,151.52,61800.0,10.36,61800.0,9.66,2026-07-23,23,1910,8705.04,98.63,3x 2BR
Worcester,1603,715000.0,2.0,357500.0,2352,304.0,27600.0,25.91,27600.0,3.86,2026-07-24,35,1910,7126.0,102.16,2x 3BR
Boston,2113,2250000.0,4.0,562500.0,3000,750.0,157200.0,14.31,121008.0,5.38,2026-07-24,175,1920,19300.0,100.0,"3x 2BR, 1x 3BR"
Webster,1570,569900.0,2.0,284950.0,4044,140.92,9600.0,59.36,9600.0,1.68,2026-07-24,22,1988,4683.0,100.0,"1x 1BR, 1x 3BR"
Waltham,2453,1850000.0,4.0,462500.0,4585,403.49,19200.0,96.35,19200.0,1.04,2026-07-24,188,1900,1078923.0,92.73,"1x 1BR, 1x 2BR, 2x 4BR"
Winchester,1890,1367500.0,2.0,683750.0,5047,270.95,,,,,2026-07-24,22,1916,11335.0,99.45,2x 3BR
Boston,2124,1205000.0,3.0,401666.67,4440,271.4,,,,,2026-07-24,21,1905,99.0,109.65,3x 4BR
Southampton,1073,565000.0,2.0,282500.0,2458,229.86,,,,,2026-07-24,15,1900,4736.0,100.0,2x 2BR
Fall River,2721,749900.0,3.0,249966.67,4090,183.35,41400.0,18.11,41400.0,5.52,2026-07-24,25,1900,5892.0,100.0,3x 3BR
Malden,2148,798000.0,2.0,399000.0,3022,264.06,,,,,2026-07-24,21,1915,8790.0,99.76,"1x 4BR, 1x 5BR"
Blandford,1008,600000.0,2.0,300000.0,1795,334.26,14400.0,41.67,14400.0,2.4,2026-07-24,19,1987,6808.0,100.33,"1x 1BR, 1x 3BR"
Wilbraham,1095,400000.0,2.0,200000.0,2578,155.16,15600.0,25.64,15600.0,3.9,2026-07-24,48,1783,6546.0,96.39,"1x 2BR, 1x 3BR"
New Bedford,2744,408000.0,2.0,204000.0,2044,199.61,,,,,2026-07-24,29,1896,4051.0,102.03,2x 2BR
Winthrop,2152,1280000.0,3.0,426666.67,3621,353.49,66420.0,19.27,66420.0,5.19,2026-07-24,16,1900,10228.0,104.49,3x 3BR
Lynn,1905,645000.0,2.0,322500.0,1434,449.79,,,,,2026-07-24,8,1900,6136.0,102.4,2x 2BR
Worcester,1610,790000.0,3.0,263333.33,2775,284.68,56400.0,14.01,56400.0,7.14,2026-07-24,19,1890,4337.0,98.94,3x 2BR
Springfield,1109,425000.0,2.0,212500.0,2959,143.63,,,,,2026-07-24,42,1922,4930.0,101.21,"1x 3BR, 1x 4BR"
Malden,2148,675000.0,2.0,337500.0,2883,234.13,,,,,2026-07-24,20,1880,8241.0,96.57,2x 3BR
Arlington,2474,1733000.0,2.0,866500.0,2869,604.04,,,,,2026-07-24,21,1916,7485.0,103.9,"1x 2BR, 1x 3BR"
Brockton,2301,840000.0,2.0,420000.0,2902,289.46,,,,,2026-07-24,33,1900,7383.0,98.85,"1x 3BR, 1x 5BR"
Everett,2149,2500000.0,6.0,416666.67,7900,316.46,211908.0,11.8,180708.0,7.23,2026-07-24,69,1930,19382.0,94.38,5x 3BR
Seekonk,2771,365000.0,2.0,182500.0,2147,170.0,36000.0,10.14,36000.0,9.86,2026-07-24,22,1920,4962.0,91.48,"1x 1BR, 1x 2BR"
Quincy,2169,1020000.0,2.0,510000.0,2799,364.42,54000.0,18.89,54000.0,5.29,2026-07-24,7,1900,10531.0,102.0,"1x 2BR, 1x 3BR"
Everett,2149,765000.0,2.0,382500.0,2112,362.22,,,,,2026-07-24,10,1900,0.0,98.71,"1x 2BR, 1x 3BR"
Wakefield,1880,805000.0,2.0,402500.0,1615,498.45,,,,,2026-07-24,38,1920,8365.0,94.72,"1x 1BR, 1x 3BR"
Southbridge,1550,775000.0,6.0,129166.67,6237,124.26,95640.0,8.1,53210.0,6.87,2026-07-24,34,1930,9152.0,96.89,"2x 2BR, 3x 3BR"
Somerville,2145,1250000.0,2.0,625000.0,2774,450.61,,,,,2026-07-24,22,1884,12248.0,100.0,"1x 3BR, 1x 5BR"
Worcester,1604,900000.0,3.0,300000.0,3618,248.76,80400.0,11.19,63300.0,7.03,2026-07-24,2,1925,10208.0,102.86,3x 3BR
Springfield,1109,510000.0,3.0,170000.0,3294,154.83,20400.0,25.0,20400.0,4.0,2026-07-24,13,1908,4611.0,106.27,3x 3BR
Gloucester,1930,999999.0,2.0,499999.5,3120,320.51,,,,,2026-07-24,47,1980,6947.0,83.4,"1x 2BR, 1x 3BR"
Peabody,1961,430000.0,2.0,215000.0,1485,289.56,,,,,2026-07-24,16,1920,3072.0,107.53,2x 3BR
Salem,1970,815000.0,2.0,407500.0,2081,391.64,,,,,2026-07-24,61,1980,7228.0,98.79,2x 2BR
Dighton,2715,887500.0,2.0,443750.0,2704,328.22,,,,,2026-07-24,39,1969,8913.95,102.02,"1x 1BR, 1x 3BR"
Boston,2132,980000.0,2.0,490000.0,2419,405.13,21600.0,45.37,21600.0,2.2,2026-07-24,21,1910,11231.65,98.1,"1x 2BR, 1x 4BR"
Lynn,1902,1100000.0,3.0,366666.67,3064,359.01,,,,,2026-07-24,73,1910,9352.0,91.74,3x 2BR
New Bedford,2740,480000.0,2.0,240000.0,1840,260.87,,,,,2026-07-24,27,1886,5265.0,100.0,"1x 2BR, 1x 3BR"
Boston,2124,1125000.0,2.0,562500.0,2320,484.91,81600.0,13.79,81600.0,7.25,2026-07-24,8,1890,4881.0,96.32,2x 3BR
Fall River,2721,735000.0,6.0,122500.0,5992,122.66,89400.0,8.22,76500.0,10.41,2026-07-24,63,1900,6358.0,94.35,"4x 2BR, 1x 3BR"
Dracut,1826,1250000.0,4.0,312500.0,5434,230.03,76800.0,16.28,62630.0,5.01,2026-07-24,23,1986,13575.0,89.29,4x 2BR
Boston,2131,1170000.0,2.0,585000.0,2548,459.18,40800.0,28.68,40800.0,3.49,2026-07-24,24,1910,6065.4,100.0,"1x 2BR, 1x 3BR"
Middleboro,2346,820000.0,3.0,273333.33,3398,241.32,78600.0,10.43,78600.0,9.59,2026-07-24,54,1850,7880.0,94.81,"1x 2BR, 2x 3BR"
Brockton,2301,1060000.0,3.0,353333.33,3960,267.68,73620.0,14.4,73620.0,6.95,2026-07-24,21,1909,11162.0,96.45,3x 4BR
Holyoke,1040,460000.0,2.0,230000.0,2400,191.67,62400.0,7.37,62400.0,13.57,2026-07-27,11,1870,3738.0,102.45,"1x 0BR, 1x 2BR, 1x 3BR"
Greenfield,1301,300000.0,2.0,150000.0,2448,122.55,22200.0,13.51,21000.0,7.0,2026-07-27,227,1920,7167.0,100.0,"1x 2BR, 1x 3BR"
Boston,2131,925000.0,2.0,462500.0,2032,455.22,36000.0,25.69,36000.0,3.89,2026-07-27,21,1950,8558.0,103.35,2x 3BR
Lowell,1850,619000.0,2.0,309500.0,2539,243.8,,,,,2026-07-27,52,1890,5615.0,100.0,2x 3BR
Quincy,2169,1100000.0,2.0,550000.0,2584,425.7,19800.0,55.56,19800.0,1.8,2026-07-27,33,1925,9501.0,95.65,2x 2BR
Clinton,1510,627000.0,3.0,209000.0,4332,144.74,,,,,2026-07-27,79,1900,5845.0,93.6,3x 3BR
Lowell,1851,745000.0,2.0,372500.0,3500,212.86,75600.0,9.85,75600.0,10.15,2026-07-27,115,1900,7284.0,96.5,2x 4BR
Revere,2151,700000.0,3.0,233333.33,2118,330.5,,,,,2026-07-27,18,1900,6411.0,97.24,"1x 1BR, 1x 2BR, 1x 3BR"
Worcester,1610,710000.0,3.0,236666.67,3948,179.84,51600.0,13.76,51600.0,7.27,2026-07-27,162,1910,8260.0,88.75,3x 3BR
Fitchburg,1420,585000.0,2.0,292500.0,1980,295.45,31800.0,18.4,31800.0,5.44,2026-07-27,14,1920,5651.0,101.74,2x 3BR
Gardner,1440,660000.0,2.0,330000.0,3500,188.57,,,,,2026-07-27,52,1880,5866.0,100.0,"1x 3BR, 1x 4BR"
Hardwick,1031,315000.0,2.0,157500.0,2970,106.06,,,,,2026-07-27,176,1922,2007.0,96.92,2x 3BR
Leominster,1453,655000.0,3.0,218333.33,3130,209.27,45600.0,14.36,39827.0,6.08,2026-07-27,54,1909,8330.0,96.32,"1x 1BR, 2x 2BR"
East Brookfield,1515,195000.0,2.0,97500.0,2424,80.45,,,,,2026-07-27,27,1938,4036.0,97.5,2x 2BR
Brockton,2302,782000.0,3.0,260666.67,2448,319.44,,,,,2026-07-27,58,1925,8110.0,101.3,3x 2BR
Worcester,1605,695000.0,3.0,231666.67,3861,180.01,72000.0,9.65,72000.0,10.36,2026-07-27,23,1890,8163.22,106.94,3x 3BR
Northampton,1060,499900.0,2.0,249950.0,2176,229.73,39300.0,12.72,39300.0,7.86,2026-07-27,77,1910,6034.0,100.18,2x 3BR
Taunton,2780,718575.0,2.0,359287.5,2095,343.0,,,,,2026-07-27,21,1875,5817.0,106.47,2x 3BR
Holbrook,2343,760000.0,2.0,380000.0,1724,440.84,19800.0,38.38,19800.0,2.61,2026-07-27,19,1850,7180.0,104.83,"1x 1BR, 1x 3BR"
Holyoke,1040,400000.0,3.0,133333.33,2889,138.46,,,,,2026-07-28,44,1920,4014.0,86.96,"2x 2BR, 1x 3BR"
Quincy,2169,975000.0,3.0,325000.0,2996,325.43,76680.0,12.72,67433.0,6.92,2026-07-28,78,1830,9502.0,97.99,3x 2BR
Haverhill,1835,1013000.0,4.0,253250.0,4736,213.89,106608.0,9.5,95060.0,9.38,2026-07-28,17,1920,7725.0,106.63,4x 3BR
Salem,1970,900000.0,3.0,300000.0,3419,263.23,13200.0,68.18,13200.0,1.47,2026-07-28,51,1915,9702.0,92.88,"1x 2BR, 2x 3BR"
Taunton,2780,673000.0,2.0,336500.0,1853,363.19,,,,,2026-07-28,56,1920,5892.0,100.6,2x 3BR
Everett,2149,802000.0,2.0,401000.0,1836,436.82,55200.0,14.53,55200.0,6.88,2026-07-28,59,1900,8457.0,97.8,2x 2BR
Chelsea,2150,865000.0,2.0,432500.0,1638,528.08,70800.0,12.22,70800.0,8.18,2026-07-28,20,1900,5839.0,101.76,2x 3BR
Winthrop,2152,500000.0,2.0,250000.0,1351,370.1,,,,,2026-07-28,11,1900,6568.0,92.61,"1x 1BR, 1x 2BR"
Woburn,1801,1152500.0,2.0,576250.0,2722,423.4,,,,,2026-07-28,26,1880,6999.0,104.77,2x 2BR
Springfield,1108,486000.0,2.0,243000.0,2698,180.13,,,,,2026-07-28,16,1923,4452.0,104.31,2x 3BR
Arlington,2474,1380000.0,2.0,690000.0,6456,213.75,45600.0,30.26,45600.0,3.3,2026-07-28,21,1948,15411.0,94.52,"1x 3BR, 1x 4BR"
Arlington,2474,1350000.0,2.0,675000.0,2352,573.98,,,,,2026-07-28,22,1930,11563.48,112.97,"1x 2BR, 1x 3BR"
Milton,2186,951000.0,2.0,475500.0,2893,328.72,,,,,2026-07-29,21,1903,9544.0,105.68,"1x 2BR, 1x 4BR"
Fall River,2720,689000.0,3.0,229666.67,4149,166.06,51600.0,13.35,51600.0,7.49,2026-07-29,35,1900,6673.0,100.0,"2x 2BR, 1x 3BR"
Haverhill,1835,820000.0,3.0,273333.33,2477,331.05,74220.0,11.05,16000.0,1.95,2026-07-29,43,1873,7560.6,96.48,"2x 1BR, 1x 2BR"
Boston,2124,450000.0,2.0,225000.0,2655,169.49,,,,,2026-07-29,16,1905,7059.0,69.23,"1x 3BR, 1x 4BR"
Somerville,2143,2023000.0,3.0,674333.33,3438,588.42,137400.0,14.72,137400.0,6.79,2026-07-29,7,1910,17956.0,110.67,3x 3BR
Haverhill,1835,750000.0,4.0,187500.0,3512,213.55,73008.0,10.27,49561.0,6.61,2026-07-29,7,1900,7139.0,93.75,4x 2BR
Greenfield,1301,305000.0,2.0,152500.0,2180,139.91,,,,,2026-07-29,33,1900,4966.0,93.85,2x 2BR
Worcester,1604,620000.0,2.0,310000.0,1775,349.3,,,,,2026-07-29,20,1903,4962.0,103.35,2x 2BR
Palmer,1069,515000.0,4.0,128750.0,4422,116.46,70800.0,7.27,70800.0,13.75,2026-07-29,19,1889,7248.0,103.02,4x 4BR
Boston,2135,1200000.0,2.0,600000.0,3399,353.05,,,,,2026-07-29,12,1900,12682.0,94.12,"1x 3BR, 1x 4BR"
Rockland,2370,720000.0,2.0,360000.0,1825,394.52,56400.0,12.77,56400.0,7.83,2026-07-29,6,1900,7897.0,100.01,"1x 2BR, 1x 3BR"
Haverhill,1830,650000.0,3.0,216666.67,1936,335.74,66600.0,9.76,66600.0,10.25,2026-07-29,67,1900,5146.0,104.86,3x 2BR
Springfield,1108,394000.0,2.0,197000.0,3072,128.26,36000.0,10.94,36000.0,9.14,2026-07-29,127,1920,5132.0,101.03,2x 3BR
Everett,2149,1070000.0,2.0,535000.0,2850,375.44,34200.0,31.29,34200.0,3.2,2026-07-29,20,1920,9241.0,100.94,"1x 2BR, 1x 4BR"
Lowell,1851,630000.0,2.0,315000.0,2527,249.31,,,,,2026-07-29,3,1900,6230.0,105.18,2x 2BR
Worcester,1605,550000.0,3.0,183333.33,3951,139.21,48600.0,11.32,48600.0,8.84,2026-07-29,23,1900,7753.0,94.83,"1x 3BR, 2x 4BR"
Spencer,1562,485000.0,3.0,161666.67,2643,183.5,55200.0,8.79,55200.0,11.38,2026-07-29,41,1887,4005.0,100.0,"1x 1BR, 1x 2BR, 1x 3BR"
Milford,1757,625000.0,2.0,312500.0,2392,261.29,24000.0,26.04,24000.0,3.84,2026-07-29,213,1890,5848.0,94.84,"1x 4BR, 1x 5BR"
Chicopee,1020,291500.0,2.0,145750.0,1640,177.74,,,,,2026-07-29,30,1915,4670.0,104.14,2x 2BR
New Bedford,2745,662500.0,3.0,220833.33,3360,197.17,,,,,2026-07-29,21,1890,5586.0,101.94,3x 3BR
Boston,2136,850000.0,2.0,425000.0,2436,348.93,79200.0,10.73,79200.0,9.32,2026-07-29,30,1910,6708.0,100.0,2x 3BR
Quincy,2171,950000.0,2.0,475000.0,2357,403.05,14400.0,65.97,14400.0,1.52,2026-07-29,7,1930,9558.0,100.0,"1x 2BR, 1x 3BR"
Worcester,1604,650000.0,2.0,325000.0,1932,336.44,21000.0,30.95,19075.0,2.93,2026-07-29,28,1974,6640.0,100.02,"1x 2BR, 1x 3BR"
Westfield,1085,255000.0,2.0,127500.0,2352,108.42,,,,,2026-07-29,36,1930,5552.0,110.87,"1x 2BR, 1x 3BR"
Essex,1929,627000.0,2.0,313500.0,1179,531.81,,,,,2026-07-30,20,1890,6812.0,104.52,"1x 1BR, 1x 2BR"
Fall River,2723,915000.0,6.0,152500.0,5824,157.11,98500.0,9.29,66157.0,7.23,2026-07-30,16,1900,8220.0,100.0,"3x 2BR, 2x 3BR"
Greenfield,1301,312000.0,2.0,156000.0,1476,211.38,35400.0,8.81,35400.0,11.35,2026-07-30,22,1900,4428.0,104.0,2x 2BR
Southbridge,1550,370000.0,3.0,123333.33,3083,120.01,,,,,2026-07-30,52,1900,5345.0,95.12,"1x 0BR, 2x 2BR"
Haverhill,1832,570000.0,4.0,142500.0,4668,122.11,,,,,2026-07-30,15,1900,6634.0,87.69,"1x 2BR, 1x 3BR, 2x 4BR"
Haverhill,1830,450000.0,2.0,225000.0,2064,218.02,,,,,2026-07-30,8,1900,5534.0,90.0,"1x 2BR, 1x 4BR"
Everett,2049,1000000.0,3.0,333333.33,2755,362.98,45600.0,21.93,45600.0,4.56,2026-07-30,24,1890,11260.0,95.33,"2x 2BR, 1x 4BR"
Boston,2135,1815000.0,2.0,907500.0,3824,474.63,117000.0,15.51,117000.0,6.45,2026-07-30,19,1910,16525.0,95.53,"1x 4BR, 1x 6BR"
Cambridge,2140,1000000.0,2.0,500000.0,1931,517.87,,,,,2026-07-30,23,1903,7769.0,83.33,2x 2BR
Springfield,1108,355000.0,2.0,177500.0,2651,133.91,,,,,2026-07-30,5,1914,4226.0,107.9,"1x 1BR, 1x 4BR"
Boston,2135,1185000.0,2.0,592500.0,2931,404.3,73500.0,16.12,73500.0,6.2,2026-07-30,22,1925,12184.0,99.16,"1x 2BR, 1x 4BR"
Cambridge,2041,2180000.0,3.0,726666.67,2754,791.58,129600.0,16.82,107217.0,4.92,2026-07-30,37,1894,13383.0,101.4,3x 2BR
Medford,2155,1302000.0,2.0,651000.0,3008,432.85,,,,,2026-07-30,17,1900,10321.0,101.32,"1x 2BR, 1x 3BR"
Haverhill,1832,690000.0,3.0,230000.0,4899,140.85,,,,,2026-07-30,8,1900,5812.0,98.57,"1x 3BR, 2x 4BR"
Haverhill,1830,570000.0,4.0,142500.0,4269,133.52,,,,,2026-07-30,8,1900,6276.0,87.69,"3x 2BR, 1x 3BR"
Southbridge,1550,495000.0,3.0,165000.0,2352,210.46,57600.0,8.59,45100.0,9.11,2026-07-30,31,1910,5141.0,102.06,3x 3BR
Newbury,1922,603000.0,2.0,301500.0,2494,241.78,,,,,2026-07-30,19,1915,5195.0,97.42,"1x 1BR, 1x 3BR"
Maynard,1754,455000.0,2.0,227500.0,2012,226.14,,,,,2026-07-30,37,1920,8993.0,87.67,2x 2BR
Somerville,2145,1100000.0,2.0,550000.0,2200,500.0,,,,,2026-07-30,88,1890,7626.0,91.74,"1x 2BR, 1x 3BR"
Arlington,2474,1450000.0,3.0,483333.33,3039,477.13,87600.0,16.55,87600.0,6.04,2026-07-30,46,1930,14596.0,93.61,"1x 1BR, 2x 3BR"
Melrose,2176,1099000.0,2.0,549500.0,2524,435.42,72000.0,15.26,64550.0,5.87,2026-07-30,7,1910,10036.0,110.01,2x 2BR
Fall River,2724,720000.0,3.0,240000.0,3207,224.51,,,,,2026-07-30,68,1900,6208.0,96.66,3x 3BR
Arlington,2474,1200000.0,2.0,600000.0,2556,469.48,,,,,2026-07-30,1,1914,11167.0,120.01,"1x 2BR, 1x 3BR"
Lowell,1852,615000.0,2.0,307500.0,2022,304.15,25200.0,24.4,25200.0,4.1,2026-07-30,89,1900,4964.0,94.63,2x 2BR
Melrose,2176,925000.0,2.0,462500.0,2100,440.48,30600.0,30.23,30600.0,3.31,2026-07-30,14,1880,7506.0,102.78,2x 3BR
Brockton,2301,875000.0,3.0,291666.67,2759,317.14,51000.0,17.16,51000.0,5.83,2026-07-30,26,1849,7839.0,101.74,"2x 2BR, 1x 4BR"
Lancaster,1523,820000.0,3.0,273333.33,3610,227.15,38400.0,21.35,38400.0,4.68,2026-07-30,19,1930,9344.0,96.48,"1x 1BR, 1x 2BR, 1x 3BR"
Boston,2124,1250000.0,2.0,625000.0,3089,404.66,43200.0,28.94,43200.0,3.46,2026-07-30,7,1880,13134.0,100.08,"1x 2BR, 1x 4BR"
Chicopee,1013,395000.0,2.0,197500.0,1984,199.09,,,,,2026-07-30,27,1925,4013.0,113.18,2x 2BR
Chelsea,2150,895000.0,2.0,447500.0,2840,315.14,28200.0,31.74,28200.0,3.15,2026-07-30,19,1900,9109.0,99.56,"1x 2BR, 1x 3BR"
Sunderland,1075,975000.0,4.0,243750.0,5266,185.15,165636.0,5.89,165636.0,16.99,2026-07-30,24,1900,10238.0,98.98,"2x 3BR, 2x 4BR"
Haverhill,1832,570000.0,4.0,142500.0,4596,124.02,,,,,2026-07-30,8,1900,7517.0,87.69,4x 2BR
Hudson,1749,819000.0,2.0,409500.0,2972,275.57,64800.0,12.64,64800.0,7.91,2026-07-31,54,1890,7386.0,100.0,2x 3BR
Oakham,1068,975000.0,3.0,325000.0,5446,179.03,39600.0,24.62,39600.0,4.06,2026-07-31,73,1972,6917.0,98.58,"1x 0BR, 1x 2BR, 1x 3BR"
Athol,1331,405000.0,3.0,135000.0,2351,172.27,40800.0,9.93,40800.0,10.07,2026-07-31,10,1880,4555.0,101.28,"1x 0BR, 2x 2BR"
Athol,1331,299900.0,2.0,149950.0,2242,133.76,,,,,2026-07-31,29,1900,3430.0,100.0,2x 2BR
Newton,2461,2442000.0,4.0,610500.0,12700,192.28,,,,,2026-07-31,47,1920,10867.0,91.29,4x 4BR
Taunton,2780,674000.0,2.0,337000.0,2700,249.63,,,,,2026-07-31,22,1875,5887.0,96.29,"1x 2BR, 1x 4BR"
Somerville,2145,1080000.0,2.0,540000.0,2864,377.09,,,,,2026-07-31,34,1900,10633.0,97.3,"1x 2BR, 1x 5BR"
Brockton,2302,990000.0,3.0,330000.0,3603,274.77,,,,,2026-07-31,40,1919,9836.0,99.02,3x 3BR
Brockton,2301,670000.0,3.0,223333.33,3060,218.95,,,,,2026-07-31,24,1925,7070.0,95.71,3x 3BR
Chicopee,1013,475000.0,2.0,237500.0,2440,194.67,36000.0,13.19,36000.0,7.58,2026-07-31,25,1990,5282.0,105.58,2x 2BR
Northbridge,1588,615000.0,2.0,307500.0,2016,305.06,,,,,2026-07-31,40,1880,4472.0,102.52,2x 2BR
Lowell,1852,525000.0,2.0,262500.0,2909,180.47,39600.0,13.26,39600.0,7.54,2026-07-31,42,1920,6200.0,105.21,2x 3BR
Everett,2149,900000.0,3.0,300000.0,2738,328.71,54360.0,16.56,54360.0,6.04,2026-07-31,21,1900,9237.0,100.11,3x 2BR
Wakefield,1880,529000.0,2.0,264500.0,1878,281.68,19200.0,27.55,19200.0,3.63,2026-07-31,42,1900,7084.0,97.98,"1x 1BR, 1x 2BR"
Holyoke,1040,684000.0,2.0,342000.0,3477,196.72,29400.0,23.27,29400.0,4.3,2026-07-31,46,1910,7022.0,97.85,"1x 2BR, 1x 4BR"
Worcester,1610,615000.0,3.0,205000.0,3365,182.76,54000.0,11.39,39745.0,6.46,2026-07-31,62,1890,7247.0,100.0,"1x 2BR, 2x 3BR"
Northbridge,1588,550000.0,2.0,275000.0,2734,201.17,26400.0,20.83,26400.0,4.8,2026-07-31,17,1870,4807.0,104.78,2x 3BR
Lynn,1904,860000.0,2.0,430000.0,2718,316.41,,,,,2026-07-31,45,1910,7601.0,98.86,"1x 3BR, 1x 4BR"
Springfield,1108,405500.0,2.0,202750.0,2381,170.31,49200.0,8.24,49200.0,12.13,2026-07-31,82,1900,2656.0,98.93,"1x 2BR, 1x 5BR"
Springfield,1104,406500.0,2.0,203250.0,2456,165.51,21000.0,19.36,21000.0,5.17,2026-07-31,62,1929,4746.0,99.41,2x 3BR
Holyoke,1040,283000.0,2.0,141500.0,2062,137.25,,,,,2026-07-31,40,1885,4358.0,94.33,2x 2BR
Everett,2149,1000000.0,3.0,333333.33,2911,343.52,104400.0,9.58,104400.0,10.44,2026-07-31,58,1890,9606.0,89.29,3x 3BR
Hamilton,1982,965000.0,2.0,482500.0,1991,484.68,76942.0,12.54,50494.0,5.23,2026-07-31,20,1900,11019.0,107.34,"1x 2BR, 1x 3BR"
North Attleboro,2760,670000.0,3.0,223333.33,3084,217.25,,,,,2026-07-31,33,1920,6672.0,101.53,"1x 2BR, 2x 3BR"
Chicopee,1013,340000.0,2.0,170000.0,1872,181.62,,,,,2026-07-31,17,1900,4362.0,97.14,2x 3BR
Framingham,1702,675000.0,2.0,337500.0,2616,258.03,42060.0,16.05,42060.0,6.23,2026-07-31,85,1887,7322.0,96.43,2x 2BR
Essex,1929,820300.0,2.0,410150.0,2376,345.24,,,,,2026-07-31,20,1836,0.0,104.5,2x 1BR
Brockton,2301,793200.0,4.0,198300.0,3783,209.67,27000.0,29.38,27000.0,3.4,2026-07-31,95,1900,6809.0,88.14,"2x 1BR, 1x 2BR, 1x 3BR"
Northbridge,1588,700000.0,2.0,350000.0,3582,195.42,26400.0,26.52,26400.0,3.77,2026-07-31,20,1902,4935.0,102.19,"1x 3BR, 1x 4BR"
Taunton,2780,766000.0,2.0,383000.0,3040,251.97,21600.0,35.46,21600.0,2.82,2026-07-31,28,1920,6900.0,103.51,2x 2BR
Holyoke,1040,350000.0,2.0,175000.0,2418,144.75,,,,,2026-07-31,10,1919,4988.0,107.69,2x 2BR
Worcester,1607,700000.0,3.0,233333.33,3068,228.16,60600.0,11.55,60600.0,8.66,2026-07-31,58,1909,7830.0,100.01,3x 2BR
Lowell,1852,990000.0,3.0,330000.0,3690,268.29,85200.0,11.62,85200.0,8.61,2026-07-31,68,1900,7670.0,99.1,3x 3BR
Lynn,1902,710000.0,2.0,355000.0,2236,317.53,54000.0,13.15,54000.0,7.61,2026-07-31,17,1900,6796.0,100.14,"1x 2BR, 1x 4BR"
Worcester,1603,590000.0,3.0,196666.67,3768,156.58,48000.0,12.29,48000.0,8.14,2026-07-31,13,1910,9398.0,98.33,3x 3BR
Boston,2118,2100000.0,3.0,700000.0,2402,874.27,113400.0,18.52,113400.0,5.4,2026-07-31,64,1890,24993.02,95.67,"2x 1BR, 1x 2BR"
Springfield,1105,425000.0,2.0,212500.0,2300,184.78,33600.0,12.65,33600.0,7.91,2026-07-31,15,1897,4722.0,106.28,"1x 3BR, 1x 5BR"
Boston,2130,1300000.0,3.0,433333.33,4314,301.34,,,,,2026-07-31,27,1935,19062.0,94.2,3x 3BR
Fitchburg,1420,598000.0,2.0,299000.0,2694,221.97,,,,,2026-07-31,43,1900,6608.0,98.84,2x 3BR
Worcester,1603,1750000.0,6.0,291666.67,5992,292.06,183000.0,9.56,160821.0,9.19,2026-07-31,31,1890,4556.0,97.28,"2x 3BR, 3x 4BR"
Waltham,2453,1068000.0,2.0,534000.0,2536,421.14,69000.0,15.48,69000.0,6.46,2026-07-31,25,1860,9886.0,101.81,"1x 2BR, 1x 3BR"
Worcester,1610,870000.0,3.0,290000.0,4191,207.59,43200.0,20.14,43200.0,4.97,2026-07-31,34,1900,4687.72,98.98,"1x 3BR, 2x 4BR"
Fall River,2720,550000.0,2.0,275000.0,2200,250.0,,,,,2026-07-31,25,1900,4476.0,100.0,2x 2BR
New Bedford,2746,410000.0,2.0,205000.0,1589,258.02,12000.0,34.17,12000.0,2.93,2026-07-31,27,1901,4535.49,92.13,"1x 1BR, 1x 3BR"
Weymouth,2188,675000.0,2.0,337500.0,1665,405.41,,,,,2026-07-31,59,1910,5308.0,96.57,2x 2BR
Winthrop,2152,1250000.0,3.0,416666.67,3989,313.36,59400.0,21.04,59400.0,4.75,2026-07-31,39,1900,11886.0,96.23,"2x 2BR, 1x 3BR"
Worcester,1603,370000.0,2.0,185000.0,2576,143.63,33600.0,11.01,33600.0,9.08,2026-07-31,32,1890,4807.0,98.67,2x 3BR
Fall River,2721,415000.0,2.0,207500.0,2326,178.42,,,,,2026-07-31,10,1900,4542.0,101.22,2x 2BR
Marlborough,1752,675000.0,3.0,225000.0,2554,264.29,38100.0,17.72,38100.0,5.64,2026-07-31,21,1855,5330.0,100.0,"2x 1BR, 1x 3BR"
Fall River,2723,636500.0,3.0,212166.67,2661,239.2,36000.0,17.68,36000.0,5.66,2026-07-31,56,1900,4828.0,97.94,"2x 2BR, 1x 3BR"
Lawrence,1841,895000.0,3.0,298333.33,4200,213.1,69600.0,12.86,69600.0,7.78,2026-07-31,57,1920,6479.0,102.89,"2x 3BR, 1x 4BR"
Fairhaven,2719,930000.0,6.0,155000.0,3370,275.96,90000.0,10.33,65515.0,7.04,2026-07-31,50,1940,4551.07,84.55,5x 1BR
Watertown,2472,1160000.0,2.0,580000.0,2388,485.76,76800.0,15.1,76800.0,6.62,2026-07-31,17,1900,6853.0,100.87,2x 3BR
Worcester,1606,760000.0,3.0,253333.33,3696,205.63,63600.0,11.95,51584.0,6.79,2026-07-31,34,1919,8016.0,105.7,3x 3BR
Chicopee,1013,460000.0,3.0,153333.33,3216,143.03,33600.0,13.69,33600.0,7.3,2026-07-31,5,1920,5379.0,97.05,"1x 2BR, 2x 3BR"
Revere,2151,920000.0,2.0,460000.0,2689,342.13,,,,,2026-07-31,17,1968,7262.0,108.36,"1x 1BR, 1x 4BR"
Revere,2151,850000.0,2.0,425000.0,2500,340.0,,,,,2026-07-31,19,2003,7442.0,103.03,2x 2BR
Cambridge,2139,2625000.0,3.0,875000.0,3213,816.99,173700.0,15.11,152656.0,5.82,2026-07-31,107,1903,12389.0,95.45,3x 3BR
Boston,2119,1318500.0,2.0,659250.0,3381,389.97,115140.0,11.45,95989.0,7.28,2026-07-31,28,1930,14844.0,95.61,2x 5BR
Malden,2148,660000.0,2.0,330000.0,2541,259.74,,,,,2026-07-31,17,1920,8907.0,111.96,"1x 2BR, 1x 3BR"
Worcester,1610,667500.0,3.0,222500.0,3050,218.85,64200.0,10.4,64200.0,9.62,2026-07-31,100,1890,6354.68,98.89,"1x 2BR, 2x 3BR"
Lynn,1902,862500.0,2.0,431250.0,2472,348.91,22800.0,37.83,22800.0,2.64,2026-07-31,23,1920,8520.0,98.57,2x 2BR
Fall River,2720,729000.0,3.0,243000.0,2706,269.4,33600.0,21.7,33600.0,4.61,2026-07-31,28,1900,5499.0,99.88,3x 3BR
Boston,2128,720000.0,2.0,360000.0,1716,419.58,,,,,2026-07-31,19,1900,6385.0,102.87,"1x 1BR, 1x 2BR"
Fitchburg,1420,400000.0,3.0,133333.33,3861,103.6,79200.0,5.05,79200.0,19.8,2026-07-31,57,1900,6294.0,81.8,3x 3BR
Worcester,1605,450000.0,2.0,225000.0,1707,263.62,23100.0,19.48,23100.0,5.13,2026-07-31,61,1890,4981.0,100.0,2x 2BR
Agawam,1001,393000.0,2.0,196500.0,2400,163.75,44400.0,8.85,44400.0,11.3,2026-08-03,57,1994,5095.0,98.27,2x 3BR
Northampton,1060,670000.0,2.0,335000.0,2048,327.15,,,,,2026-08-03,7,1951,8442.46,113.75,"1x 1BR, 1x 3BR"
Boston,2119,3625000.0,9.0,402777.78,13440,269.72,,,,,2026-08-03,54,1899,99.0,90.65,2x 3BR
Lynn,1904,1121000.0,3.0,373666.67,3292,340.52,63600.0,17.63,63600.0,5.67,2026-08-03,18,1900,7764.0,101.91,"1x 2BR, 2x 3BR"
Boston,2119,973500.0,2.0,486750.0,4759,204.56,87600.0,11.11,69965.0,7.19,2026-08-03,45,1900,9291.0,97.45,2x 4BR
Taunton,2780,660000.0,2.0,330000.0,2108,313.09,47016.0,14.04,35245.0,5.34,2026-08-03,60,1829,5490.0,110.18,"1x 2BR, 1x 4BR"
Boston,2135,1000000.0,2.0,500000.0,2160,462.96,56400.0,17.73,56400.0,5.64,2026-08-03,50,1725,12144.4,91.32,2x 2BR
Boston,2122,1100000.0,3.0,366666.67,3723,295.46,79800.0,13.78,79800.0,7.25,2026-08-03,8,1905,11456.0,100.0,"1x 2BR, 2x 3BR"
South Hadley,1075,683000.0,4.0,170750.0,2240,304.91,,,,,2026-08-03,11,1910,2369.0,109.28,4x 1BR
Boston,2121,1295000.0,2.0,647500.0,4819,268.73,37200.0,34.81,37200.0,2.87,2026-08-03,66,1905,9381.75,100.0,2x 3BR
North Attleboro,2760,617000.0,2.0,308500.0,1766,349.38,49800.0,12.39,49800.0,8.07,2026-08-03,65,1930,4940.5,96.42,2x 2BR
Ware,1082,550000.0,4.0,137500.0,4930,111.56,75000.0,7.33,50290.0,9.14,2026-08-03,21,1880,5426.0,100.18,4x 3BR
Middleboro,2346,675000.0,3.0,225000.0,3530,191.22,66000.0,10.23,63784.0,9.45,2026-08-03,35,1850,6780.0,100.0,"1x 2BR, 2x 3BR"
Middleboro,2346,765000.0,5.0,153000.0,4266,179.32,,,,,2026-08-03,21,1850,8570.0,109.3,"4x 1BR, 1x 3BR"
Attleboro,2703,730000.0,2.0,365000.0,3112,234.58,30000.0,24.33,30000.0,4.11,2026-08-03,53,1910,5594.0,102.1,"1x 2BR, 1x 4BR"
Medford,2155,1632777.0,2.0,816388.5,3250,502.39,40620.0,40.2,40620.0,2.49,2026-08-03,17,1910,10246.0,114.58,2x 3BR
Taunton,2780,650000.0,2.0,325000.0,1826,355.97,39600.0,16.41,39600.0,6.09,2026-08-03,12,1900,5233.0,100.02,2x 3BR
Lynn,1902,805000.0,2.0,402500.0,2411,333.89,21600.0,37.27,21600.0,2.68,2026-08-03,14,1900,7378.0,100.63,"1x 2BR, 1x 4BR"
Worcester,1604,525000.0,2.0,262500.0,1800,291.67,,,,,2026-08-03,49,1951,5594.0,95.45,"1x 1BR, 1x 2BR"
Worcester,1603,1700000.0,6.0,283333.33,12423,136.84,255780.0,6.65,199980.0,11.76,2026-08-03,16,1920,17668.0,80.95,5x 5BR
Milford,1757,625000.0,2.0,312500.0,2100,297.62,24000.0,26.04,24000.0,3.84,2026-08-03,16,1890,6138.0,95.43,"1x 2BR, 1x 3BR"
Lawrence,1841,915000.0,3.0,305000.0,3168,288.83,39000.0,23.46,39000.0,4.26,2026-08-03,14,1900,6501.0,110.91,3x 3BR
Brockton,2301,780000.0,2.0,390000.0,2414,323.12,64800.0,12.04,64800.0,8.31,2026-08-03,10,1920,8097.0,104.7,2x 3BR
Boston,2113,1950000.0,4.0,487500.0,2805,695.19,92400.0,21.1,81556.0,4.18,2026-08-03,34,1910,14539.0,88.84,"3x 1BR, 1x 2BR"
Somerville,2144,1100000.0,2.0,550000.0,2795,393.56,,,,,2026-08-03,76,1920,11514.73,100.0,"1x 2BR, 1x 3BR"
Boston,2121,1000000.0,3.0,333333.33,4191,238.61,24000.0,41.67,24000.0,2.4,2026-08-03,56,1910,11607.0,90.91,"1x 2BR, 2x 3BR"
Holyoke,1040,575000.0,3.0,191666.67,2870,200.35,9600.0,59.9,9600.0,1.67,2026-08-03,18,1920,4971.0,116.16,"2x 2BR, 1x 3BR"
Cambridge,2141,4075000.0,6.0,679166.67,6588,618.55,324563.0,12.56,276595.0,6.79,2026-08-03,30,1900,22556.0,94.77,"1x 3BR, 1x 4BR"
Boston,2120,2300000.0,2.0,1150000.0,4902,469.2,,,,,2026-08-03,21,1865,16434.14,95.83,2x 8BR
Worcester,1605,610000.0,3.0,203333.33,2244,271.84,43440.0,14.04,43440.0,7.12,2026-08-03,71,1910,7136.0,100.0,3x 2BR
Fall River,2721,559000.0,2.0,279500.0,2832,197.39,,,,,2026-08-04,31,1900,5385.0,98.09,"1x 3BR, 1x 4BR"
Somerville,2144,1500000.0,2.0,750000.0,2900,517.24,39600.0,37.88,39600.0,2.64,2026-08-04,6,1910,13855.0,107.53,"1x 3BR, 1x 5BR"
Somerville,2143,2760000.0,8.0,345000.0,5210,529.75,226864.0,12.17,178995.0,6.49,2026-08-04,42,1906,21578.0,96.84,"1x 0BR, 1x 1BR, 1x 2BR"
Chicopee,1020,375000.0,4.0,93750.0,1900,197.37,35700.0,10.5,35700.0,9.52,2026-08-04,19,1885,4495.51,101.38,"3x 0BR, 1x 1BR"
Medford,2155,1040000.0,2.0,520000.0,2562,405.93,30000.0,34.67,30000.0,2.88,2026-08-04,59,1900,7954.0,88.21,"1x 2BR, 1x 3BR"
Springfield,1105,570000.0,4.0,142500.0,4500,126.67,76200.0,7.48,76200.0,13.37,2026-08-04,49,1923,6430.0,98.29,"1x 2BR, 3x 3BR"
Boston,2124,855000.0,2.0,427500.0,3100,275.81,48000.0,17.81,48000.0,5.61,2026-08-04,44,1900,9073.76,95.0,2x 3BR
Boston,2128,1100000.0,2.0,550000.0,1700,647.06,,,,,2026-08-04,8,1912,10803.0,118.41,"1x 1BR, 1x 2BR"
Northbridge,1588,325000.0,2.0,162500.0,2654,122.46,,,,,2026-08-04,8,1870,5056.0,118.18,2x 3BR
Worcester,1604,410000.0,2.0,205000.0,2058,199.22,,,,,2026-08-04,18,1920,5326.0,117.14,2x 2BR
Newton,2460,1180000.0,2.0,590000.0,2781,424.31,,,,,2026-08-04,8,1924,12929.0,100.43,2x 2BR
Fitchburg,1420,620000.0,6.0,103333.33,5274,117.56,32400.0,19.14,32400.0,5.23,2026-08-04,19,1920,7810.0,100.81,5x 2BR
Malden,2148,1072000.0,3.0,357333.33,3472,308.76,61280.0,17.49,61200.0,5.71,2026-08-04,27,1910,13705.52,97.46,"1x 2BR, 2x 3BR"
Chelsea,2150,755000.0,2.0,377500.0,2362,319.64,,,,,2026-08-04,8,1910,7692.0,96.81,"1x 3BR, 1x 5BR"
Hull,2045,595000.0,2.0,297500.0,2886,206.17,,,,,2026-08-05,78,1957,5844.0,95.2,"1x 2BR, 1x 3BR"
Chelsea,2150,915000.0,2.0,457500.0,3156,289.92,62400.0,14.66,62400.0,6.82,2026-08-05,20,1923,9031.0,104.57,"1x 2BR, 1x 3BR"
Worcester,1604,810000.0,3.0,270000.0,4314,187.76,43800.0,18.49,43800.0,5.41,2026-08-05,23,1924,10108.74,101.25,3x 3BR
Fairhaven,2719,485500.0,3.0,161833.33,3836,126.56,41100.0,11.81,41100.0,8.47,2026-08-05,0,1850,4574.0,100.0,"2x 1BR, 1x 3BR"
Revere,2151,790000.0,2.0,395000.0,2274,347.41,28800.0,27.43,28800.0,3.65,2026-08-05,27,1910,10770.0,96.94,2x 2BR
Revere,2151,1020000.0,2.0,510000.0,3606,282.86,,,,,2026-08-05,51,1956,8125.0,85.07,"1x 2BR, 1x 4BR"
Revere,2151,911000.0,2.0,455500.0,2868,317.64,19200.0,47.45,19200.0,2.11,2026-08-05,13,1900,7207.0,101.33,2x 3BR
Revere,2151,950000.0,2.0,475000.0,3114,305.07,,,,,2026-08-05,25,1963,8424.0,97.04,"1x 1BR, 1x 4BR"
Medford,2155,900000.0,2.0,450000.0,2344,383.96,,,,,2026-08-05,23,1930,6898.0,103.57,2x 2BR
Fitchburg,1420,315000.0,2.0,157500.0,2538,124.11,,,,,2026-08-05,20,1900,5139.0,96.92,"1x 2BR, 1x 3BR"
Springfield,1107,400000.0,2.0,200000.0,2951,135.55,,,,,2026-08-05,17,1901,3677.0,102.59,"1x 3BR, 1x 4BR"
Springfield,1129,515000.0,2.0,257500.0,2376,216.75,25800.0,19.96,25800.0,5.01,2026-08-05,23,2007,5863.0,105.12,2x 3BR
Springfield,1108,505000.0,3.0,168333.33,3713,136.01,,,,,2026-08-05,6,1905,3547.0,101.2,"1x 2BR, 1x 3BR, 1x 4BR"
Springfield,1108,465000.0,2.0,232500.0,2506,185.55,23628.0,19.68,23628.0,5.08,2026-08-05,24,1922,4575.0,103.34,2x 3BR
Boston,2125,1350000.0,3.0,450000.0,99999,13.5,99999.0,13.5,99999.0,7.41,2026-08-05,23,1900,0.0,103.85,3x 3BR
Quincy,2170,1056000.0,2.0,528000.0,2190,482.19,,,,,2026-08-05,100,1900,9571.0,96.0,"1x 1BR, 1x 2BR"
Lowell,1852,570000.0,2.0,285000.0,2210,257.92,,,,,2026-08-05,35,1890,6434.0,98.29,2x 2BR
Somerville,2143,8750000.0,21.0,416666.67,18873,463.63,631145.0,13.86,479582.0,5.48,2026-08-05,22,1920,61124.0,97.77,2x 2BR
Athol,1331,300000.0,2.0,150000.0,1893,158.48,39000.0,7.69,39000.0,13.0,2026-08-05,77,1900,2778.0,100.17,"1x 2BR, 1x 3BR"
Boston,2128,700000.0,3.0,233333.33,2826,247.7,,,,,2026-08-05,47,1900,10079.0,86.42,"2x 1BR, 1x 2BR"
Cambridge,2139,2850000.0,3.0,950000.0,4372,651.88,153600.0,18.55,153600.0,5.39,2026-08-06,53,1902,20644.0,95.16,"2x 2BR, 1x 3BR"
Salem,1970,611000.0,2.0,305500.0,2052,297.76,60000.0,10.18,60000.0,9.82,2026-08-06,10,1920,6875.0,106.26,"1x 2BR, 1x 4BR"
Braintree,2184,1068000.0,3.0,356000.0,2285,467.4,102000.0,10.47,102000.0,9.55,2026-08-06,42,1930,7727.0,101.71,"1x 2BR, 2x 3BR"
Fall River,2721,675000.0,3.0,225000.0,3521,191.71,66000.0,10.23,66000.0,9.78,2026-08-06,23,1900,6090.0,103.86,"1x 2BR, 2x 3BR"
Ashburnham,1430,462000.0,2.0,231000.0,2080,222.12,18000.0,25.67,18000.0,3.9,2026-08-06,49,1878,3875.0,102.67,2x 2BR
Worcester,1603,670000.0,2.0,335000.0,2132,314.26,38400.0,17.45,38400.0,5.73,2026-08-06,5,1923,3819.0,100.75,"1x 3BR, 1x 4BR"
Arlington,2476,1305000.0,2.0,652500.0,2300,567.39,61800.0,21.12,42158.0,3.23,2026-08-06,29,1914,10676.0,104.4,"1x 2BR, 1x 3BR"
Westfield,1085,645000.0,4.0,161250.0,4790,134.66,31800.0,20.28,31800.0,4.93,2026-08-06,20,1910,8388.0,99.23,"2x 1BR, 2x 2BR"
East Bridgewater,2333,750000.0,2.0,375000.0,2490,301.2,,,,,2026-08-06,6,1900,4268.0,107.16,"1x 2BR, 1x 3BR"
Quincy,2169,1525000.0,6.0,254166.67,3348,455.5,121200.0,12.58,82346.0,5.4,2026-08-06,27,1970,13226.0,95.37,"1x 1BR, 4x 2BR"
Saugus,1906,1060000.0,2.0,530000.0,2302,460.47,68400.0,15.5,68400.0,6.45,2026-08-06,20,1890,8483.0,117.79,"1x 2BR, 1x 3BR"
Abington,2351,1800000.0,7.0,257142.86,7232,248.89,153600.0,11.72,115429.0,6.41,2026-08-06,39,1900,21279.0,94.74,"2x 1BR, 3x 2BR"
Bellingham,2019,585000.0,2.0,292500.0,2320,252.16,19800.0,29.55,19800.0,3.38,2026-08-06,9,1935,4805.0,97.66,2x 2BR
Southbridge,1550,398000.0,2.0,199000.0,2606,152.72,,,,,2026-08-06,31,1926,4624.0,99.52,2x 3BR
Chicopee,1020,265000.0,2.0,132500.0,1904,139.18,,,,,2026-08-06,31,1926,3505.0,89.83,2x 2BR
Springfield,1108,315000.0,2.0,157500.0,2314,136.13,,,,,2026-08-06,20,1920,2949.0,105.0,2x 3BR
Watertown,2472,1030000.0,2.0,515000.0,3606,285.64,60000.0,17.17,60000.0,5.83,2026-08-07,19,1920,10308.0,106.3,2x 2BR
Fall River,2720,915000.0,8.0,114375.0,5897,155.16,103011.0,8.88,65860.0,7.2,2026-08-07,39,1892,10046.0,96.42,"1x 0BR, 4x 1BR"
Stoughton,2072,750000.0,2.0,375000.0,2065,363.2,48000.0,15.62,48000.0,6.4,2026-08-07,15,1920,6487.0,103.46,"1x 2BR, 1x 3BR"
Chicopee,1020,390000.0,3.0,130000.0,1692,230.5,,,,,2026-08-07,13,1900,3780.9,120.0,"1x 1BR, 1x 2BR"
Stoughton,2072,750000.0,2.0,375000.0,2624,285.82,22800.0,32.89,20650.0,2.75,2026-08-07,22,1945,5962.0,108.71,2x 2BR
Lynn,1905,750000.0,2.0,375000.0,1848,405.84,48900.0,15.34,48900.0,6.52,2026-08-07,20,1860,5873.0,104.9,2x 2BR
Boston,2125,1425000.0,3.0,475000.0,99999,14.25,99999.0,14.25,9999999.0,701.75,2026-08-07,37,1900,0.0,100.0,3x 3BR
Danvers,1923,1325000.0,4.0,331250.0,3484,380.31,94587.0,14.01,60350.0,4.55,2026-08-07,52,1900,9261.0,94.98,"3x 1BR, 1x 2BR"
Boston,2124,1300000.0,3.0,433333.33,4201,309.45,34800.0,37.36,34800.0,2.68,2026-08-07,20,1905,13722.0,108.33,3x 4BR
Lynn,1905,870000.0,2.0,435000.0,2712,320.8,26400.0,32.95,26400.0,3.03,2026-08-07,28,1900,8291.0,96.77,"1x 3BR, 1x 4BR"
Dedham,2026,800000.0,2.0,400000.0,1986,402.82,39600.0,20.2,39600.0,4.95,2026-08-07,29,1900,8390.0,94.13,2x 3BR
Leominster,1453,516500.0,2.0,258250.0,1856,278.29,40800.0,12.66,40800.0,7.9,2026-08-07,25,1900,6049.0,106.49,2x 2BR
Chicopee,1013,321000.0,2.0,160500.0,1289,249.03,16200.0,19.81,16200.0,5.05,2026-08-07,88,1920,3691.0,98.77,"1x 1BR, 1x 2BR"
Attleboro,2703,720000.0,2.0,360000.0,1752,410.96,19200.0,37.5,19200.0,2.67,2026-08-07,20,1900,3721.0,105.9,2x 2BR
Framingham,1701,897500.0,2.0,448750.0,2524,355.59,76800.0,11.69,29808.0,3.32,2026-08-07,15,1892,8456.0,99.83,"1x 2BR, 1x 5BR"
Springfield,1109,332500.0,2.0,166250.0,3093,107.5,,,,,2026-08-07,5,1913,3213.0,110.83,"1x 4BR, 1x 7BR"
Everett,2149,730000.0,2.0,365000.0,1576,463.2,,,,,2026-08-07,91,1910,6316.0,101.39,2x 2BR
Worcester,1606,685000.0,4.0,171250.0,3425,200.0,65400.0,10.47,,,2026-08-07,56,1945,8798.0,94.09,4x 1BR
Fall River,2720,712000.0,3.0,237333.33,3699,192.48,42600.0,16.71,42600.0,5.98,2026-08-07,42,1900,5759.0,103.34,3x 3BR
Lynn,1902,675000.0,2.0,337500.0,1870,360.96,,,,,2026-08-07,317,1900,6699.0,96.44,2x 2BR
Leominster,1453,618000.0,3.0,206000.0,3505,176.32,57900.0,10.67,57900.0,9.37,2026-08-07,182,1910,7352.0,99.68,"1x 1BR, 2x 3BR"
Springfield,1109,550000.0,3.0,183333.33,2967,185.37,,,,,2026-08-07,10,1904,1301.0,104.76,3x 3BR
Marlborough,1752,804000.0,2.0,402000.0,2696,298.22,63600.0,12.64,63600.0,7.91,2026-08-07,26,1850,7380.0,100.51,"1x 1BR, 1x 3BR"
Winchester,1890,1460000.0,2.0,730000.0,3360,434.52,,,,,2026-08-07,36,1975,15796.7,97.4,"1x 2BR, 1x 3BR"
Boston,2124,1490000.0,2.0,745000.0,3550,419.72,,,,,2026-08-07,15,1864,8128.94,99.67,"1x 2BR, 1x 4BR"
Worcester,1603,850000.0,4.0,212500.0,3946,215.41,91200.0,9.32,91200.0,10.73,2026-08-10,83,1890,8990.56,95.08,"1x 2BR, 3x 3BR"
Worcester,1606,440000.0,2.0,220000.0,2160,203.7,37200.0,11.83,37200.0,8.45,2026-08-10,35,1986,5525.0,88.02,"1x 2BR, 1x 3BR"
Northampton,1062,755000.0,4.0,188750.0,4600,164.13,54600.0,13.83,42098.0,5.58,2026-08-10,47,1900,7668.0,100.8,"2x 1BR, 2x 2BR"
Boston,2135,2075000.0,3.0,691666.67,3810,544.62,134400.0,15.44,134400.0,6.48,2026-08-10,7,1920,22048.0,96.51,3x 4BR
Springfield,1109,425000.0,3.0,141666.67,2801,151.73,47400.0,8.97,47400.0,11.15,2026-08-10,41,1905,2694.0,100.0,3x 2BR
Springfield,1109,365000.0,2.0,182500.0,1920,190.1,35400.0,10.31,35400.0,9.7,2026-08-10,93,1988,3163.0,98.68,2x 3BR
Norwood,2062,875000.0,2.0,437500.0,2008,435.76,,,,,2026-08-10,8,1925,6925.0,100.0,2x 2BR
Watertown,2472,975000.0,2.0,487500.0,2196,443.99,,,,,2026-08-10,22,1920,12595.28,95.12,"1x 2BR, 1x 3BR"
Revere,2151,860000.0,3.0,286666.67,2517,341.68,72220.0,11.91,45558.0,5.3,2026-08-10,77,1885,8113.94,98.29,"1x 1BR, 2x 2BR"
Royalston,1368,445500.0,2.0,222750.0,2456,181.39,,,,,2026-08-10,19,1905,2024.0,114.26,"1x 2BR, 1x 3BR"
Brockton,2301,870000.0,3.0,290000.0,3924,221.71,,,,,2026-08-10,68,1925,9116.0,99.44,3x 3BR
Winthrop,2151,855000.0,3.0,285000.0,3035,281.71,,,,,2026-08-10,20,1950,9081.0,100.59,"2x 1BR, 1x 3BR"
Melrose,2176,1110000.0,2.0,555000.0,2551,435.12,,,,,2026-08-10,22,1900,7709.0,111.0,"1x 3BR, 1x 4BR"
Newton,2465,1150000.0,2.0,575000.0,2026,567.62,31800.0,36.16,31800.0,2.77,2026-08-10,62,1930,9122.16,95.91,2x 2BR
Boston,2127,1755000.0,2.0,877500.0,3000,585.0,138300.0,12.69,124575.0,7.1,2026-08-10,126,1890,16508.0,97.5,2x 3BR
Boston,2126,1200000.0,3.0,400000.0,5356,224.05,66900.0,17.94,66900.0,5.58,2026-08-10,189,1910,8215.0,100.0,"1x 1BR, 3x 3BR"
Revere,2151,1130000.0,3.0,376666.67,2600,434.62,,,,,2026-08-10,122,1900,7153.0,90.4,"1x 1BR, 1x 2BR, 1x 3BR"
Leicester,1542,590000.0,2.0,295000.0,2101,280.82,,,,,2026-08-10,22,1960,4147.0,102.63,"1x 1BR, 1x 3BR"
New Bedford,2740,585000.0,2.0,292500.0,2128,274.91,,,,,2026-08-10,21,1871,4940.0,106.56,2x 3BR
Rockland,2370,740000.0,2.0,370000.0,1777,416.43,57600.0,12.85,57600.0,7.78,2026-08-10,64,1830,6429.0,98.68,"1x 2BR, 1x 3BR"
Chelsea,2150,860000.0,2.0,430000.0,2218,387.74,68400.0,12.57,68400.0,7.95,2026-08-10,38,1932,8515.0,95.88,2x 2BR
Lowell,1851,460000.0,3.0,153333.33,3653,125.92,19200.0,23.96,19200.0,4.17,2026-08-10,33,1900,7488.0,70.78,"1x 2BR, 2x 3BR"
Winchester,1890,980000.0,2.0,490000.0,2160,453.7,63000.0,15.56,63000.0,6.43,2026-08-11,22,1926,11089.0,98.1,"1x 2BR, 1x 3BR"
Worcester,1607,815000.0,3.0,271666.67,3733,218.32,69600.0,11.71,69600.0,8.54,2026-08-11,1,1890,9093.0,101.89,3x 3BR
Springfield,1104,405000.0,2.0,202500.0,2618,154.7,30000.0,13.5,30000.0,7.41,2026-08-11,23,1921,5254.0,102.3,"1x 3BR, 1x 5BR"
Watertown,2472,1225000.0,2.0,612500.0,2862,428.02,76020.0,16.11,76020.0,6.21,2026-08-11,31,1916,13027.0,100.0,2x 2BR
Boston,2119,1150000.0,2.0,575000.0,2792,411.89,,,,,2026-08-11,69,1870,8338.0,100.01,"1x 3BR, 1x 5BR"
Princeton,1541,720000.0,2.0,360000.0,3810,188.98,,,,,2026-08-11,28,1790,8144.0,97.31,"1x 2BR, 1x 3BR"
Somerville,2144,1300000.0,2.0,650000.0,2622,495.8,,,,,2026-08-11,41,1900,16452.43,92.92,"1x 2BR, 1x 3BR"
New Bedford,2746,670000.0,3.0,223333.33,3165,211.69,14400.0,46.53,14400.0,2.15,2026-08-11,55,1903,5363.0,103.08,3x 3BR
Lowell,1852,572500.0,3.0,190833.33,3471,164.94,,,,,2026-08-11,6,1900,7102.0,97.05,"1x 2BR, 2x 3BR"
Westport,2790,475000.0,4.0,118750.0,2464,192.78,,,,,2026-08-11,76,1880,3012.0,89.64,"2x 1BR, 2x 2BR"
Webster,1570,325000.0,2.0,162500.0,2838,114.52,,,,,2026-08-12,27,1910,3231.0,90.28,2x 3BR
Chicopee,1013,405000.0,2.0,202500.0,2096,193.23,16800.0,24.11,16800.0,4.15,2026-08-12,19,1969,4383.02,112.53,"1x 2BR, 1x 3BR"
Somerville,2145,1445000.0,3.0,481666.67,2946,490.5,110040.0,13.13,86698.0,6.0,2026-08-12,105,1905,14854.75,93.23,3x 1BR
Watertown,2472,660000.0,2.0,330000.0,2657,248.4,24000.0,27.5,24000.0,3.64,2026-08-12,66,1923,2025.0,60.0,"1x 2BR, 1x 3BR"
Malden,2148,640880.0,2.0,320440.0,1366,469.17,,,,,2026-08-12,49,1900,7598.0,100.15,"1x 1BR, 1x 2BR"
New Bedford,2740,665000.0,3.0,221666.67,4005,166.04,9900.0,67.17,9900.0,1.49,2026-08-12,18,1882,6478.0,98.52,3x 3BR
Lowell,1852,860000.0,2.0,430000.0,3251,264.53,,,,,2026-08-12,24,1900,7257.0,106.85,"1x 3BR, 1x 5BR"
Avon,2322,700000.0,2.0,350000.0,2805,249.55,26400.0,26.52,19497.0,2.79,2026-08-12,20,1780,7116.0,100.01,"1x 2BR, 1x 3BR"
North Andover,1845,752500.0,2.0,376250.0,2722,276.45,,,,,2026-08-12,33,1900,8286.0,97.79,"1x 2BR, 1x 3BR"
Worcester,1610,2300000.0,10.0,230000.0,10170,226.16,252108.0,9.12,180726.0,7.86,2026-08-12,11,1900,24495.0,95.87,"1x 2BR, 4x 3BR"
Boston,2130,1160000.0,3.0,386666.67,3255,356.37,21600.0,53.7,21600.0,1.86,2026-08-12,21,1900,14832.0,105.45,3x 2BR
Springfield,1105,505000.0,2.0,252500.0,2400,210.42,43200.0,11.69,43200.0,8.55,2026-08-12,16,2022,5830.0,96.19,2x 3BR
Malden,2148,870000.0,2.0,435000.0,2250,386.67,,,,,2026-08-12,44,1930,8371.0,98.31,2x 2BR
Gardner,1440,670000.0,4.0,167500.0,4314,155.31,83400.0,8.03,83400.0,12.45,2026-08-12,30,1900,7519.0,97.1,"1x 1BR, 3x 3BR"
Haverhill,1830,720000.0,2.0,360000.0,2024,355.73,,,,,2026-08-12,4,1915,6275.8,120.02,"1x 2BR, 1x 3BR"
Springfield,1109,355000.0,2.0,177500.0,1776,199.89,,,,,2026-08-12,13,1909,2772.0,101.46,2x 2BR
Webster,1570,280000.0,3.0,93333.33,4064,68.9,,,,,2026-08-12,24,1875,4185.0,63.78,"2x 3BR, 1x 4BR"
Arlington,2476,1300000.0,2.0,650000.0,3438,378.13,30000.0,43.33,30000.0,2.31,2026-08-13,23,1909,13911.0,86.72,"1x 3BR, 1x 4BR"
New Bedford,2740,600000.0,3.0,200000.0,3670,163.49,,,,,2026-08-13,9,1891,6077.0,102.56,"2x 2BR, 1x 3BR"
Millbury,1527,450000.0,2.0,225000.0,2038,220.8,43200.0,10.42,43200.0,9.6,2026-08-13,41,1900,5497.0,90.02,2x 2BR
Gardner,1440,572000.0,3.0,190666.67,4206,136.0,,,,,2026-08-13,14,1900,6498.0,114.4,3x 3BR
New Bedford,2745,601000.0,3.0,200333.33,3231,186.01,,,,,2026-08-13,21,1915,6621.0,101.01,"1x 2BR, 2x 3BR"
Boston,2122,1150000.0,3.0,383333.33,3303,348.17,108000.0,10.65,98199.0,8.54,2026-08-13,83,1905,12510.0,95.83,3x 3BR
Stoneham,2180,785000.0,2.0,392500.0,2023,388.04,,,,,2026-08-13,48,1880,8170.0,94.69,"1x 2BR, 1x 3BR"
Springfield,1109,360000.0,2.0,180000.0,2430,148.15,,,,,2026-08-13,35,1935,4673.0,97.32,2x 3BR
Haverhill,1832,630000.0,2.0,315000.0,2271,277.41,51000.0,12.35,51000.0,8.1,2026-08-13,12,1910,5088.0,100.16,2x 2BR
Lynn,1904,950000.0,3.0,316666.67,2619,362.73,54000.0,17.59,54000.0,5.68,2026-08-13,44,1920,7826.0,97.44,3x 2BR
Ware,1082,340000.0,2.0,170000.0,2168,156.83,24600.0,13.82,24600.0,7.24,2026-08-13,14,1885,2681.0,106.25,2x 3BR
Westminster,1473,675000.0,2.0,337500.0,2818,239.53,,,,,2026-08-13,45,1989,7895.46,100.0,"1x 2BR, 1x 3BR"
Chelsea,2150,966000.0,2.0,483000.0,3103,311.31,61000.0,15.84,26400.0,2.73,2026-08-13,7,1900,9142.67,107.35,"1x 3BR, 1x 4BR"
Belmont,2478,1375000.0,2.0,687500.0,3738,367.84,,,,,2026-08-13,21,1935,16390.24,105.77,2x 3BR
Boston,2124,1320000.0,3.0,440000.0,3762,350.88,114000.0,11.58,114000.0,8.64,2026-08-13,17,1910,14038.0,97.85,3x 3BR
Braintree,2184,740000.0,2.0,370000.0,1816,407.49,,,,,2026-08-13,22,1900,6107.0,115.81,"1x 1BR, 1x 2BR"
Fitchburg,1420,505000.0,2.0,252500.0,2340,215.81,42600.0,11.85,42600.0,8.44,2026-08-14,28,1910,5692.0,99.02,2x 2BR
Plymouth,2360,1080000.0,3.0,360000.0,3596,300.33,95400.0,11.32,95400.0,8.83,2026-08-14,30,1900,9377.0,98.18,"1x 1BR, 1x 2BR, 1x 3BR"
Chicopee,1020,425000.0,2.0,212500.0,2232,190.41,,,,,2026-08-14,20,1990,4675.0,102.41,2x 3BR
New Bedford,2740,445000.0,2.0,222500.0,2064,215.6,,,,,2026-08-14,91,1822,4251.0,98.89,2x 3BR
Attleboro,2703,825000.0,3.0,275000.0,3445,239.48,44400.0,18.58,44400.0,5.38,2026-08-14,17,1910,7194.0,106.45,"1x 2BR, 2x 3BR"
Lowell,1850,975000.0,4.0,243750.0,7392,131.9,91200.0,10.69,91200.0,9.35,2026-08-14,16,1900,9774.0,102.63,4x 2BR
Lynn,1902,600000.0,2.0,300000.0,3240,185.19,,,,,2026-08-14,18,1890,6472.0,108.11,2x 4BR
Fall River,2720,705000.0,3.0,235000.0,4298,164.03,7500.0,94.0,7500.0,1.06,2026-08-14,59,1900,6589.0,100.0,3x 2BR
Provincetown,2657,2800000.0,2.0,1400000.0,1972,1419.88,,,,,2026-08-14,110,1860,21439.0,94.92,"1x 1BR, 1x 2BR"
Springfield,1109,430000.0,2.0,215000.0,2902,148.17,26400.0,16.29,26400.0,6.14,2026-08-14,110,1909,4096.0,103.39,2x 4BR
Fall River,2721,635000.0,2.0,317500.0,2617,242.64,25200.0,25.2,25200.0,3.97,2026-08-14,31,1925,5316.0,100.81,"1x 2BR, 1x 3BR"
New Bedford,2745,546900.0,2.0,273450.0,1920,284.84,,,,,2026-08-14,7,1913,4706.0,99.45,2x 3BR
Boston,2124,1052500.0,2.0,526250.0,3202,328.7,,,,,2026-08-14,11,1929,10174.0,102.78,"1x 2BR, 1x 3BR"
Boston,2125,1138000.0,3.0,379333.33,3342,340.51,125400.0,9.07,111427.0,9.79,2026-08-14,154,1905,12173.0,102.53,3x 3BR
Millbury,1527,500000.0,3.0,166666.67,2881,173.55,7800.0,64.1,7800.0,1.56,2026-08-14,52,1858,6611.32,97.09,"2x 1BR, 1x 3BR"
Somerset,2726,595000.0,2.0,297500.0,3229,184.27,,,,,2026-08-14,21,1900,6812.0,96.12,2x 2BR
Agawam,1001,660000.0,2.0,330000.0,3056,215.97,28200.0,23.4,28200.0,4.27,2026-08-14,6,2016,0.0,97.78,2x 2BR
Gloucester,1930,1500000.0,3.0,500000.0,5050,297.03,,,,,2026-08-14,58,1880,11267.0,81.08,"1x 1BR, 1x 2BR"
Lynn,1902,995000.0,3.0,331666.67,3384,294.03,94800.0,10.5,94800.0,9.53,2026-08-14,21,1900,8257.0,100.61,3x 3BR
Milton,2186,1525000.0,2.0,762500.0,3216,474.19,42600.0,35.8,42600.0,2.79,2026-08-14,68,1900,12827.0,98.39,2x 3BR
Boston,2118,2778750.0,3.0,926250.0,3558,780.99,145164.0,19.14,90632.0,3.26,2026-08-14,20,1890,36994.7,96.65,"2x 1BR, 1x 2BR"
Provincetown,2658,2779000.0,2.0,1389500.0,2992,928.81,,,,,2026-08-14,74,1978,0.0,92.7,"1x 2BR, 1x 3BR"
Saugus,1906,875000.0,2.0,437500.0,2650,330.19,,,,,2026-08-14,37,1970,7836.0,98.87,"1x 2BR, 1x 3BR"
Ipswich,1938,630000.0,3.0,210000.0,3052,206.42,27600.0,22.83,27600.0,4.38,2026-08-14,47,1900,8617.0,84.01,"2x 1BR, 1x 5BR"
Fitchburg,1420,659999.0,2.0,329999.5,2808,235.04,54600.0,12.09,54600.0,8.27,2026-08-14,31,2024,8507.0,100.0,2x 2BR
Fall River,2721,530000.0,2.0,265000.0,2043,259.42,,,,,2026-08-14,50,1900,4343.0,100.95,2x 2BR
Lawrence,1843,715000.0,2.0,357500.0,1720,415.7,,,,,2026-08-14,21,1910,4927.0,106.73,2x 2BR
Tewksbury,1876,900000.0,2.0,450000.0,2500,360.0,5000.0,180.0,33588.0,3.73,2026-08-14,46,1890,8392.0,112.51,2x 2BR
Worcester,1604,725800.0,3.0,241933.33,2886,251.49,82608.0,8.79,82608.0,11.38,2026-08-14,28,1895,6619.0,100.25,3x 3BR
Everett,2149,1063000.0,4.0,265750.0,3210,331.15,90600.0,11.73,85478.0,8.04,2026-08-15,64,1880,11438.0,92.52,"2x 1BR, 2x 2BR"
Cambridge,2141,1305000.0,2.0,652500.0,2148,607.54,,,,,2026-08-17,11,1903,7443.0,100.38,"1x 2BR, 1x 3BR"
Worcester,1609,1051020.0,3.0,350340.0,4290,244.99,108000.0,9.73,108000.0,10.28,2026-08-17,3,1920,8198.0,97.32,3x 4BR
Waltham,2453,1025000.0,3.0,341666.67,2972,344.89,,,,,2026-08-17,28,1880,6872.0,93.61,"2x 1BR, 1x 3BR"
Lowell,1850,910000.0,4.0,227500.0,3551,256.27,96000.0,9.48,89400.0,9.82,2026-08-17,24,1945,8192.0,107.06,"2x 2BR, 2x 4BR"
Somerville,2144,1150000.0,2.0,575000.0,2354,488.53,81600.0,14.09,81600.0,7.1,2026-08-17,29,1920,10606.0,98.37,"1x 3BR, 1x 4BR"
Saugus,1906,830000.0,2.0,415000.0,2114,392.62,,,,,2026-08-17,35,1930,8107.0,103.88,2x 2BR
Andover,1810,657000.0,2.0,328500.0,2180,301.38,42000.0,15.64,42000.0,6.39,2026-08-17,22,1900,8652.0,93.86,2x 3BR
Bridgewater,2324,675500.0,2.0,337750.0,1848,365.53,57000.0,11.85,57600.0,8.53,2026-08-17,10,1900,4106.0,103.92,"1x 2BR, 1x 3BR"
Lynn,1902,944700.0,3.0,314900.0,3274,288.55,72600.0,13.01,72600.0,7.68,2026-08-17,26,1918,9328.71,94.47,"2x 2BR, 1x 3BR"
Worcester,1610,500000.0,2.0,250000.0,1774,281.85,,,,,2026-08-17,21,1920,5562.0,96.17,2x 2BR
Lynn,1902,850000.0,2.0,425000.0,2440,348.36,,,,,2026-08-17,40,1910,8609.0,106.38,2x 2BR
Worcester,1602,852040.0,3.0,284013.33,3640,234.08,,,,,2026-08-17,11,1890,8179.0,97.18,2x 2BR
Haverhill,1835,770000.0,2.0,385000.0,2689,286.35,,,,,2026-08-17,21,1900,6331.0,118.46,2x 3BR
Saugus,1906,920000.0,2.0,460000.0,2414,381.11,,,,,2026-08-17,13,1967,7094.0,105.14,"1x 3BR, 1x 4BR"
Boston,2125,1180000.0,3.0,393333.33,4104,287.52,45180.0,26.12,45180.0,3.83,2026-08-17,35,1905,11134.0,98.42,3x 4BR
Worcester,1604,530000.0,2.0,265000.0,1844,287.42,16800.0,31.55,16800.0,3.17,2026-08-17,38,1960,4987.0,98.33,2x 2BR
New Bedford,2746,478000.0,3.0,159333.33,2994,159.65,,,,,2026-08-17,4,1904,5386.0,93.91,"1x 1BR, 2x 2BR"
Lynn,1902,765000.0,2.0,382500.0,2803,272.92,,,,,2026-08-17,26,1900,7381.0,102.0,"1x 2BR, 1x 4BR"
Gardner,1440,425000.0,2.0,212500.0,2240,189.73,,,,,2026-08-18,22,1966,4562.0,108.42,2x 2BR
Dennis,2638,730000.0,2.0,365000.0,1880,388.3,21600.0,33.8,21600.0,2.96,2026-08-18,15,1968,2428.0,100.69,2x 2BR
Somerville,2144,1360000.0,3.0,453333.33,2818,482.61,,,,,2026-08-18,15,1925,14765.0,97.49,"2x 1BR, 1x 2BR"
Fitchburg,1420,539500.0,2.0,269750.0,2878,187.46,19200.0,28.1,19200.0,3.56,2026-08-18,51,1900,5942.0,102.78,"1x 2BR, 1x 5BR"
Attleboro,2703,670000.0,2.0,335000.0,2694,248.7,43200.0,15.51,43200.0,6.45,2026-08-18,27,1910,5056.0,101.53,"1x 2BR, 1x 4BR"
Boston,2132,860000.0,2.0,430000.0,1923,447.22,,,,,2026-08-18,117,1920,8196.0,98.29,"1x 1BR, 1x 2BR"
New Bedford,2740,400000.0,2.0,200000.0,1812,220.75,18000.0,22.22,18000.0,4.5,2026-08-18,13,1884,4179.0,105.26,"1x 2BR, 1x 3BR"
Fall River,2724,520000.0,2.0,260000.0,2894,179.68,,,,,2026-08-18,48,1925,4816.0,104.02,2x 2BR
Chicopee,1013,300000.0,2.0,150000.0,2117,141.71,31800.0,9.43,31800.0,10.6,2026-08-18,301,1880,3737.0,85.71,2x 2BR
Woburn,1801,949000.0,2.0,474500.0,2223,426.9,30600.0,31.01,30600.0,3.22,2026-08-18,59,1880,5860.0,101.06,2x 2BR
New Bedford,2740,615000.0,3.0,205000.0,2183,281.72,43200.0,14.24,43200.0,7.02,2026-08-18,43,1867,5179.0,101.65,3x 2BR
Lawrence,1843,938500.0,2.0,469250.0,2576,364.32,,,,,2026-08-18,11,1920,5941.0,110.42,2x 3BR
Revere,2151,910000.0,2.0,455000.0,2137,425.83,,,,,2026-08-18,59,1960,5738.0,101.68,"1x 2BR, 1x 3BR"
Leominster,1453,655000.0,2.0,327500.0,2712,241.52,28800.0,22.74,28800.0,4.4,2026-08-18,26,1896,7255.0,100.78,2x 3BR
Boston,2119,750000.0,2.0,375000.0,2718,275.94,,,,,2026-08-18,200,1915,7118.0,88.24,"1x 1BR, 1x 4BR"
Quincy,2169,600000.0,2.0,300000.0,2511,238.95,,,,,2026-08-18,21,1900,7694.0,105.28,2x 3BR
Chicopee,1013,600000.0,2.0,300000.0,2566,233.83,,,,,2026-08-18,12,2026,0.0,92.32,2x 3BR
Dudley,1571,512629.0,2.0,256314.5,2664,192.43,,,,,2026-08-19,61,1930,2477.0,103.56,"1x 2BR, 1x 4BR"
Holyoke,1040,360000.0,2.0,180000.0,2276,158.17,16800.0,21.43,16800.0,4.67,2026-08-19,24,1900,6106.0,120.04,2x 2BR
Spencer,1562,500000.0,2.0,250000.0,2272,220.07,,,,,2026-08-19,20,1898,4640.0,105.29,2x 3BR
Brockton,2301,845000.0,3.0,281666.67,2351,359.42,81600.0,10.36,81600.0,9.66,2026-08-19,99,1860,8896.0,101.2,"1x 1BR, 1x 2BR, 1x 3BR"
Fall River,2723,360000.0,2.0,180000.0,2414,149.13,,,,,2026-08-19,22,1920,4828.0,90.23,2x 3BR
Northampton,1060,400000.0,2.0,200000.0,2066,193.61,39600.0,10.1,39600.0,9.9,2026-08-19,28,1900,5697.0,82.47,2x 2BR
Lowell,1852,1150000.0,4.0,287500.0,3604,319.09,103800.0,11.08,103800.0,9.03,2026-08-19,18,1900,9158.0,100.0,"2x 2BR, 2x 3BR"
Northampton,1060,430000.0,2.0,215000.0,2024,212.45,,,,,2026-08-19,6,1925,5447.0,92.97,"1x 1BR, 1x 3BR"
Greenfield,1301,410000.0,4.0,102500.0,2976,137.77,52200.0,7.85,35657.0,8.7,2026-08-19,20,1900,8278.0,100.0,4x 1BR
Worcester,1604,785000.0,2.0,392500.0,2381,329.69,72600.0,10.81,72600.0,9.25,2026-08-19,26,2023,7867.0,98.25,"1x 2BR, 1x 4BR"
Agawam,1030,775000.0,4.0,193750.0,3000,258.33,73500.0,10.54,55000.0,7.1,2026-08-20,19,1986,0.0,100.0,4x 2BR
Chicopee,1013,395000.0,2.0,197500.0,2318,170.41,,,,,2026-08-20,71,1920,3725.0,94.07,2x 2BR
Lynn,1902,1120000.0,3.0,373333.33,3650,306.85,,,,,2026-08-20,25,1900,9450.0,101.83,"1x 2BR, 1x 3BR, 1x 4BR"
Watertown,2472,1100000.0,2.0,550000.0,2330,472.1,72000.0,15.28,72000.0,6.55,2026-08-20,25,1935,11466.0,95.66,2x 2BR
Fall River,2720,2763750.0,18.0,153541.67,15854,174.33,310017.0,8.91,215940.0,7.81,2026-08-20,19,1965,23211.0,102.36,"2x 1BR, 3x 2BR"
Lawrence,1841,838000.0,3.0,279333.33,2432,344.57,54000.0,15.52,54000.0,6.44,2026-08-20,24,1900,5703.0,104.1,"1x 2BR, 2x 3BR"
Winchendon,1475,381900.0,2.0,190950.0,2001,190.85,,,,,2026-08-20,52,1860,2519.0,100.5,2x 2BR
Somerville,2144,1349000.0,2.0,674500.0,2358,572.09,,,,,2026-08-20,6,1920,11381.0,100.0,"1x 2BR, 1x 3BR"
New Bedford,2740,625000.0,3.0,208333.33,2673,233.82,,,,,2026-08-20,29,1899,6239.0,99.21,3x 2BR
Everett,2149,1600000.0,4.0,400000.0,4669,342.69,159600.0,10.03,139200.0,8.7,2026-08-20,0,1920,12285.25,94.12,"2x 0BR, 1x 2BR, 1x 3BR, 1x 4BR"
Quincy,2169,1380000.0,4.0,345000.0,3584,385.04,100200.0,13.77,84340.0,6.11,2026-08-20,27,1930,10567.0,98.92,4x 2BR
Attleboro,2703,450000.0,2.0,225000.0,2424,185.64,,,,,2026-08-20,6,1910,6065.0,128.61,2x 3BR
Boston,2113,1625000.0,0.0,inf,2065,786.92,,,,,2026-08-20,59,1926,99.0,90.28,2x 0BR
Fitchburg,1420,636500.0,3.0,212166.67,3206,198.53,23400.0,27.2,23400.0,3.68,2026-08-20,8,1900,6543.0,101.84,2x 3BR
Boston,2136,1235000.0,3.0,411666.67,3438,359.22,359964.0,3.43,359964.0,29.15,2026-08-20,32,1920,8721.0,98.88,3x 4BR
Boston,2124,1160000.0,3.0,386666.67,3690,314.36,68160.0,17.02,68160.0,5.88,2026-08-21,77,1905,11546.0,96.67,"1x 1BR, 2x 3BR"
Worcester,1610,690000.0,3.0,230000.0,3642,189.46,70800.0,9.75,70800.0,10.26,2026-08-21,38,1920,7402.0,98.71,"1x 2BR, 2x 3BR"
New Bedford,2740,494000.0,2.0,247000.0,2565,192.59,,,,,2026-08-21,89,1899,5100.0,95.37,"1x 2BR, 1x 4BR"
New Bedford,2740,540000.0,3.0,180000.0,2450,220.41,23400.0,23.08,23400.0,4.33,2026-08-21,51,1880,5880.0,100.0,3x 2BR
Watertown,2472,1200000.0,2.0,600000.0,2592,462.96,,,,,2026-08-21,20,1960,10202.0,104.35,2x 3BR
Mansfield,2048,800000.0,3.0,266666.67,2740,291.97,,,,,2026-08-21,91,1900,7217.0,103.91,"1x 1BR, 2x 3BR"
Bridgewater,2324,865000.0,3.0,288333.33,2812,307.61,80400.0,10.76,80400.0,9.29,2026-08-21,154,1882,7350.0,96.22,"1x 1BR, 2x 4BR"
Marblehead,1945,785000.0,2.0,392500.0,2010,390.55,,,,,2026-08-21,21,1930,6267.0,99.37,2x 2BR
Lawrence,1843,1100000.0,3.0,366666.67,3255,337.94,,,,,2026-08-21,18,1900,6455.0,115.8,"1x 1BR, 1x 2BR, 1x 4BR"
Springfield,1108,246000.0,2.0,123000.0,3464,71.02,,,,,2026-08-21,11,1916,4299.0,117.2,2x 3BR
Medford,2155,915000.0,2.0,457500.0,2054,445.47,,,,,2026-08-21,20,1925,7642.0,101.68,2x 2BR
Fitchburg,1420,540000.0,2.0,270000.0,2360,228.81,108.0,5000.0,108.0,0.02,2026-08-21,6,1910,5266.0,102.86,2x 2BR
Fitchburg,1420,730000.0,4.0,182500.0,5665,128.86,,,,,2026-08-21,11,1890,7530.0,101.4,"1x 2BR, 3x 3BR"
Easthampton,1027,555000.0,3.0,185000.0,2107,263.41,43800.0,12.67,43800.0,7.89,2026-08-21,22,1900,6155.0,100.91,3x 2BR
Boston,2122,1250000.0,3.0,416666.67,3885,321.75,111600.0,11.2,111600.0,8.93,2026-08-21,38,1905,14221.0,95.06,3x 3BR
Ayer,1432,565000.0,2.0,282500.0,2650,213.21,42180.0,13.39,44613.0,7.9,2026-08-21,22,1890,4595.0,102.73,2x 3BR
Lawrence,1843,1050000.0,3.0,350000.0,3586,292.81,120000.0,8.75,92400.0,8.8,2026-08-21,23,1900,6698.0,110.64,3x 3BR
Boston,2124,890000.0,2.0,445000.0,2186,407.14,79200.0,11.24,65200.0,7.33,2026-08-21,40,1920,7999.2,101.25,2x 3BR
Fitchburg,1420,520000.0,2.0,260000.0,2944,176.63,57600.0,9.03,57600.0,11.08,2026-08-21,20,1902,4647.0,104.21,"1x 2BR, 1x 3BR"
Springfield,1119,565000.0,2.0,282500.0,2560,220.7,,,,,2026-08-21,0,2026,0.0,100.0,2x 3BR
Worcester,1605,770000.0,4.0,192500.0,4060,189.66,82800.0,9.3,82800.0,10.75,2026-08-21,43,1890,6480.0,93.33,"1x 1BR, 3x 2BR"
Seekonk,2771,480000.0,2.0,240000.0,1440,333.33,48600.0,9.88,48600.0,10.12,2026-08-21,30,1910,4172.0,96.02,2x 2BR
Worcester,1605,820000.0,3.0,273333.33,3927,208.81,79200.0,10.35,79200.0,9.66,2026-08-21,23,1910,8849.0,103.14,3x 3BR
Boston,2120,1930000.0,3.0,643333.33,3750,514.67,151800.0,12.71,151800.0,7.87,2026-08-21,19,1900,18396.0,92.12,3x 3BR
Attleboro,2771,648000.0,2.0,324000.0,2484,260.87,,,,,2026-08-24,16,1910,6629.0,100.47,2x 3BR
Saugus,1906,1425000.0,2.0,712500.0,6242,228.29,61200.0,23.28,61200.0,4.29,2026-08-24,168,1800,10445.0,93.44,"1x 3BR, 1x 5BR"
Deerfield,1373,352500.0,2.0,176250.0,2073,170.04,22800.0,15.46,22800.0,6.47,2026-08-24,67,1900,4306.0,96.6,"1x 2BR, 1x 3BR"
New Bedford,2740,530000.0,2.0,265000.0,1792,295.76,,,,,2026-08-24,40,1913,4080.0,100.02,"1x 2BR, 1x 3BR"
Westport,2790,905000.0,2.0,452500.0,2737,330.65,,,,,2026-08-24,92,2026,0.0,97.84,"1x 1BR, 1x 2BR"
Boston,2127,2150000.0,3.0,716666.67,3723,577.49,,,,,2026-08-24,68,1890,18832.0,89.58,"2x 2BR, 1x 3BR"
Hingham,2043,950000.0,2.0,475000.0,1619,586.78,,,,,2026-08-24,61,1890,5296.0,90.56,2x 2BR
New Bedford,2744,645000.0,3.0,215000.0,3342,193.0,,,,,2026-08-24,63,1910,5790.0,100.0,3x 3BR
Worcester,1602,860000.0,3.0,286666.67,3543,242.73,44400.0,19.37,72000.0,8.37,2026-08-24,33,1922,8503.0,98.29,3x 2BR
Revere,2151,790000.0,2.0,395000.0,1674,471.92,,,,,2026-08-24,22,1929,6274.0,98.76,2x 1BR
Plymouth,2360,689000.0,2.0,344500.0,1758,391.92,50400.0,13.67,50400.0,7.31,2026-08-24,15,1900,6575.0,100.0,"1x 2BR, 1x 3BR"
Medford,2155,950000.0,2.0,475000.0,2380,399.16,,,,,2026-08-24,13,1887,6824.0,109.32,"1x 1BR, 1x 4BR"
Boston,2124,1245000.0,3.0,415000.0,3498,355.92,74400.0,16.73,74400.0,5.98,2026-08-24,29,1905,11865.0,95.77,3x 3BR
Boston,2128,780000.0,2.0,390000.0,1980,393.94,,,,,2026-08-24,24,1910,8226.0,101.31,2x 3BR
Brockton,2302,740000.0,2.0,370000.0,2500,296.0,,,,,2026-08-25,19,1880,7777.0,104.24,"1x 2BR, 1x 4BR"
Boston,2121,875000.0,2.0,437500.0,3752,233.21,,,,,2026-08-25,27,1935,9450.0,97.33,2x 3BR
Gardner,1440,460000.0,2.0,230000.0,2937,156.62,21000.0,21.9,21000.0,4.57,2026-08-25,20,1900,5208.0,102.22,"1x 1BR, 1x 4BR"
New Bedford,2745,560000.0,2.0,280000.0,2674,209.42,,,,,2026-08-25,24,1922,5646.0,107.69,2x 3BR
Fitchburg,1420,587000.0,3.0,195666.67,2277,257.8,,,,,2026-08-25,99,1900,5024.0,93.92,3x 2BR
Worcester,1604,2150000.0,12.0,179166.67,9234,232.84,253992.0,8.46,189685.0,8.82,2026-08-25,13,1920,23276.0,93.48,"4x 2BR, 1x 3BR"
Newbury,1951,1350000.0,2.0,675000.0,3500,385.71,,,,,2026-08-25,35,1847,6852.0,96.44,"1x 1BR, 1x 4BR"
Palmer,1080,435000.0,2.0,217500.0,2300,189.13,,,,,2026-08-25,30,1940,2273.0,104.82,"1x 2BR, 1x 3BR"
Worcester,1610,700000.0,3.0,233333.33,3465,202.02,43680.0,16.03,43680.0,6.24,2026-08-25,19,1915,6290.0,100.14,3x 2BR
Boston,2128,745000.0,2.0,372500.0,1696,439.27,27600.0,26.99,19207.0,2.58,2026-08-25,94,1910,7205.0,96.88,2x 1BR
Providence,2904,767000.0,2.0,383500.0,2340,327.78,24000.0,31.96,24000.0,3.13,2026-08-25,74,2021,8845.0,102.27,2x 3BR
Fall River,2720,855000.0,3.0,285000.0,3000,285.0,,,,,2026-08-25,53,1900,5185.0,103.64,"1x 2BR, 1x 3BR, 1x 4BR"
Springfield,1129,394000.0,2.0,197000.0,2488,158.36,,,,,2026-08-25,27,1986,6316.34,98.75,"1x 1BR, 1x 2BR"
Agawam,1001,326000.0,2.0,163000.0,2488,131.03,,,,,2026-08-25,4,1920,3351.0,93.17,"1x 2BR, 1x 3BR"
Springfield,1108,405000.0,2.0,202500.0,3108,130.31,18000.0,22.5,18000.0,4.44,2026-08-25,21,1916,4582.0,102.02,"1x 2BR, 1x 4BR"
Hanson,2341,808000.0,2.0,404000.0,2994,269.87,,,,,2026-08-25,12,1910,6324.0,107.73,"1x 1BR, 1x 4BR"
Westfield,1085,410000.0,2.0,205000.0,2841,144.32,44100.0,9.3,44100.0,10.76,2026-08-25,25,1910,4625.0,102.76,2x 2BR
Taunton,2780,430000.0,2.0,215000.0,1836,234.2,,,,,2026-08-25,41,1900,4593.0,114.67,"1x 1BR, 1x 2BR"
Springfield,1109,460000.0,2.0,230000.0,2973,154.73,,,,,2026-08-25,73,1908,4633.0,100.02,"1x 3BR, 1x 6BR"
Norwood,2062,860000.0,2.0,430000.0,2661,323.19,18000.0,47.78,18000.0,2.09,2026-08-25,24,1900,7292.0,95.66,"1x 1BR, 1x 3BR"
Brockton,2301,825000.0,2.0,412500.0,2238,368.63,,,,,2026-08-25,10,1840,8244.0,103.77,2x 3BR
New Bedford,2740,495000.0,2.0,247500.0,2294,215.78,,,,,2026-08-25,36,1876,4586.0,103.15,"1x 2BR, 1x 3BR"
Fitchburg,1420,480000.0,2.0,240000.0,2620,183.21,16800.0,28.57,7495.0,1.56,2026-08-25,13,1900,5215.0,104.58,2x 2BR
Boston,2136,1150000.0,4.0,287500.0,3960,290.4,,,,,2026-08-26,73,1905,10353.0,95.83,"3x 1BR, 1x 3BR"
Brockton,2301,1150000.0,6.0,191666.67,5589,205.76,130200.0,8.83,115200.0,10.02,2026-08-26,6,1920,10750.0,100.0,5x 2BR
Stoneham,2180,1250000.0,2.0,625000.0,3510,356.13,,,,,2026-08-26,12,1920,8952.0,104.17,"1x 2BR, 1x 3BR"
Attleboro,2703,644950.0,2.0,322475.0,1572,410.27,40800.0,15.81,40800.0,6.33,2026-08-26,17,1964,5357.0,100.93,2x 2BR
Boston,2120,2250000.0,3.0,750000.0,3675,612.24,64800.0,34.72,64800.0,2.88,2026-08-26,96,1905,22289.0,86.57,3x 3BR
Palmer,1069,315000.0,2.0,157500.0,1443,218.3,15000.0,21.0,15000.0,4.76,2026-08-26,25,1900,4263.0,105.04,2x 2BR
New Bedford,2740,644500.0,3.0,214833.33,3132,205.78,,,,,2026-08-26,100,1882,6374.0,99.15,3x 3BR
Foxboro,2035,1250000.0,5.0,250000.0,4689,266.58,93300.0,13.4,93300.0,7.46,2026-08-26,24,1900,10929.0,100.0,5x 2BR
Southbridge,1550,750000.0,5.0,150000.0,5733,130.82,74400.0,10.08,74400.0,9.92,2026-08-26,38,1900,7510.0,96.15,4x 2BR
New Bedford,2746,725000.0,3.0,241666.67,3321,218.31,33600.0,21.58,33600.0,4.63,2026-08-26,28,1908,6839.37,100.71,"1x 2BR, 2x 3BR"
Leominster,1453,680000.0,2.0,340000.0,3447,197.27,,,,,2026-08-26,60,1920,6445.0,100.0,"1x 1BR, 1x 3BR"
Boston,2127,1015000.0,2.0,507500.0,1728,587.38,,,,,2026-08-26,51,1890,11991.0,98.54,"1x 1BR, 1x 2BR"
Gardner,1440,430000.0,3.0,143333.33,2967,144.93,6000.0,71.67,6000.0,1.4,2026-08-26,16,1900,6556.0,93.48,"1x 1BR, 1x 2BR, 1x 3BR"
Wakefield,1880,825000.0,2.0,412500.0,2200,375.0,,,,,2026-08-26,20,1880,8629.0,94.3,"1x 1BR, 1x 3BR"
Lawrence,1841,828200.0,3.0,276066.67,2883,287.27,39600.0,20.91,39600.0,4.78,2026-08-27,66,1900,5627.0,92.03,"2x 2BR, 1x 5BR"
Southbridge,1550,430000.0,2.0,215000.0,1728,248.84,48000.0,8.96,48000.0,11.16,2026-08-27,32,1967,4545.0,95.56,2x 2BR
Danvers,1923,975000.0,2.0,487500.0,2220,439.19,77352.0,12.6,77352.0,7.93,2026-08-27,14,1915,7872.0,102.64,"1x 1BR, 1x 3BR"
Worcester,1604,740000.0,3.0,246666.67,3817,193.87,63600.0,11.64,63600.0,8.59,2026-08-27,24,1924,8837.0,96.73,"1x 2BR, 2x 3BR"
Malden,2148,840000.0,2.0,420000.0,2144,391.79,,,,,2026-08-27,9,1973,8504.4,105.01,"1x 1BR, 1x 3BR"
Lowell,1854,960000.0,4.0,240000.0,3738,256.82,102000.0,9.41,72987.0,7.6,2026-08-27,22,1880,8558.0,101.05,"2x 1BR, 2x 3BR"
Springfield,1104,212000.0,2.0,106000.0,1248,169.87,25800.0,8.22,25800.0,12.17,2026-08-27,39,1941,4089.0,87.6,2x 1BR
West Springfield,1108,455000.0,4.0,113750.0,3286,138.47,62400.0,7.29,53340.0,11.72,2026-08-27,26,1900,5973.0,92.31,"3x 1BR, 1x 2BR"
Northampton,1060,2370000.0,11.0,215454.55,9855,240.49,209639.0,11.31,127227.0,5.37,2026-08-27,23,1900,23721.0,94.99,"4x 2BR, 1x 3BR"
Springfield,1104,310000.0,3.0,103333.33,3878,79.94,40999.0,7.56,21722.0,7.01,2026-08-27,14,1909,4640.0,107.27,3x 3BR
Middleboro,2346,726000.0,2.0,363000.0,2692,269.69,,,,,2026-08-27,35,1890,8249.0,101.54,"1x 2BR, 1x 3BR"
Somerville,2143,1535000.0,2.0,767500.0,2708,566.84,,,,,2026-08-27,13,1920,5734.14,105.14,"1x 2BR, 1x 4BR"
Providence,2904,460000.0,2.0,230000.0,2016,228.17,,,,,2026-08-27,3,1960,4425.28,102.24,"1x 1BR, 1x 2BR"
Haverhill,1832,430000.0,2.0,215000.0,2008,214.14,,,,,2026-08-27,5,1900,4585.0,95.58,2x 2BR
Worcester,1610,770000.0,3.0,256666.67,4194,183.6,40800.0,18.87,40800.0,5.3,2026-08-27,21,1924,8211.0,106.21,3x 3BR
Methuen,1844,610000.0,2.0,305000.0,1722,354.24,43200.0,14.12,43200.0,7.08,2026-08-27,14,1900,6149.1,106.09,"1x 2BR, 1x 3BR"
Oxford,1540,590000.0,2.0,295000.0,2622,225.02,14400.0,40.97,14400.0,2.44,2026-08-27,32,1877,5766.45,98.35,"1x 1BR, 1x 4BR"
Millbury,1527,430000.0,2.0,215000.0,2470,174.09,45600.0,9.43,45600.0,10.6,2026-08-27,50,1919,2742.0,89.58,"1x 0BR, 1x 2BR"
Woonsocket,2895,670000.0,4.0,167500.0,3592,186.53,,,,,2026-08-27,30,1930,5178.0,97.81,4x 2BR
Shrewsbury,1545,530600.0,2.0,265300.0,1573,337.32,8400.0,63.17,8400.0,1.58,2026-08-27,72,1938,5558.0,97.61,"1x 1BR, 1x 2BR"
Brockton,2302,725000.0,2.0,362500.0,2300,315.22,55800.0,12.99,55800.0,7.7,2026-08-28,21,1925,6501.0,103.59,2x 3BR
Fitchburg,1420,770000.0,4.0,192500.0,4864,158.31,41400.0,18.6,41400.0,5.38,2026-08-28,13,1910,8609.0,102.67,"1x 2BR, 2x 3BR, 1x 4BR"
Arlington,2476,1075000.0,2.0,537500.0,2644,406.58,,,,,2026-08-28,19,1916,11252.0,108.04,"1x 2BR, 1x 3BR"
Worcester,1610,579000.0,3.0,193000.0,2310,250.65,28800.0,20.1,28800.0,4.97,2026-08-28,35,1880,5379.0,100.0,"2x 2BR, 1x 3BR"
Pawtucket,2860,775000.0,4.0,193750.0,3553,218.13,,,,,2026-08-28,39,1900,6756.0,98.11,"2x 1BR, 2x 2BR"
Malden,2148,890000.0,2.0,445000.0,2236,398.03,41652.0,21.37,41652.0,4.68,2026-08-28,19,1910,8922.0,101.14,"1x 2BR, 1x 3BR"
Haverhill,1830,935000.0,3.0,311666.67,3408,274.35,81600.0,11.46,81600.0,8.73,2026-08-28,22,1880,8211.0,106.86,3x 3BR
Somerset,2726,723200.0,2.0,361600.0,2709,266.96,,,,,2026-08-28,28,1920,6228.0,96.56,2x 2BR
Taunton,2780,625000.0,3.0,208333.33,1843,339.12,,,,,2026-08-28,34,1900,4760.0,100.0,"1x 1BR, 2x 2BR"
New Bedford,2740,640000.0,1.0,640000.0,2826,226.47,52800.0,12.12,52800.0,8.25,2026-08-28,21,1893,6145.0,100.02,3x 3BR
Haverhill,1830,950000.0,3.0,316666.67,5263,180.51,14400.0,65.97,14400.0,1.52,2026-08-28,22,1912,13420.0,100.11,"1x 1BR, 1x 3BR, 1x 4BR"
Worcester,1604,760000.0,3.0,253333.33,3528,215.42,81000.0,9.38,81000.0,10.66,2026-08-28,32,1910,7819.0,101.47,3x 2BR
Waltham,2451,1145000.0,2.0,572500.0,3717,308.04,,,,,2026-08-28,10,1900,9665.0,99.65,"1x 2BR, 1x 4BR"
Arlington,2474,1100000.0,2.0,550000.0,2398,458.72,,,,,2026-08-28,7,1915,10975.0,104.76,"1x 2BR, 1x 3BR"
Bellingham,2019,570000.0,2.0,285000.0,2048,278.32,,,,,2026-08-28,42,1986,5489.0,95.16,2x 2BR
Milford,1757,399000.0,2.0,199500.0,2240,178.13,,,,,2026-08-28,2,1900,5009.0,93.88,"1x 2BR, 1x 3BR"
Westhampton,1027,390000.0,2.0,195000.0,1958,199.18,14400.0,27.08,14400.0,3.69,2026-08-28,21,1956,5206.0,111.43,2x 2BR
Fitchburg,1420,570000.0,1.0,570000.0,2288,249.13,46800.0,12.18,46800.0,8.21,2026-08-28,57,1890,5335.0,100.0,2x 3BR
Gloucester,1930,595000.0,2.0,297500.0,1405,423.49,,,,,2026-08-28,82,1900,4273.0,95.98,"1x 1BR, 1x 3BR"
Leicester,1611,560000.0,2.0,280000.0,2576,217.39,49200.0,11.38,49200.0,8.79,2026-08-28,77,1800,3183.0,99.12,"1x 2BR, 1x 3BR"
Rockland,2370,725000.0,2.0,362500.0,2454,295.44,,,,,2026-08-28,21,1910,8028.0,104.32,"1x 2BR, 1x 4BR"
Leominster,1453,700000.0,5.0,140000.0,5042,138.83,73200.0,9.56,64473.0,9.21,2026-08-28,23,1900,9328.0,100.0,5x 2BR
Springfield,1104,370000.0,2.0,185000.0,2328,158.93,31200.0,11.86,31200.0,8.43,2026-08-28,9,1924,3039.0,105.74,2x 3BR
Springfield,1109,410000.0,2.0,205000.0,2484,165.06,39000.0,10.51,39000.0,9.51,2026-08-28,34,1907,3870.0,100.02,"1x 2BR, 1x 6BR"
Lynn,1902,530000.0,2.0,265000.0,1776,298.42,,,,,2026-08-28,63,1900,6650.0,96.36,2x 2BR
Worcester,1604,520000.0,2.0,260000.0,1720,302.33,18000.0,28.89,18000.0,3.46,2026-08-28,25,1920,5491.0,94.55,"1x 1BR, 1x 3BR"
Salem,1970,850000.0,2.0,425000.0,3214,264.47,,,,,2026-08-28,7,1870,6388.0,106.26,"1x 4BR, 1x 5BR"
Boston,2135,2250000.0,3.0,750000.0,5489,409.91,158940.0,14.16,158940.0,7.06,2026-08-28,21,1920,18512.0,86.54,"1x 0BR, 1x 2BR, 1x 4BR, 1x 5BR"
Somerville,2145,1080000.0,2.0,540000.0,2665,405.25,45000.0,24.0,45000.0,4.17,2026-08-28,84,1900,11299.0,98.27,"1x 2BR, 1x 4BR"
Northborough,1532,610000.0,2.0,305000.0,2070,294.69,19200.0,31.77,19200.0,3.15,2026-08-31,65,1849,7733.0,93.86,2x 2BR
Eastham,2642,650000.0,2.0,325000.0,2258,287.87,,,,,2026-08-31,103,1950,5319.0,87.25,"1x 1BR, 1x 3BR"
Haverhill,1835,640000.0,2.0,320000.0,2399,266.78,28800.0,22.22,28800.0,4.5,2026-08-31,20,1900,5487.0,106.67,2x 2BR
New Bedford,2740,675000.0,3.0,225000.0,3357,201.07,31800.0,21.23,31800.0,4.71,2026-08-31,14,1893,5985.0,100.0,3x 3BR
Grafton,1560,1100000.0,4.0,275000.0,4224,260.42,116604.0,9.43,116604.0,10.6,2026-08-31,55,1920,9246.91,100.92,"3x 3BR, 1x 4BR"
Lawrence,1841,915000.0,2.0,457500.0,2973,307.77,,,,,2026-08-31,18,1900,4882.0,101.78,2x 2BR
Lawrence,1841,900000.0,2.0,450000.0,3256,276.41,,,,,2026-08-31,7,1900,6728.0,105.89,2x 3BR
Springfield,1109,457500.0,2.0,228750.0,3144,145.52,,,,,2026-08-31,20,1909,5151.0,110.24,"1x 2BR, 1x 5BR"
Brockton,2301,643200.0,2.0,321600.0,2402,267.78,62400.0,10.31,62400.0,9.7,2026-08-31,55,1930,8300.0,96.14,"1x 2BR, 1x 4BR"
Wrentham,2093,1160000.0,2.0,580000.0,4176,277.78,30000.0,38.67,30000.0,2.59,2026-08-31,17,1910,9560.0,96.67,"1x 1BR, 1x 4BR"
Deerfield,1342,346000.0,2.0,173000.0,2469,140.14,43440.0,7.97,43440.0,12.55,2026-08-31,8,1830,5785.0,91.29,"2x 1BR, 1x 2BR"
East Providence,2915,375000.0,2.0,187500.0,1680,223.21,,,,,2026-08-31,9,1962,6058.0,88.26,2x 2BR
Melrose,2176,1170000.0,3.0,390000.0,3027,386.52,,,,,2026-08-31,50,1890,9196.0,97.58,"1x 1BR, 2x 2BR"
Taunton,2780,508547.0,2.0,254273.5,2371,214.49,12000.0,42.38,12000.0,2.36,2026-08-31,36,1900,5009.0,99.72,"1x 2BR, 1x 4BR"
Lowell,1850,736900.0,2.0,368450.0,2723,270.62,26400.0,27.91,26400.0,3.58,2026-08-31,79,1925,7050.62,101.66,2x 3BR
Newburyport,1950,1775000.0,6.0,295833.33,4410,402.49,156420.0,11.35,114682.0,6.46,2026-08-31,9,1800,14379.0,100.0,"2x 0BR, 3x 1BR"
Westport,2790,565000.0,2.0,282500.0,2014,280.54,,,,,2026-08-31,66,1970,3161.0,90.4,2x 2BR
Boston,2124,965000.0,3.0,321666.67,3321,290.58,,,,,2026-08-31,3,1910,8257.0,101.58,3x 2BR
Fall River,2721,450000.0,3.0,150000.0,3240,138.89,19200.0,23.44,19200.0,4.27,2026-08-31,13,1900,5924.0,96.77,3x 2BR
Watertown,2472,900000.0,2.0,450000.0,2236,402.5,58200.0,15.46,58200.0,6.47,2026-08-31,97,1920,11805.0,94.24,2x 2BR
New Bedford,2746,600000.0,2.0,300000.0,2316,259.07,,,,,2026-08-31,71,1905,4522.0,100.0,2x 3BR
Haverhill,1830,795000.0,2.0,397500.0,2421,328.38,,,,,2026-08-31,67,1900,5103.0,99.39,"1x 2BR, 1x 5BR"
New Bedford,2745,534000.0,3.0,178000.0,1791,298.16,54000.0,9.89,54000.0,10.11,2026-08-31,84,1908,5066.0,100.0,"1x 1BR, 2x 2BR"
Quincy,2169,825000.0,2.0,412500.0,2160,381.94,23976.0,34.41,23976.0,2.91,2026-08-31,12,1880,8852.0,104.56,2x 2BR
Abington,2351,599900.0,2.0,299950.0,1587,378.01,,,,,2026-08-31,75,1912,6715.0,100.0,"1x 1BR, 1x 2BR"
Easton,2375,805000.0,2.0,402500.0,2389,336.96,72000.0,11.18,72000.0,8.94,2026-08-31,7,1920,6637.0,107.35,"1x 2BR, 1x 3BR"
Malden,2148,1150000.0,3.0,383333.33,3591,320.25,14400.0,79.86,14400.0,1.25,2026-08-31,21,1900,12844.0,100.0,"1x 0BR, 1x 3BR, 1x 4BR"
Westport,2790,655000.0,2.0,327500.0,2892,226.49,,,,,2026-08-31,45,1900,4060.0,100.78,2x 3BR
Lowell,1850,625000.0,2.0,312500.0,1862,335.66,43200.0,14.47,43200.0,6.91,2026-08-31,18,1967,5448.0,100.0,2x 2BR
Lynn,1902,1100000.0,3.0,366666.67,4846,226.99,75600.0,14.55,75600.0,6.87,2026-08-31,37,1910,13028.0,100.0,"2x 2BR, 1x 3BR"
Lowell,1852,595500.0,2.0,297750.0,1467,405.93,60000.0,9.93,60000.0,10.08,2026-08-31,23,1900,4372.0,108.27,2x 2BR
Wellesley,2482,2100000.0,2.0,1050000.0,2628,799.09,,,,,2026-08-31,45,1899,14339.0,97.67,"1x 1BR, 1x 4BR"
